ISO-10303-21;
HEADER;
/* Generated by software containing ST-Developer
 * from STEP Tools, Inc. (www.steptools.com) 
 */

FILE_DESCRIPTION(
/* description */ (''),
/* implementation_level */ '2;1');

FILE_NAME(
/* name */ 'casetop.step',
/* time_stamp */ '2026-09-10T21:17:07-04:00',
/* author */ (''),
/* organization */ (''),
/* preprocessor_version */ 'ST-DEVELOPER v20.1',
/* originating_system */ 'Autodesk Translation Framework v15.8.0.0',
/* authorisation */ '');

FILE_SCHEMA (('AUTOMOTIVE_DESIGN { 1 0 10303 214 3 1 1 }'));
ENDSEC;

DATA;
#10=MECHANICAL_DESIGN_GEOMETRIC_PRESENTATION_REPRESENTATION('',(#13),#3664);
#11=SHAPE_REPRESENTATION_RELATIONSHIP('SRR','None',#3671,#12);
#12=ADVANCED_BREP_SHAPE_REPRESENTATION('',(#14),#3663);
#13=STYLED_ITEM('',(#3680),#14);
#14=MANIFOLD_SOLID_BREP('Body3',#2060);
#15=SPHERICAL_SURFACE('',#2188,3.);
#16=SPHERICAL_SURFACE('',#2192,3.);
#17=B_SPLINE_SURFACE_WITH_KNOTS('',3,3,((#3244,#3245,#3246,#3247,#3248),
(#3249,#3250,#3251,#3252,#3253),(#3254,#3255,#3256,#3257,#3258),(#3259,
#3260,#3261,#3262,#3263),(#3264,#3265,#3266,#3267,#3268)),.UNSPECIFIED.,
 .F.,.F.,.F.,(4,1,4),(4,1,4),(0.,0.571428571428571,1.),(0.643500243337646,
1.04091286520671,1.57079636103213),.UNSPECIFIED.);
#18=B_SPLINE_SURFACE_WITH_KNOTS('',3,3,((#3506,#3507,#3508,#3509,#3510),
(#3511,#3512,#3513,#3514,#3515),(#3516,#3517,#3518,#3519,#3520),(#3521,
#3522,#3523,#3524,#3525),(#3526,#3527,#3528,#3529,#3530)),.UNSPECIFIED.,
 .F.,.F.,.F.,(4,1,4),(4,1,4),(0.,0.571428571428571,1.),(-1.57079636103213,
-1.14845685957416,-0.585337524296857),.UNSPECIFIED.);
#19=FACE_BOUND('',#191,.T.);
#20=FACE_BOUND('',#192,.T.);
#21=FACE_BOUND('',#193,.T.);
#22=FACE_BOUND('',#194,.T.);
#23=FACE_BOUND('',#197,.T.);
#24=FACE_BOUND('',#198,.T.);
#25=FACE_BOUND('',#199,.T.);
#26=FACE_BOUND('',#200,.T.);
#27=FACE_BOUND('',#205,.T.);
#28=FACE_BOUND('',#206,.T.);
#29=FACE_BOUND('',#207,.T.);
#30=FACE_BOUND('',#208,.T.);
#31=FACE_BOUND('',#217,.T.);
#32=FACE_BOUND('',#218,.T.);
#33=FACE_BOUND('',#219,.T.);
#34=FACE_BOUND('',#220,.T.);
#35=FACE_BOUND('',#221,.T.);
#36=FACE_BOUND('',#222,.T.);
#37=FACE_BOUND('',#223,.T.);
#38=FACE_BOUND('',#224,.T.);
#39=FACE_BOUND('',#225,.T.);
#40=FACE_BOUND('',#226,.T.);
#41=PLANE('',#2077);
#42=PLANE('',#2107);
#43=PLANE('',#2113);
#44=PLANE('',#2119);
#45=PLANE('',#2123);
#46=PLANE('',#2124);
#47=PLANE('',#2125);
#48=PLANE('',#2128);
#49=PLANE('',#2139);
#50=PLANE('',#2177);
#51=PLANE('',#2178);
#52=PLANE('',#2179);
#53=PLANE('',#2180);
#54=PLANE('',#2181);
#55=PLANE('',#2182);
#56=PLANE('',#2183);
#57=PLANE('',#2184);
#58=PLANE('',#2185);
#59=PLANE('',#2197);
#60=PLANE('',#2199);
#61=PLANE('',#2201);
#62=PLANE('',#2202);
#63=PLANE('',#2204);
#64=PLANE('',#2206);
#65=PLANE('',#2207);
#66=PLANE('',#2209);
#67=PLANE('',#2211);
#68=PLANE('',#2213);
#69=PLANE('',#2215);
#70=PLANE('',#2217);
#71=PLANE('',#2219);
#72=PLANE('',#2221);
#73=PLANE('',#2224);
#74=PLANE('',#2226);
#75=PLANE('',#2228);
#76=PLANE('',#2230);
#77=PLANE('',#2232);
#78=PLANE('',#2234);
#79=PLANE('',#2236);
#80=PLANE('',#2238);
#81=PLANE('',#2240);
#82=PLANE('',#2243);
#83=PLANE('',#2245);
#84=PLANE('',#2247);
#85=PLANE('',#2249);
#86=PLANE('',#2251);
#87=PLANE('',#2253);
#88=PLANE('',#2255);
#89=PLANE('',#2257);
#90=PLANE('',#2259);
#91=FACE_OUTER_BOUND('',#189,.T.);
#92=FACE_OUTER_BOUND('',#190,.T.);
#93=FACE_OUTER_BOUND('',#195,.T.);
#94=FACE_OUTER_BOUND('',#196,.T.);
#95=FACE_OUTER_BOUND('',#201,.T.);
#96=FACE_OUTER_BOUND('',#202,.T.);
#97=FACE_OUTER_BOUND('',#203,.T.);
#98=FACE_OUTER_BOUND('',#204,.T.);
#99=FACE_OUTER_BOUND('',#209,.T.);
#100=FACE_OUTER_BOUND('',#210,.T.);
#101=FACE_OUTER_BOUND('',#211,.T.);
#102=FACE_OUTER_BOUND('',#212,.T.);
#103=FACE_OUTER_BOUND('',#213,.T.);
#104=FACE_OUTER_BOUND('',#214,.T.);
#105=FACE_OUTER_BOUND('',#215,.T.);
#106=FACE_OUTER_BOUND('',#216,.T.);
#107=FACE_OUTER_BOUND('',#227,.T.);
#108=FACE_OUTER_BOUND('',#228,.T.);
#109=FACE_OUTER_BOUND('',#229,.T.);
#110=FACE_OUTER_BOUND('',#230,.T.);
#111=FACE_OUTER_BOUND('',#231,.T.);
#112=FACE_OUTER_BOUND('',#232,.T.);
#113=FACE_OUTER_BOUND('',#233,.T.);
#114=FACE_OUTER_BOUND('',#234,.T.);
#115=FACE_OUTER_BOUND('',#235,.T.);
#116=FACE_OUTER_BOUND('',#236,.T.);
#117=FACE_OUTER_BOUND('',#237,.T.);
#118=FACE_OUTER_BOUND('',#238,.T.);
#119=FACE_OUTER_BOUND('',#239,.T.);
#120=FACE_OUTER_BOUND('',#240,.T.);
#121=FACE_OUTER_BOUND('',#241,.T.);
#122=FACE_OUTER_BOUND('',#242,.T.);
#123=FACE_OUTER_BOUND('',#243,.T.);
#124=FACE_OUTER_BOUND('',#244,.T.);
#125=FACE_OUTER_BOUND('',#245,.T.);
#126=FACE_OUTER_BOUND('',#246,.T.);
#127=FACE_OUTER_BOUND('',#247,.T.);
#128=FACE_OUTER_BOUND('',#248,.T.);
#129=FACE_OUTER_BOUND('',#249,.T.);
#130=FACE_OUTER_BOUND('',#250,.T.);
#131=FACE_OUTER_BOUND('',#251,.T.);
#132=FACE_OUTER_BOUND('',#252,.T.);
#133=FACE_OUTER_BOUND('',#253,.T.);
#134=FACE_OUTER_BOUND('',#254,.T.);
#135=FACE_OUTER_BOUND('',#255,.T.);
#136=FACE_OUTER_BOUND('',#256,.T.);
#137=FACE_OUTER_BOUND('',#257,.T.);
#138=FACE_OUTER_BOUND('',#258,.T.);
#139=FACE_OUTER_BOUND('',#259,.T.);
#140=FACE_OUTER_BOUND('',#260,.T.);
#141=FACE_OUTER_BOUND('',#261,.T.);
#142=FACE_OUTER_BOUND('',#262,.T.);
#143=FACE_OUTER_BOUND('',#263,.T.);
#144=FACE_OUTER_BOUND('',#264,.T.);
#145=FACE_OUTER_BOUND('',#265,.T.);
#146=FACE_OUTER_BOUND('',#266,.T.);
#147=FACE_OUTER_BOUND('',#267,.T.);
#148=FACE_OUTER_BOUND('',#268,.T.);
#149=FACE_OUTER_BOUND('',#269,.T.);
#150=FACE_OUTER_BOUND('',#270,.T.);
#151=FACE_OUTER_BOUND('',#271,.T.);
#152=FACE_OUTER_BOUND('',#272,.T.);
#153=FACE_OUTER_BOUND('',#273,.T.);
#154=FACE_OUTER_BOUND('',#274,.T.);
#155=FACE_OUTER_BOUND('',#275,.T.);
#156=FACE_OUTER_BOUND('',#276,.T.);
#157=FACE_OUTER_BOUND('',#277,.T.);
#158=FACE_OUTER_BOUND('',#278,.T.);
#159=FACE_OUTER_BOUND('',#279,.T.);
#160=FACE_OUTER_BOUND('',#280,.T.);
#161=FACE_OUTER_BOUND('',#281,.T.);
#162=FACE_OUTER_BOUND('',#282,.T.);
#163=FACE_OUTER_BOUND('',#283,.T.);
#164=FACE_OUTER_BOUND('',#284,.T.);
#165=FACE_OUTER_BOUND('',#285,.T.);
#166=FACE_OUTER_BOUND('',#286,.T.);
#167=FACE_OUTER_BOUND('',#287,.T.);
#168=FACE_OUTER_BOUND('',#288,.T.);
#169=FACE_OUTER_BOUND('',#289,.T.);
#170=FACE_OUTER_BOUND('',#290,.T.);
#171=FACE_OUTER_BOUND('',#291,.T.);
#172=FACE_OUTER_BOUND('',#292,.T.);
#173=FACE_OUTER_BOUND('',#293,.T.);
#174=FACE_OUTER_BOUND('',#294,.T.);
#175=FACE_OUTER_BOUND('',#295,.T.);
#176=FACE_OUTER_BOUND('',#296,.T.);
#177=FACE_OUTER_BOUND('',#297,.T.);
#178=FACE_OUTER_BOUND('',#298,.T.);
#179=FACE_OUTER_BOUND('',#299,.T.);
#180=FACE_OUTER_BOUND('',#300,.T.);
#181=FACE_OUTER_BOUND('',#301,.T.);
#182=FACE_OUTER_BOUND('',#302,.T.);
#183=FACE_OUTER_BOUND('',#303,.T.);
#184=FACE_OUTER_BOUND('',#304,.T.);
#185=FACE_OUTER_BOUND('',#305,.T.);
#186=FACE_OUTER_BOUND('',#306,.T.);
#187=FACE_OUTER_BOUND('',#307,.T.);
#188=FACE_OUTER_BOUND('',#308,.T.);
#189=EDGE_LOOP('',(#1310,#1311,#1312,#1313,#1314,#1315));
#190=EDGE_LOOP('',(#1316,#1317,#1318,#1319,#1320,#1321,#1322,#1323,#1324,
#1325,#1326,#1327,#1328,#1329,#1330,#1331,#1332,#1333,#1334,#1335,#1336,
#1337,#1338,#1339,#1340,#1341,#1342,#1343,#1344,#1345,#1346,#1347,#1348));
#191=EDGE_LOOP('',(#1349,#1350,#1351,#1352,#1353,#1354,#1355,#1356));
#192=EDGE_LOOP('',(#1357,#1358,#1359,#1360,#1361,#1362,#1363,#1364));
#193=EDGE_LOOP('',(#1365,#1366,#1367,#1368,#1369,#1370,#1371,#1372));
#194=EDGE_LOOP('',(#1373,#1374,#1375,#1376,#1377,#1378,#1379,#1380));
#195=EDGE_LOOP('',(#1381,#1382,#1383,#1384));
#196=EDGE_LOOP('',(#1385,#1386,#1387,#1388,#1389,#1390,#1391,#1392,#1393,
#1394,#1395,#1396));
#197=EDGE_LOOP('',(#1397));
#198=EDGE_LOOP('',(#1398));
#199=EDGE_LOOP('',(#1399,#1400,#1401,#1402));
#200=EDGE_LOOP('',(#1403,#1404,#1405,#1406));
#201=EDGE_LOOP('',(#1407,#1408,#1409,#1410));
#202=EDGE_LOOP('',(#1411,#1412,#1413,#1414));
#203=EDGE_LOOP('',(#1415,#1416,#1417,#1418,#1419,#1420,#1421));
#204=EDGE_LOOP('',(#1422,#1423,#1424,#1425,#1426,#1427,#1428,#1429,#1430));
#205=EDGE_LOOP('',(#1431,#1432,#1433,#1434));
#206=EDGE_LOOP('',(#1435,#1436,#1437,#1438));
#207=EDGE_LOOP('',(#1439));
#208=EDGE_LOOP('',(#1440));
#209=EDGE_LOOP('',(#1441,#1442,#1443,#1444));
#210=EDGE_LOOP('',(#1445,#1446,#1447));
#211=EDGE_LOOP('',(#1448,#1449,#1450,#1451));
#212=EDGE_LOOP('',(#1452,#1453,#1454,#1455,#1456,#1457));
#213=EDGE_LOOP('',(#1458,#1459,#1460,#1461));
#214=EDGE_LOOP('',(#1462,#1463,#1464,#1465,#1466,#1467,#1468,#1469,#1470,
#1471,#1472,#1473,#1474,#1475,#1476,#1477,#1478,#1479,#1480,#1481,#1482,
#1483,#1484,#1485,#1486,#1487,#1488,#1489));
#215=EDGE_LOOP('',(#1490,#1491,#1492,#1493,#1494,#1495,#1496));
#216=EDGE_LOOP('',(#1497,#1498,#1499,#1500,#1501,#1502,#1503,#1504,#1505,
#1506,#1507,#1508));
#217=EDGE_LOOP('',(#1509));
#218=EDGE_LOOP('',(#1510,#1511,#1512,#1513,#1514,#1515,#1516,#1517));
#219=EDGE_LOOP('',(#1518,#1519,#1520,#1521,#1522,#1523,#1524,#1525));
#220=EDGE_LOOP('',(#1526,#1527,#1528,#1529,#1530,#1531,#1532,#1533));
#221=EDGE_LOOP('',(#1534,#1535,#1536,#1537,#1538,#1539,#1540,#1541));
#222=EDGE_LOOP('',(#1542,#1543,#1544,#1545,#1546,#1547,#1548,#1549));
#223=EDGE_LOOP('',(#1550,#1551,#1552,#1553,#1554,#1555,#1556,#1557));
#224=EDGE_LOOP('',(#1558,#1559,#1560,#1561,#1562,#1563,#1564,#1565));
#225=EDGE_LOOP('',(#1566,#1567,#1568,#1569,#1570,#1571,#1572,#1573));
#226=EDGE_LOOP('',(#1574));
#227=EDGE_LOOP('',(#1575,#1576,#1577,#1578));
#228=EDGE_LOOP('',(#1579,#1580,#1581,#1582));
#229=EDGE_LOOP('',(#1583,#1584,#1585,#1586));
#230=EDGE_LOOP('',(#1587,#1588,#1589,#1590));
#231=EDGE_LOOP('',(#1591,#1592,#1593,#1594));
#232=EDGE_LOOP('',(#1595,#1596,#1597,#1598));
#233=EDGE_LOOP('',(#1599,#1600,#1601,#1602));
#234=EDGE_LOOP('',(#1603,#1604,#1605,#1606));
#235=EDGE_LOOP('',(#1607,#1608,#1609,#1610));
#236=EDGE_LOOP('',(#1611,#1612,#1613,#1614));
#237=EDGE_LOOP('',(#1615,#1616,#1617,#1618));
#238=EDGE_LOOP('',(#1619,#1620,#1621,#1622,#1623,#1624,#1625));
#239=EDGE_LOOP('',(#1626,#1627,#1628));
#240=EDGE_LOOP('',(#1629,#1630,#1631,#1632));
#241=EDGE_LOOP('',(#1633,#1634,#1635));
#242=EDGE_LOOP('',(#1636,#1637,#1638,#1639,#1640,#1641));
#243=EDGE_LOOP('',(#1642,#1643,#1644,#1645,#1646,#1647));
#244=EDGE_LOOP('',(#1648,#1649,#1650,#1651,#1652,#1653));
#245=EDGE_LOOP('',(#1654,#1655,#1656,#1657,#1658));
#246=EDGE_LOOP('',(#1659,#1660,#1661,#1662));
#247=EDGE_LOOP('',(#1663,#1664,#1665,#1666));
#248=EDGE_LOOP('',(#1667,#1668,#1669,#1670));
#249=EDGE_LOOP('',(#1671,#1672,#1673,#1674,#1675));
#250=EDGE_LOOP('',(#1676,#1677,#1678,#1679,#1680));
#251=EDGE_LOOP('',(#1681,#1682,#1683,#1684));
#252=EDGE_LOOP('',(#1685,#1686,#1687,#1688));
#253=EDGE_LOOP('',(#1689,#1690,#1691,#1692));
#254=EDGE_LOOP('',(#1693,#1694,#1695,#1696,#1697));
#255=EDGE_LOOP('',(#1698,#1699,#1700,#1701));
#256=EDGE_LOOP('',(#1702,#1703,#1704,#1705));
#257=EDGE_LOOP('',(#1706,#1707,#1708,#1709));
#258=EDGE_LOOP('',(#1710,#1711,#1712,#1713));
#259=EDGE_LOOP('',(#1714,#1715,#1716,#1717));
#260=EDGE_LOOP('',(#1718,#1719,#1720,#1721));
#261=EDGE_LOOP('',(#1722,#1723,#1724,#1725));
#262=EDGE_LOOP('',(#1726,#1727,#1728,#1729));
#263=EDGE_LOOP('',(#1730,#1731,#1732,#1733,#1734));
#264=EDGE_LOOP('',(#1735,#1736,#1737,#1738));
#265=EDGE_LOOP('',(#1739,#1740,#1741,#1742));
#266=EDGE_LOOP('',(#1743,#1744,#1745,#1746));
#267=EDGE_LOOP('',(#1747,#1748,#1749,#1750,#1751));
#268=EDGE_LOOP('',(#1752,#1753,#1754,#1755));
#269=EDGE_LOOP('',(#1756,#1757,#1758,#1759));
#270=EDGE_LOOP('',(#1760,#1761,#1762,#1763));
#271=EDGE_LOOP('',(#1764,#1765,#1766,#1767));
#272=EDGE_LOOP('',(#1768,#1769,#1770,#1771));
#273=EDGE_LOOP('',(#1772,#1773,#1774,#1775));
#274=EDGE_LOOP('',(#1776,#1777,#1778,#1779));
#275=EDGE_LOOP('',(#1780,#1781,#1782,#1783));
#276=EDGE_LOOP('',(#1784,#1785,#1786,#1787));
#277=EDGE_LOOP('',(#1788,#1789,#1790,#1791));
#278=EDGE_LOOP('',(#1792,#1793,#1794,#1795));
#279=EDGE_LOOP('',(#1796,#1797,#1798,#1799));
#280=EDGE_LOOP('',(#1800,#1801,#1802,#1803));
#281=EDGE_LOOP('',(#1804,#1805,#1806,#1807));
#282=EDGE_LOOP('',(#1808,#1809,#1810,#1811));
#283=EDGE_LOOP('',(#1812,#1813,#1814,#1815));
#284=EDGE_LOOP('',(#1816,#1817,#1818,#1819));
#285=EDGE_LOOP('',(#1820,#1821,#1822,#1823));
#286=EDGE_LOOP('',(#1824,#1825,#1826,#1827));
#287=EDGE_LOOP('',(#1828,#1829,#1830,#1831));
#288=EDGE_LOOP('',(#1832,#1833,#1834,#1835));
#289=EDGE_LOOP('',(#1836,#1837,#1838,#1839));
#290=EDGE_LOOP('',(#1840,#1841,#1842,#1843));
#291=EDGE_LOOP('',(#1844,#1845,#1846,#1847));
#292=EDGE_LOOP('',(#1848,#1849,#1850,#1851));
#293=EDGE_LOOP('',(#1852,#1853,#1854,#1855,#1856));
#294=EDGE_LOOP('',(#1857,#1858,#1859,#1860));
#295=EDGE_LOOP('',(#1861,#1862,#1863,#1864));
#296=EDGE_LOOP('',(#1865,#1866,#1867,#1868));
#297=EDGE_LOOP('',(#1869,#1870,#1871,#1872,#1873));
#298=EDGE_LOOP('',(#1874,#1875,#1876,#1877));
#299=EDGE_LOOP('',(#1878,#1879,#1880,#1881));
#300=EDGE_LOOP('',(#1882,#1883,#1884,#1885));
#301=EDGE_LOOP('',(#1886,#1887,#1888,#1889));
#302=EDGE_LOOP('',(#1890,#1891,#1892,#1893));
#303=EDGE_LOOP('',(#1894,#1895,#1896,#1897));
#304=EDGE_LOOP('',(#1898,#1899,#1900,#1901));
#305=EDGE_LOOP('',(#1902,#1903,#1904,#1905));
#306=EDGE_LOOP('',(#1906,#1907,#1908,#1909));
#307=EDGE_LOOP('',(#1910,#1911,#1912,#1913));
#308=EDGE_LOOP('',(#1914,#1915,#1916,#1917));
#309=LINE('',#2849,#500);
#310=LINE('',#2853,#501);
#311=LINE('',#2855,#502);
#312=LINE('',#2857,#503);
#313=LINE('',#2863,#504);
#314=LINE('',#2865,#505);
#315=LINE('',#2867,#506);
#316=LINE('',#2871,#507);
#317=LINE('',#2875,#508);
#318=LINE('',#2877,#509);
#319=LINE('',#2879,#510);
#320=LINE('',#2883,#511);
#321=LINE('',#2887,#512);
#322=LINE('',#2889,#513);
#323=LINE('',#2891,#514);
#324=LINE('',#2895,#515);
#325=LINE('',#2899,#516);
#326=LINE('',#2901,#517);
#327=LINE('',#2903,#518);
#328=LINE('',#2907,#519);
#329=LINE('',#2911,#520);
#330=LINE('',#2913,#521);
#331=LINE('',#2914,#522);
#332=LINE('',#2919,#523);
#333=LINE('',#2923,#524);
#334=LINE('',#2927,#525);
#335=LINE('',#2930,#526);
#336=LINE('',#2935,#527);
#337=LINE('',#2939,#528);
#338=LINE('',#2943,#529);
#339=LINE('',#2946,#530);
#340=LINE('',#2951,#531);
#341=LINE('',#2955,#532);
#342=LINE('',#2959,#533);
#343=LINE('',#2962,#534);
#344=LINE('',#2967,#535);
#345=LINE('',#2971,#536);
#346=LINE('',#2975,#537);
#347=LINE('',#2978,#538);
#348=LINE('',#2984,#539);
#349=LINE('',#2987,#540);
#350=LINE('',#2990,#541);
#351=LINE('',#2994,#542);
#352=LINE('',#2996,#543);
#353=LINE('',#3000,#544);
#354=LINE('',#3013,#545);
#355=LINE('',#3025,#546);
#356=LINE('',#3032,#547);
#357=LINE('',#3034,#548);
#358=LINE('',#3036,#549);
#359=LINE('',#3037,#550);
#360=LINE('',#3040,#551);
#361=LINE('',#3042,#552);
#362=LINE('',#3044,#553);
#363=LINE('',#3045,#554);
#364=LINE('',#3048,#555);
#365=LINE('',#3049,#556);
#366=LINE('',#3053,#557);
#367=LINE('',#3063,#558);
#368=LINE('',#3065,#559);
#369=LINE('',#3069,#560);
#370=LINE('',#3073,#561);
#371=LINE('',#3076,#562);
#372=LINE('',#3078,#563);
#373=LINE('',#3079,#564);
#374=LINE('',#3082,#565);
#375=LINE('',#3084,#566);
#376=LINE('',#3086,#567);
#377=LINE('',#3087,#568);
#378=LINE('',#3090,#569);
#379=LINE('',#3092,#570);
#380=LINE('',#3094,#571);
#381=LINE('',#3095,#572);
#382=LINE('',#3101,#573);
#383=LINE('',#3112,#574);
#384=LINE('',#3113,#575);
#385=LINE('',#3117,#576);
#386=LINE('',#3145,#577);
#387=LINE('',#3172,#578);
#388=LINE('',#3199,#579);
#389=LINE('',#3226,#580);
#390=LINE('',#3322,#581);
#391=LINE('',#3326,#582);
#392=LINE('',#3329,#583);
#393=LINE('',#3336,#584);
#394=LINE('',#3340,#585);
#395=LINE('',#3344,#586);
#396=LINE('',#3347,#587);
#397=LINE('',#3352,#588);
#398=LINE('',#3356,#589);
#399=LINE('',#3360,#590);
#400=LINE('',#3363,#591);
#401=LINE('',#3368,#592);
#402=LINE('',#3372,#593);
#403=LINE('',#3376,#594);
#404=LINE('',#3379,#595);
#405=LINE('',#3384,#596);
#406=LINE('',#3388,#597);
#407=LINE('',#3392,#598);
#408=LINE('',#3395,#599);
#409=LINE('',#3400,#600);
#410=LINE('',#3404,#601);
#411=LINE('',#3408,#602);
#412=LINE('',#3411,#603);
#413=LINE('',#3416,#604);
#414=LINE('',#3420,#605);
#415=LINE('',#3424,#606);
#416=LINE('',#3427,#607);
#417=LINE('',#3432,#608);
#418=LINE('',#3436,#609);
#419=LINE('',#3440,#610);
#420=LINE('',#3443,#611);
#421=LINE('',#3448,#612);
#422=LINE('',#3452,#613);
#423=LINE('',#3456,#614);
#424=LINE('',#3459,#615);
#425=LINE('',#3461,#616);
#426=LINE('',#3463,#617);
#427=LINE('',#3465,#618);
#428=LINE('',#3466,#619);
#429=LINE('',#3468,#620);
#430=LINE('',#3470,#621);
#431=LINE('',#3473,#622);
#432=LINE('',#3474,#623);
#433=LINE('',#3476,#624);
#434=LINE('',#3478,#625);
#435=LINE('',#3532,#626);
#436=LINE('',#3534,#627);
#437=LINE('',#3535,#628);
#438=LINE('',#3537,#629);
#439=LINE('',#3539,#630);
#440=LINE('',#3541,#631);
#441=LINE('',#3543,#632);
#442=LINE('',#3545,#633);
#443=LINE('',#3546,#634);
#444=LINE('',#3548,#635);
#445=LINE('',#3550,#636);
#446=LINE('',#3552,#637);
#447=LINE('',#3554,#638);
#448=LINE('',#3556,#639);
#449=LINE('',#3557,#640);
#450=LINE('',#3559,#641);
#451=LINE('',#3561,#642);
#452=LINE('',#3563,#643);
#453=LINE('',#3565,#644);
#454=LINE('',#3567,#645);
#455=LINE('',#3569,#646);
#456=LINE('',#3572,#647);
#457=LINE('',#3573,#648);
#458=LINE('',#3575,#649);
#459=LINE('',#3577,#650);
#460=LINE('',#3579,#651);
#461=LINE('',#3581,#652);
#462=LINE('',#3583,#653);
#463=LINE('',#3585,#654);
#464=LINE('',#3588,#655);
#465=LINE('',#3590,#656);
#466=LINE('',#3593,#657);
#467=LINE('',#3594,#658);
#468=LINE('',#3596,#659);
#469=LINE('',#3598,#660);
#470=LINE('',#3600,#661);
#471=LINE('',#3602,#662);
#472=LINE('',#3604,#663);
#473=LINE('',#3606,#664);
#474=LINE('',#3609,#665);
#475=LINE('',#3610,#666);
#476=LINE('',#3612,#667);
#477=LINE('',#3614,#668);
#478=LINE('',#3616,#669);
#479=LINE('',#3618,#670);
#480=LINE('',#3620,#671);
#481=LINE('',#3622,#672);
#482=LINE('',#3625,#673);
#483=LINE('',#3627,#674);
#484=LINE('',#3630,#675);
#485=LINE('',#3631,#676);
#486=LINE('',#3633,#677);
#487=LINE('',#3635,#678);
#488=LINE('',#3637,#679);
#489=LINE('',#3639,#680);
#490=LINE('',#3641,#681);
#491=LINE('',#3643,#682);
#492=LINE('',#3646,#683);
#493=LINE('',#3647,#684);
#494=LINE('',#3649,#685);
#495=LINE('',#3651,#686);
#496=LINE('',#3653,#687);
#497=LINE('',#3655,#688);
#498=LINE('',#3657,#689);
#499=LINE('',#3659,#690);
#500=VECTOR('',#2267,2.35);
#501=VECTOR('',#2272,10.);
#502=VECTOR('',#2273,10.);
#503=VECTOR('',#2274,10.);
#504=VECTOR('',#2279,10.);
#505=VECTOR('',#2280,5.);
#506=VECTOR('',#2281,10.);
#507=VECTOR('',#2284,10.);
#508=VECTOR('',#2287,10.);
#509=VECTOR('',#2288,5.);
#510=VECTOR('',#2289,10.);
#511=VECTOR('',#2292,10.);
#512=VECTOR('',#2295,10.);
#513=VECTOR('',#2296,5.);
#514=VECTOR('',#2297,10.);
#515=VECTOR('',#2300,10.);
#516=VECTOR('',#2303,10.);
#517=VECTOR('',#2304,5.);
#518=VECTOR('',#2305,10.);
#519=VECTOR('',#2308,10.);
#520=VECTOR('',#2311,10.);
#521=VECTOR('',#2312,5.);
#522=VECTOR('',#2313,10.);
#523=VECTOR('',#2316,10.);
#524=VECTOR('',#2319,10.);
#525=VECTOR('',#2322,10.);
#526=VECTOR('',#2325,10.);
#527=VECTOR('',#2328,10.);
#528=VECTOR('',#2331,10.);
#529=VECTOR('',#2334,10.);
#530=VECTOR('',#2337,10.);
#531=VECTOR('',#2340,10.);
#532=VECTOR('',#2343,10.);
#533=VECTOR('',#2346,10.);
#534=VECTOR('',#2349,10.);
#535=VECTOR('',#2352,10.);
#536=VECTOR('',#2355,10.);
#537=VECTOR('',#2358,10.);
#538=VECTOR('',#2361,10.);
#539=VECTOR('',#2366,10.);
#540=VECTOR('',#2369,10.);
#541=VECTOR('',#2372,10.);
#542=VECTOR('',#2375,10.);
#543=VECTOR('',#2376,10.);
#544=VECTOR('',#2379,10.);
#545=VECTOR('',#2380,10.);
#546=VECTOR('',#2383,10.);
#547=VECTOR('',#2388,10.);
#548=VECTOR('',#2389,10.);
#549=VECTOR('',#2390,10.);
#550=VECTOR('',#2391,10.);
#551=VECTOR('',#2392,10.);
#552=VECTOR('',#2393,10.);
#553=VECTOR('',#2394,10.);
#554=VECTOR('',#2395,10.);
#555=VECTOR('',#2398,10.);
#556=VECTOR('',#2399,10.);
#557=VECTOR('',#2404,10.);
#558=VECTOR('',#2407,10.);
#559=VECTOR('',#2408,10.);
#560=VECTOR('',#2411,10.);
#561=VECTOR('',#2416,10.);
#562=VECTOR('',#2419,10.);
#563=VECTOR('',#2420,10.);
#564=VECTOR('',#2421,10.);
#565=VECTOR('',#2422,10.);
#566=VECTOR('',#2423,10.);
#567=VECTOR('',#2424,10.);
#568=VECTOR('',#2425,10.);
#569=VECTOR('',#2426,10.);
#570=VECTOR('',#2427,10.);
#571=VECTOR('',#2428,10.);
#572=VECTOR('',#2429,10.);
#573=VECTOR('',#2436,10.);
#574=VECTOR('',#2441,10.);
#575=VECTOR('',#2442,10.);
#576=VECTOR('',#2447,10.);
#577=VECTOR('',#2454,10.);
#578=VECTOR('',#2459,10.);
#579=VECTOR('',#2464,10.);
#580=VECTOR('',#2469,10.);
#581=VECTOR('',#2476,10.);
#582=VECTOR('',#2479,10.);
#583=VECTOR('',#2482,10.);
#584=VECTOR('',#2487,10.);
#585=VECTOR('',#2490,10.);
#586=VECTOR('',#2493,10.);
#587=VECTOR('',#2496,10.);
#588=VECTOR('',#2499,10.);
#589=VECTOR('',#2502,10.);
#590=VECTOR('',#2505,10.);
#591=VECTOR('',#2508,10.);
#592=VECTOR('',#2511,10.);
#593=VECTOR('',#2514,10.);
#594=VECTOR('',#2517,10.);
#595=VECTOR('',#2520,10.);
#596=VECTOR('',#2523,10.);
#597=VECTOR('',#2526,10.);
#598=VECTOR('',#2529,10.);
#599=VECTOR('',#2532,10.);
#600=VECTOR('',#2535,10.);
#601=VECTOR('',#2538,10.);
#602=VECTOR('',#2541,10.);
#603=VECTOR('',#2544,10.);
#604=VECTOR('',#2547,10.);
#605=VECTOR('',#2550,10.);
#606=VECTOR('',#2553,10.);
#607=VECTOR('',#2556,10.);
#608=VECTOR('',#2559,10.);
#609=VECTOR('',#2562,10.);
#610=VECTOR('',#2565,10.);
#611=VECTOR('',#2568,10.);
#612=VECTOR('',#2571,10.);
#613=VECTOR('',#2574,10.);
#614=VECTOR('',#2577,10.);
#615=VECTOR('',#2580,10.);
#616=VECTOR('',#2583,2.35);
#617=VECTOR('',#2586,2.35);
#618=VECTOR('',#2589,10.);
#619=VECTOR('',#2590,10.);
#620=VECTOR('',#2593,10.);
#621=VECTOR('',#2596,10.);
#622=VECTOR('',#2601,10.);
#623=VECTOR('',#2602,10.);
#624=VECTOR('',#2605,10.);
#625=VECTOR('',#2608,10.);
#626=VECTOR('',#2635,2.35);
#627=VECTOR('',#2638,10.);
#628=VECTOR('',#2639,10.);
#629=VECTOR('',#2642,10.);
#630=VECTOR('',#2645,10.);
#631=VECTOR('',#2648,10.);
#632=VECTOR('',#2651,10.);
#633=VECTOR('',#2654,10.);
#634=VECTOR('',#2655,10.);
#635=VECTOR('',#2658,10.);
#636=VECTOR('',#2661,10.);
#637=VECTOR('',#2664,10.);
#638=VECTOR('',#2667,10.);
#639=VECTOR('',#2670,10.);
#640=VECTOR('',#2671,10.);
#641=VECTOR('',#2674,10.);
#642=VECTOR('',#2677,10.);
#643=VECTOR('',#2680,10.);
#644=VECTOR('',#2683,10.);
#645=VECTOR('',#2686,10.);
#646=VECTOR('',#2689,10.);
#647=VECTOR('',#2694,10.);
#648=VECTOR('',#2695,10.);
#649=VECTOR('',#2698,10.);
#650=VECTOR('',#2701,10.);
#651=VECTOR('',#2704,10.);
#652=VECTOR('',#2707,10.);
#653=VECTOR('',#2710,10.);
#654=VECTOR('',#2713,10.);
#655=VECTOR('',#2718,10.);
#656=VECTOR('',#2721,10.);
#657=VECTOR('',#2726,10.);
#658=VECTOR('',#2727,10.);
#659=VECTOR('',#2730,10.);
#660=VECTOR('',#2733,10.);
#661=VECTOR('',#2736,10.);
#662=VECTOR('',#2739,10.);
#663=VECTOR('',#2742,10.);
#664=VECTOR('',#2745,10.);
#665=VECTOR('',#2750,10.);
#666=VECTOR('',#2751,10.);
#667=VECTOR('',#2754,10.);
#668=VECTOR('',#2757,10.);
#669=VECTOR('',#2760,10.);
#670=VECTOR('',#2763,10.);
#671=VECTOR('',#2766,10.);
#672=VECTOR('',#2769,10.);
#673=VECTOR('',#2774,10.);
#674=VECTOR('',#2777,10.);
#675=VECTOR('',#2782,10.);
#676=VECTOR('',#2783,10.);
#677=VECTOR('',#2786,10.);
#678=VECTOR('',#2789,10.);
#679=VECTOR('',#2792,10.);
#680=VECTOR('',#2795,10.);
#681=VECTOR('',#2798,10.);
#682=VECTOR('',#2801,10.);
#683=VECTOR('',#2806,10.);
#684=VECTOR('',#2807,10.);
#685=VECTOR('',#2810,10.);
#686=VECTOR('',#2813,10.);
#687=VECTOR('',#2816,10.);
#688=VECTOR('',#2819,10.);
#689=VECTOR('',#2822,10.);
#690=VECTOR('',#2825,10.);
#691=CIRCLE('',#2075,2.35);
#692=CIRCLE('',#2076,2.35);
#693=CIRCLE('',#2078,2.35);
#694=CIRCLE('',#2079,2.35);
#695=CIRCLE('',#2080,0.499999999999998);
#696=CIRCLE('',#2081,0.500000000000007);
#697=CIRCLE('',#2082,0.499999999999998);
#698=CIRCLE('',#2083,0.499999999999989);
#699=CIRCLE('',#2084,0.499999999999998);
#700=CIRCLE('',#2085,0.499999999999998);
#701=CIRCLE('',#2086,0.499999999999998);
#702=CIRCLE('',#2087,0.499999999999998);
#703=CIRCLE('',#2088,0.499999999999998);
#704=CIRCLE('',#2089,0.499999999999998);
#705=CIRCLE('',#2090,0.500000000000003);
#706=CIRCLE('',#2091,0.499999999999998);
#707=CIRCLE('',#2092,0.499999999999998);
#708=CIRCLE('',#2093,0.500000000000007);
#709=CIRCLE('',#2094,0.500000000000003);
#710=CIRCLE('',#2095,0.499999999999989);
#711=CIRCLE('',#2096,0.499999999999998);
#712=CIRCLE('',#2097,0.500000000000007);
#713=CIRCLE('',#2098,0.500000000000003);
#714=CIRCLE('',#2099,0.500000000000007);
#715=CIRCLE('',#2100,0.499999999999998);
#716=CIRCLE('',#2101,0.499999999999998);
#717=CIRCLE('',#2102,0.500000000000003);
#718=CIRCLE('',#2103,0.499999999999998);
#719=CIRCLE('',#2105,1.);
#720=CIRCLE('',#2106,1.);
#721=CIRCLE('',#2108,1.);
#722=CIRCLE('',#2109,1.);
#723=CIRCLE('',#2110,1.);
#724=CIRCLE('',#2111,2.35);
#725=CIRCLE('',#2112,2.35);
#726=CIRCLE('',#2115,1.);
#727=CIRCLE('',#2117,1.);
#728=CIRCLE('',#2118,1.);
#729=CIRCLE('',#2120,1.);
#730=CIRCLE('',#2121,2.35);
#731=CIRCLE('',#2122,2.35);
#732=CIRCLE('',#2127,1.);
#733=CIRCLE('',#2130,5.);
#734=CIRCLE('',#2131,5.);
#735=CIRCLE('',#2132,5.);
#736=CIRCLE('',#2133,5.);
#737=CIRCLE('',#2134,5.);
#738=CIRCLE('',#2135,5.);
#739=CIRCLE('',#2136,5.);
#740=CIRCLE('',#2137,5.);
#741=CIRCLE('',#2138,3.);
#742=CIRCLE('',#2140,3.);
#743=CIRCLE('',#2141,3.);
#744=CIRCLE('',#2142,2.35);
#745=CIRCLE('',#2143,0.499999999999998);
#746=CIRCLE('',#2144,0.499999999999998);
#747=CIRCLE('',#2145,0.500000000000003);
#748=CIRCLE('',#2146,0.499999999999998);
#749=CIRCLE('',#2147,0.499999999999998);
#750=CIRCLE('',#2148,0.499999999999989);
#751=CIRCLE('',#2149,0.499999999999998);
#752=CIRCLE('',#2150,0.500000000000007);
#753=CIRCLE('',#2151,0.499999999999998);
#754=CIRCLE('',#2152,0.499999999999998);
#755=CIRCLE('',#2153,0.499999999999998);
#756=CIRCLE('',#2154,0.499999999999998);
#757=CIRCLE('',#2155,0.499999999999998);
#758=CIRCLE('',#2156,0.500000000000007);
#759=CIRCLE('',#2157,0.500000000000003);
#760=CIRCLE('',#2158,0.500000000000007);
#761=CIRCLE('',#2159,0.499999999999998);
#762=CIRCLE('',#2160,0.499999999999989);
#763=CIRCLE('',#2161,0.500000000000003);
#764=CIRCLE('',#2162,0.500000000000007);
#765=CIRCLE('',#2163,0.499999999999998);
#766=CIRCLE('',#2164,0.499999999999998);
#767=CIRCLE('',#2165,0.499999999999998);
#768=CIRCLE('',#2166,0.499999999999998);
#769=CIRCLE('',#2167,0.499999999999998);
#770=CIRCLE('',#2168,0.500000000000007);
#771=CIRCLE('',#2169,0.499999999999998);
#772=CIRCLE('',#2170,0.500000000000007);
#773=CIRCLE('',#2171,0.499999999999998);
#774=CIRCLE('',#2172,0.499999999999998);
#775=CIRCLE('',#2173,0.500000000000003);
#776=CIRCLE('',#2174,0.499999999999998);
#777=CIRCLE('',#2187,3.);
#778=CIRCLE('',#2189,3.);
#779=CIRCLE('',#2191,3.);
#780=CIRCLE('',#2193,3.);
#781=CIRCLE('',#2195,3.);
#782=B_SPLINE_CURVE_WITH_KNOTS('',3,(#2832,#2833,#2834,#2835,#2836,#2837,
#2838,#2839),.UNSPECIFIED.,.F.,.F.,(4,2,2,4),(0.493298579709355,0.511940854145291,
0.629436940826512,0.629446119866879),.UNSPECIFIED.);
#783=B_SPLINE_CURVE_WITH_KNOTS('',3,(#2842,#2843,#2844,#2845,#2846,#2847),
 .UNSPECIFIED.,.F.,.F.,(4,2,4),(0.629446119866879,0.746933027507732,0.765575301943668),
 .UNSPECIFIED.);
#784=B_SPLINE_CURVE_WITH_KNOTS('',3,(#3002,#3003,#3004,#3005,#3006,#3007,
#3008,#3009,#3010,#3011),.UNSPECIFIED.,.F.,.F.,(4,2,2,2,4),(-0.495794772910443,
-0.404119248773049,-0.31221240463864,-0.144754585850265,-0.0605695211604579),
 .UNSPECIFIED.);
#785=B_SPLINE_CURVE_WITH_KNOTS('',3,(#3015,#3016,#3017,#3018,#3019,#3020,
#3021,#3022),.UNSPECIFIED.,.F.,.F.,(4,2,2,4),(-0.26641825688152,-0.191926836668924,
-0.0942590984308485,0.),.UNSPECIFIED.);
#786=B_SPLINE_CURVE_WITH_KNOTS('',3,(#3057,#3058,#3059,#3060,#3061,#3062),
 .UNSPECIFIED.,.F.,.F.,(4,2,4),(-1.08644234477764,-1.07293741965069,-1.01067225815218),
 .UNSPECIFIED.);
#787=B_SPLINE_CURVE_WITH_KNOTS('',3,(#3103,#3104,#3105,#3106,#3107,#3108,
#3109),.UNSPECIFIED.,.F.,.F.,(4,3,4),(-0.199607995476971,-0.197040771862823,
-0.194473548248675),.UNSPECIFIED.);
#788=B_SPLINE_CURVE_WITH_KNOTS('',3,(#3118,#3119,#3120,#3121,#3122,#3123),
 .UNSPECIFIED.,.F.,.F.,(4,2,4),(-1.10684335102094,-1.03783343573007,-1.02898874108777),
 .UNSPECIFIED.);
#789=B_SPLINE_CURVE_WITH_KNOTS('',3,(#3126,#3127,#3128,#3129,#3130),
 .UNSPECIFIED.,.F.,.F.,(4,1,4),(-1.57079636103213,-1.04091286520671,-0.643501142678818),
 .UNSPECIFIED.);
#790=B_SPLINE_CURVE_WITH_KNOTS('',3,(#3134,#3135,#3136,#3137,#3138,#3139,
#3140,#3141,#3142,#3143),.UNSPECIFIED.,.F.,.F.,(4,2,2,2,4),(0.0755147545750678,
0.0946450941362797,0.113775433697492,0.132626097360768,0.151476761024045),
 .UNSPECIFIED.);
#791=B_SPLINE_CURVE_WITH_KNOTS('',3,(#3147,#3148,#3149,#3150,#3151,#3152,
#3153,#3154,#3155,#3156),.UNSPECIFIED.,.F.,.F.,(4,2,2,2,4),(0.151476761024045,
0.170327424687322,0.189178088350598,0.20830842791181,0.227438767473022),
 .UNSPECIFIED.);
#792=B_SPLINE_CURVE_WITH_KNOTS('',3,(#3161,#3162,#3163,#3164,#3165,#3166,
#3167,#3168,#3169,#3170),.UNSPECIFIED.,.F.,.F.,(4,2,2,2,4),(0.0755147545750678,
0.0946450941362798,0.113775433697492,0.132626097360768,0.151476761024045),
 .UNSPECIFIED.);
#793=B_SPLINE_CURVE_WITH_KNOTS('',3,(#3174,#3175,#3176,#3177,#3178,#3179,
#3180,#3181,#3182,#3183),.UNSPECIFIED.,.F.,.F.,(4,2,2,2,4),(0.151476761024045,
0.170327424687321,0.189178088350598,0.20830842791181,0.227438767473022),
 .UNSPECIFIED.);
#794=B_SPLINE_CURVE_WITH_KNOTS('',3,(#3188,#3189,#3190,#3191,#3192,#3193,
#3194,#3195,#3196,#3197),.UNSPECIFIED.,.F.,.F.,(4,2,2,2,4),(0.0755147545750678,
0.0946450941362798,0.113775433697492,0.132626097360768,0.151476761024045),
 .UNSPECIFIED.);
#795=B_SPLINE_CURVE_WITH_KNOTS('',3,(#3201,#3202,#3203,#3204,#3205,#3206,
#3207,#3208,#3209,#3210),.UNSPECIFIED.,.F.,.F.,(4,2,2,2,4),(0.151476761024047,
0.170327424687324,0.189178088350601,0.208308427911814,0.227438767473026),
 .UNSPECIFIED.);
#796=B_SPLINE_CURVE_WITH_KNOTS('',3,(#3215,#3216,#3217,#3218,#3219,#3220,
#3221,#3222,#3223,#3224),.UNSPECIFIED.,.F.,.F.,(4,2,2,2,4),(0.0755147545750678,
0.0946450941362798,0.113775433697492,0.132626097360768,0.151476761024045),
 .UNSPECIFIED.);
#797=B_SPLINE_CURVE_WITH_KNOTS('',3,(#3228,#3229,#3230,#3231,#3232,#3233,
#3234,#3235,#3236,#3237),.UNSPECIFIED.,.F.,.F.,(4,2,2,2,4),(0.151476761024048,
0.170327424687325,0.189178088350602,0.208308427911815,0.227438767473027),
 .UNSPECIFIED.);
#798=B_SPLINE_CURVE_WITH_KNOTS('',3,(#3239,#3240,#3241,#3242,#3243),
 .UNSPECIFIED.,.F.,.F.,(4,1,4),(0.643507637525923,1.14845685957416,1.57079636103213),
 .UNSPECIFIED.);
#799=B_SPLINE_CURVE_WITH_KNOTS('',3,(#3270,#3271,#3272,#3273),
 .UNSPECIFIED.,.F.,.F.,(4,4),(-0.345513208256191,-0.338495481167271),
 .UNSPECIFIED.);
#800=B_SPLINE_CURVE_WITH_KNOTS('',3,(#3275,#3276,#3277,#3278,#3279,#3280,
#3281,#3282,#3283,#3284,#3285,#3286,#3287,#3288,#3289,#3290,#3291,#3292),
 .UNSPECIFIED.,.F.,.F.,(4,2,2,2,2,2,2,2,4),(0.345529665869716,0.465599287979653,
0.532280738568297,0.570571911846826,0.58858115871749,0.593839338870359,
0.596507003053015,0.599168600181676,0.600581904083447),.UNSPECIFIED.);
#801=B_SPLINE_CURVE_WITH_KNOTS('',3,(#3296,#3297,#3298,#3299,#3300,#3301),
 .UNSPECIFIED.,.F.,.F.,(4,2,4),(-0.204541900827404,-0.179153556475654,-0.178047819012394),
 .UNSPECIFIED.);
#802=B_SPLINE_CURVE_WITH_KNOTS('',3,(#3303,#3304,#3305,#3306,#3307,#3308,
#3309,#3310,#3311,#3312,#3313,#3314,#3315,#3316,#3317,#3318,#3319,#3320),
 .UNSPECIFIED.,.F.,.F.,(4,2,2,2,2,2,2,2,4),(0.60058187621299,0.601770861565035,
0.604997899477901,0.610859755317069,0.625395634683991,0.656843943008736,
0.708794188497172,0.815967522364819,0.82606205881769),.UNSPECIFIED.);
#803=B_SPLINE_CURVE_WITH_KNOTS('',3,(#3490,#3491,#3492,#3493,#3494,#3495,
#3496,#3497,#3498,#3499,#3500,#3501,#3502,#3503,#3504),.UNSPECIFIED.,.F.,
 .F.,(4,2,2,3,2,2,4),(-0.21460199078934,-0.181769142718804,-0.090884571359402,
0.,0.0908845713594018,0.181769142718804,0.214601990789344),
 .UNSPECIFIED.);
#804=VERTEX_POINT('',#2830);
#805=VERTEX_POINT('',#2831);
#806=VERTEX_POINT('',#2840);
#807=VERTEX_POINT('',#2848);
#808=VERTEX_POINT('',#2852);
#809=VERTEX_POINT('',#2854);
#810=VERTEX_POINT('',#2856);
#811=VERTEX_POINT('',#2858);
#812=VERTEX_POINT('',#2860);
#813=VERTEX_POINT('',#2862);
#814=VERTEX_POINT('',#2864);
#815=VERTEX_POINT('',#2866);
#816=VERTEX_POINT('',#2868);
#817=VERTEX_POINT('',#2870);
#818=VERTEX_POINT('',#2872);
#819=VERTEX_POINT('',#2874);
#820=VERTEX_POINT('',#2876);
#821=VERTEX_POINT('',#2878);
#822=VERTEX_POINT('',#2880);
#823=VERTEX_POINT('',#2882);
#824=VERTEX_POINT('',#2884);
#825=VERTEX_POINT('',#2886);
#826=VERTEX_POINT('',#2888);
#827=VERTEX_POINT('',#2890);
#828=VERTEX_POINT('',#2892);
#829=VERTEX_POINT('',#2894);
#830=VERTEX_POINT('',#2896);
#831=VERTEX_POINT('',#2898);
#832=VERTEX_POINT('',#2900);
#833=VERTEX_POINT('',#2902);
#834=VERTEX_POINT('',#2904);
#835=VERTEX_POINT('',#2906);
#836=VERTEX_POINT('',#2908);
#837=VERTEX_POINT('',#2910);
#838=VERTEX_POINT('',#2912);
#839=VERTEX_POINT('',#2915);
#840=VERTEX_POINT('',#2916);
#841=VERTEX_POINT('',#2918);
#842=VERTEX_POINT('',#2920);
#843=VERTEX_POINT('',#2922);
#844=VERTEX_POINT('',#2924);
#845=VERTEX_POINT('',#2926);
#846=VERTEX_POINT('',#2928);
#847=VERTEX_POINT('',#2931);
#848=VERTEX_POINT('',#2932);
#849=VERTEX_POINT('',#2934);
#850=VERTEX_POINT('',#2936);
#851=VERTEX_POINT('',#2938);
#852=VERTEX_POINT('',#2940);
#853=VERTEX_POINT('',#2942);
#854=VERTEX_POINT('',#2944);
#855=VERTEX_POINT('',#2947);
#856=VERTEX_POINT('',#2948);
#857=VERTEX_POINT('',#2950);
#858=VERTEX_POINT('',#2952);
#859=VERTEX_POINT('',#2954);
#860=VERTEX_POINT('',#2956);
#861=VERTEX_POINT('',#2958);
#862=VERTEX_POINT('',#2960);
#863=VERTEX_POINT('',#2963);
#864=VERTEX_POINT('',#2964);
#865=VERTEX_POINT('',#2966);
#866=VERTEX_POINT('',#2968);
#867=VERTEX_POINT('',#2970);
#868=VERTEX_POINT('',#2972);
#869=VERTEX_POINT('',#2974);
#870=VERTEX_POINT('',#2976);
#871=VERTEX_POINT('',#2980);
#872=VERTEX_POINT('',#2981);
#873=VERTEX_POINT('',#2983);
#874=VERTEX_POINT('',#2985);
#875=VERTEX_POINT('',#2989);
#876=VERTEX_POINT('',#2991);
#877=VERTEX_POINT('',#2993);
#878=VERTEX_POINT('',#2995);
#879=VERTEX_POINT('',#2997);
#880=VERTEX_POINT('',#2999);
#881=VERTEX_POINT('',#3001);
#882=VERTEX_POINT('',#3012);
#883=VERTEX_POINT('',#3014);
#884=VERTEX_POINT('',#3023);
#885=VERTEX_POINT('',#3026);
#886=VERTEX_POINT('',#3028);
#887=VERTEX_POINT('',#3030);
#888=VERTEX_POINT('',#3031);
#889=VERTEX_POINT('',#3033);
#890=VERTEX_POINT('',#3035);
#891=VERTEX_POINT('',#3038);
#892=VERTEX_POINT('',#3039);
#893=VERTEX_POINT('',#3041);
#894=VERTEX_POINT('',#3043);
#895=VERTEX_POINT('',#3047);
#896=VERTEX_POINT('',#3051);
#897=VERTEX_POINT('',#3055);
#898=VERTEX_POINT('',#3056);
#899=VERTEX_POINT('',#3064);
#900=VERTEX_POINT('',#3066);
#901=VERTEX_POINT('',#3068);
#902=VERTEX_POINT('',#3072);
#903=VERTEX_POINT('',#3074);
#904=VERTEX_POINT('',#3077);
#905=VERTEX_POINT('',#3080);
#906=VERTEX_POINT('',#3081);
#907=VERTEX_POINT('',#3083);
#908=VERTEX_POINT('',#3085);
#909=VERTEX_POINT('',#3088);
#910=VERTEX_POINT('',#3089);
#911=VERTEX_POINT('',#3091);
#912=VERTEX_POINT('',#3093);
#913=VERTEX_POINT('',#3096);
#914=VERTEX_POINT('',#3098);
#915=VERTEX_POINT('',#3111);
#916=VERTEX_POINT('',#3115);
#917=VERTEX_POINT('',#3131);
#918=VERTEX_POINT('',#3133);
#919=VERTEX_POINT('',#3144);
#920=VERTEX_POINT('',#3146);
#921=VERTEX_POINT('',#3158);
#922=VERTEX_POINT('',#3160);
#923=VERTEX_POINT('',#3171);
#924=VERTEX_POINT('',#3173);
#925=VERTEX_POINT('',#3185);
#926=VERTEX_POINT('',#3187);
#927=VERTEX_POINT('',#3198);
#928=VERTEX_POINT('',#3200);
#929=VERTEX_POINT('',#3212);
#930=VERTEX_POINT('',#3214);
#931=VERTEX_POINT('',#3225);
#932=VERTEX_POINT('',#3227);
#933=VERTEX_POINT('',#3269);
#934=VERTEX_POINT('',#3274);
#935=VERTEX_POINT('',#3295);
#936=VERTEX_POINT('',#3302);
#937=VERTEX_POINT('',#3321);
#938=VERTEX_POINT('',#3323);
#939=VERTEX_POINT('',#3325);
#940=VERTEX_POINT('',#3327);
#941=VERTEX_POINT('',#3330);
#942=VERTEX_POINT('',#3332);
#943=VERTEX_POINT('',#3333);
#944=VERTEX_POINT('',#3335);
#945=VERTEX_POINT('',#3337);
#946=VERTEX_POINT('',#3339);
#947=VERTEX_POINT('',#3341);
#948=VERTEX_POINT('',#3343);
#949=VERTEX_POINT('',#3345);
#950=VERTEX_POINT('',#3348);
#951=VERTEX_POINT('',#3349);
#952=VERTEX_POINT('',#3351);
#953=VERTEX_POINT('',#3353);
#954=VERTEX_POINT('',#3355);
#955=VERTEX_POINT('',#3357);
#956=VERTEX_POINT('',#3359);
#957=VERTEX_POINT('',#3361);
#958=VERTEX_POINT('',#3364);
#959=VERTEX_POINT('',#3365);
#960=VERTEX_POINT('',#3367);
#961=VERTEX_POINT('',#3369);
#962=VERTEX_POINT('',#3371);
#963=VERTEX_POINT('',#3373);
#964=VERTEX_POINT('',#3375);
#965=VERTEX_POINT('',#3377);
#966=VERTEX_POINT('',#3380);
#967=VERTEX_POINT('',#3381);
#968=VERTEX_POINT('',#3383);
#969=VERTEX_POINT('',#3385);
#970=VERTEX_POINT('',#3387);
#971=VERTEX_POINT('',#3389);
#972=VERTEX_POINT('',#3391);
#973=VERTEX_POINT('',#3393);
#974=VERTEX_POINT('',#3396);
#975=VERTEX_POINT('',#3397);
#976=VERTEX_POINT('',#3399);
#977=VERTEX_POINT('',#3401);
#978=VERTEX_POINT('',#3403);
#979=VERTEX_POINT('',#3405);
#980=VERTEX_POINT('',#3407);
#981=VERTEX_POINT('',#3409);
#982=VERTEX_POINT('',#3412);
#983=VERTEX_POINT('',#3413);
#984=VERTEX_POINT('',#3415);
#985=VERTEX_POINT('',#3417);
#986=VERTEX_POINT('',#3419);
#987=VERTEX_POINT('',#3421);
#988=VERTEX_POINT('',#3423);
#989=VERTEX_POINT('',#3425);
#990=VERTEX_POINT('',#3428);
#991=VERTEX_POINT('',#3429);
#992=VERTEX_POINT('',#3431);
#993=VERTEX_POINT('',#3433);
#994=VERTEX_POINT('',#3435);
#995=VERTEX_POINT('',#3437);
#996=VERTEX_POINT('',#3439);
#997=VERTEX_POINT('',#3441);
#998=VERTEX_POINT('',#3444);
#999=VERTEX_POINT('',#3445);
#1000=VERTEX_POINT('',#3447);
#1001=VERTEX_POINT('',#3449);
#1002=VERTEX_POINT('',#3451);
#1003=VERTEX_POINT('',#3453);
#1004=VERTEX_POINT('',#3455);
#1005=VERTEX_POINT('',#3457);
#1006=EDGE_CURVE('',#804,#805,#782,.T.);
#1007=EDGE_CURVE('',#806,#804,#691,.T.);
#1008=EDGE_CURVE('',#805,#806,#783,.T.);
#1009=EDGE_CURVE('',#805,#807,#309,.T.);
#1010=EDGE_CURVE('',#807,#807,#692,.T.);
#1011=EDGE_CURVE('',#808,#804,#310,.T.);
#1012=EDGE_CURVE('',#809,#808,#311,.T.);
#1013=EDGE_CURVE('',#810,#809,#312,.T.);
#1014=EDGE_CURVE('',#810,#811,#693,.T.);
#1015=EDGE_CURVE('',#811,#812,#694,.T.);
#1016=EDGE_CURVE('',#813,#812,#313,.T.);
#1017=EDGE_CURVE('',#814,#813,#314,.T.);
#1018=EDGE_CURVE('',#814,#815,#315,.T.);
#1019=EDGE_CURVE('',#815,#816,#695,.T.);
#1020=EDGE_CURVE('',#816,#817,#316,.T.);
#1021=EDGE_CURVE('',#817,#818,#696,.T.);
#1022=EDGE_CURVE('',#818,#819,#317,.T.);
#1023=EDGE_CURVE('',#820,#819,#318,.T.);
#1024=EDGE_CURVE('',#820,#821,#319,.T.);
#1025=EDGE_CURVE('',#821,#822,#697,.T.);
#1026=EDGE_CURVE('',#822,#823,#320,.T.);
#1027=EDGE_CURVE('',#823,#824,#698,.T.);
#1028=EDGE_CURVE('',#824,#825,#321,.T.);
#1029=EDGE_CURVE('',#826,#825,#322,.T.);
#1030=EDGE_CURVE('',#826,#827,#323,.T.);
#1031=EDGE_CURVE('',#827,#828,#699,.T.);
#1032=EDGE_CURVE('',#828,#829,#324,.T.);
#1033=EDGE_CURVE('',#829,#830,#700,.T.);
#1034=EDGE_CURVE('',#830,#831,#325,.T.);
#1035=EDGE_CURVE('',#832,#831,#326,.T.);
#1036=EDGE_CURVE('',#832,#833,#327,.T.);
#1037=EDGE_CURVE('',#833,#834,#701,.T.);
#1038=EDGE_CURVE('',#834,#835,#328,.T.);
#1039=EDGE_CURVE('',#835,#836,#702,.T.);
#1040=EDGE_CURVE('',#836,#837,#329,.T.);
#1041=EDGE_CURVE('',#838,#837,#330,.T.);
#1042=EDGE_CURVE('',#806,#838,#331,.T.);
#1043=EDGE_CURVE('',#839,#840,#703,.T.);
#1044=EDGE_CURVE('',#840,#841,#332,.T.);
#1045=EDGE_CURVE('',#841,#842,#704,.T.);
#1046=EDGE_CURVE('',#842,#843,#333,.T.);
#1047=EDGE_CURVE('',#843,#844,#705,.T.);
#1048=EDGE_CURVE('',#844,#845,#334,.T.);
#1049=EDGE_CURVE('',#845,#846,#706,.T.);
#1050=EDGE_CURVE('',#846,#839,#335,.T.);
#1051=EDGE_CURVE('',#847,#848,#707,.T.);
#1052=EDGE_CURVE('',#848,#849,#336,.T.);
#1053=EDGE_CURVE('',#849,#850,#708,.T.);
#1054=EDGE_CURVE('',#850,#851,#337,.T.);
#1055=EDGE_CURVE('',#851,#852,#709,.T.);
#1056=EDGE_CURVE('',#852,#853,#338,.T.);
#1057=EDGE_CURVE('',#853,#854,#710,.T.);
#1058=EDGE_CURVE('',#854,#847,#339,.T.);
#1059=EDGE_CURVE('',#855,#856,#711,.T.);
#1060=EDGE_CURVE('',#856,#857,#340,.T.);
#1061=EDGE_CURVE('',#857,#858,#712,.T.);
#1062=EDGE_CURVE('',#858,#859,#341,.T.);
#1063=EDGE_CURVE('',#859,#860,#713,.T.);
#1064=EDGE_CURVE('',#860,#861,#342,.T.);
#1065=EDGE_CURVE('',#861,#862,#714,.T.);
#1066=EDGE_CURVE('',#862,#855,#343,.T.);
#1067=EDGE_CURVE('',#863,#864,#715,.T.);
#1068=EDGE_CURVE('',#864,#865,#344,.T.);
#1069=EDGE_CURVE('',#865,#866,#716,.T.);
#1070=EDGE_CURVE('',#866,#867,#345,.T.);
#1071=EDGE_CURVE('',#867,#868,#717,.T.);
#1072=EDGE_CURVE('',#868,#869,#346,.T.);
#1073=EDGE_CURVE('',#869,#870,#718,.T.);
#1074=EDGE_CURVE('',#870,#863,#347,.T.);
#1075=EDGE_CURVE('',#871,#872,#719,.T.);
#1076=EDGE_CURVE('',#872,#873,#348,.T.);
#1077=EDGE_CURVE('',#873,#874,#720,.T.);
#1078=EDGE_CURVE('',#874,#871,#349,.T.);
#1079=EDGE_CURVE('',#871,#875,#350,.T.);
#1080=EDGE_CURVE('',#876,#875,#721,.T.);
#1081=EDGE_CURVE('',#876,#877,#351,.T.);
#1082=EDGE_CURVE('',#877,#878,#352,.T.);
#1083=EDGE_CURVE('',#879,#878,#722,.T.);
#1084=EDGE_CURVE('',#880,#879,#353,.T.);
#1085=EDGE_CURVE('',#881,#880,#784,.T.);
#1086=EDGE_CURVE('',#882,#881,#354,.T.);
#1087=EDGE_CURVE('',#883,#882,#785,.T.);
#1088=EDGE_CURVE('',#884,#883,#723,.T.);
#1089=EDGE_CURVE('',#872,#884,#355,.T.);
#1090=EDGE_CURVE('',#885,#885,#724,.T.);
#1091=EDGE_CURVE('',#886,#886,#725,.T.);
#1092=EDGE_CURVE('',#887,#888,#356,.T.);
#1093=EDGE_CURVE('',#888,#889,#357,.T.);
#1094=EDGE_CURVE('',#889,#890,#358,.T.);
#1095=EDGE_CURVE('',#890,#887,#359,.T.);
#1096=EDGE_CURVE('',#891,#892,#360,.T.);
#1097=EDGE_CURVE('',#892,#893,#361,.T.);
#1098=EDGE_CURVE('',#893,#894,#362,.T.);
#1099=EDGE_CURVE('',#894,#891,#363,.T.);
#1100=EDGE_CURVE('',#874,#895,#364,.T.);
#1101=EDGE_CURVE('',#875,#895,#365,.T.);
#1102=EDGE_CURVE('',#895,#896,#726,.T.);
#1103=EDGE_CURVE('',#896,#876,#366,.T.);
#1104=EDGE_CURVE('',#897,#898,#786,.T.);
#1105=EDGE_CURVE('',#897,#879,#367,.T.);
#1106=EDGE_CURVE('',#878,#899,#368,.T.);
#1107=EDGE_CURVE('',#899,#900,#727,.T.);
#1108=EDGE_CURVE('',#900,#901,#369,.T.);
#1109=EDGE_CURVE('',#898,#901,#728,.T.);
#1110=EDGE_CURVE('',#873,#902,#370,.T.);
#1111=EDGE_CURVE('',#903,#902,#729,.T.);
#1112=EDGE_CURVE('',#900,#903,#371,.T.);
#1113=EDGE_CURVE('',#904,#899,#372,.T.);
#1114=EDGE_CURVE('',#896,#904,#373,.T.);
#1115=EDGE_CURVE('',#905,#906,#374,.T.);
#1116=EDGE_CURVE('',#907,#905,#375,.T.);
#1117=EDGE_CURVE('',#908,#907,#376,.T.);
#1118=EDGE_CURVE('',#906,#908,#377,.T.);
#1119=EDGE_CURVE('',#909,#910,#378,.T.);
#1120=EDGE_CURVE('',#911,#909,#379,.T.);
#1121=EDGE_CURVE('',#912,#911,#380,.T.);
#1122=EDGE_CURVE('',#910,#912,#381,.T.);
#1123=EDGE_CURVE('',#913,#913,#730,.T.);
#1124=EDGE_CURVE('',#914,#914,#731,.T.);
#1125=EDGE_CURVE('',#904,#877,#382,.T.);
#1126=EDGE_CURVE('',#880,#897,#787,.T.);
#1127=EDGE_CURVE('',#915,#903,#383,.T.);
#1128=EDGE_CURVE('',#901,#915,#384,.T.);
#1129=EDGE_CURVE('',#916,#915,#732,.F.);
#1130=EDGE_CURVE('',#902,#884,#385,.T.);
#1131=EDGE_CURVE('',#916,#883,#788,.T.);
#1132=EDGE_CURVE('',#838,#881,#789,.T.);
#1133=EDGE_CURVE('',#837,#917,#733,.T.);
#1134=EDGE_CURVE('',#917,#918,#790,.T.);
#1135=EDGE_CURVE('',#918,#919,#386,.T.);
#1136=EDGE_CURVE('',#919,#920,#791,.T.);
#1137=EDGE_CURVE('',#920,#832,#734,.T.);
#1138=EDGE_CURVE('',#831,#921,#735,.T.);
#1139=EDGE_CURVE('',#921,#922,#792,.T.);
#1140=EDGE_CURVE('',#922,#923,#387,.T.);
#1141=EDGE_CURVE('',#923,#924,#793,.T.);
#1142=EDGE_CURVE('',#924,#826,#736,.T.);
#1143=EDGE_CURVE('',#825,#925,#737,.T.);
#1144=EDGE_CURVE('',#925,#926,#794,.T.);
#1145=EDGE_CURVE('',#926,#927,#388,.T.);
#1146=EDGE_CURVE('',#927,#928,#795,.T.);
#1147=EDGE_CURVE('',#928,#820,#738,.T.);
#1148=EDGE_CURVE('',#819,#929,#739,.T.);
#1149=EDGE_CURVE('',#929,#930,#796,.T.);
#1150=EDGE_CURVE('',#930,#931,#389,.T.);
#1151=EDGE_CURVE('',#931,#932,#797,.T.);
#1152=EDGE_CURVE('',#932,#814,#740,.T.);
#1153=EDGE_CURVE('',#882,#813,#798,.T.);
#1154=EDGE_CURVE('',#898,#933,#799,.F.);
#1155=EDGE_CURVE('',#933,#934,#800,.T.);
#1156=EDGE_CURVE('',#838,#934,#741,.T.);
#1157=EDGE_CURVE('',#935,#916,#801,.F.);
#1158=EDGE_CURVE('',#936,#935,#802,.T.);
#1159=EDGE_CURVE('',#937,#936,#390,.T.);
#1160=EDGE_CURVE('',#938,#937,#742,.T.);
#1161=EDGE_CURVE('',#939,#938,#391,.T.);
#1162=EDGE_CURVE('',#940,#939,#743,.T.);
#1163=EDGE_CURVE('',#940,#934,#392,.T.);
#1164=EDGE_CURVE('',#941,#941,#744,.T.);
#1165=EDGE_CURVE('',#942,#943,#745,.T.);
#1166=EDGE_CURVE('',#944,#942,#393,.T.);
#1167=EDGE_CURVE('',#945,#944,#746,.T.);
#1168=EDGE_CURVE('',#946,#945,#394,.T.);
#1169=EDGE_CURVE('',#947,#946,#747,.T.);
#1170=EDGE_CURVE('',#948,#947,#395,.T.);
#1171=EDGE_CURVE('',#949,#948,#748,.T.);
#1172=EDGE_CURVE('',#943,#949,#396,.T.);
#1173=EDGE_CURVE('',#950,#951,#749,.T.);
#1174=EDGE_CURVE('',#952,#950,#397,.T.);
#1175=EDGE_CURVE('',#953,#952,#750,.T.);
#1176=EDGE_CURVE('',#954,#953,#398,.T.);
#1177=EDGE_CURVE('',#955,#954,#751,.T.);
#1178=EDGE_CURVE('',#956,#955,#399,.T.);
#1179=EDGE_CURVE('',#957,#956,#752,.T.);
#1180=EDGE_CURVE('',#951,#957,#400,.T.);
#1181=EDGE_CURVE('',#958,#959,#753,.T.);
#1182=EDGE_CURVE('',#960,#958,#401,.T.);
#1183=EDGE_CURVE('',#961,#960,#754,.T.);
#1184=EDGE_CURVE('',#962,#961,#402,.T.);
#1185=EDGE_CURVE('',#963,#962,#755,.T.);
#1186=EDGE_CURVE('',#964,#963,#403,.T.);
#1187=EDGE_CURVE('',#965,#964,#756,.T.);
#1188=EDGE_CURVE('',#959,#965,#404,.T.);
#1189=EDGE_CURVE('',#966,#967,#757,.T.);
#1190=EDGE_CURVE('',#968,#966,#405,.T.);
#1191=EDGE_CURVE('',#969,#968,#758,.T.);
#1192=EDGE_CURVE('',#970,#969,#406,.T.);
#1193=EDGE_CURVE('',#971,#970,#759,.T.);
#1194=EDGE_CURVE('',#972,#971,#407,.T.);
#1195=EDGE_CURVE('',#973,#972,#760,.T.);
#1196=EDGE_CURVE('',#967,#973,#408,.T.);
#1197=EDGE_CURVE('',#974,#975,#761,.T.);
#1198=EDGE_CURVE('',#976,#974,#409,.T.);
#1199=EDGE_CURVE('',#977,#976,#762,.T.);
#1200=EDGE_CURVE('',#978,#977,#410,.T.);
#1201=EDGE_CURVE('',#979,#978,#763,.T.);
#1202=EDGE_CURVE('',#980,#979,#411,.T.);
#1203=EDGE_CURVE('',#981,#980,#764,.T.);
#1204=EDGE_CURVE('',#975,#981,#412,.T.);
#1205=EDGE_CURVE('',#982,#983,#765,.T.);
#1206=EDGE_CURVE('',#984,#982,#413,.T.);
#1207=EDGE_CURVE('',#985,#984,#766,.T.);
#1208=EDGE_CURVE('',#986,#985,#414,.T.);
#1209=EDGE_CURVE('',#987,#986,#767,.T.);
#1210=EDGE_CURVE('',#988,#987,#415,.T.);
#1211=EDGE_CURVE('',#989,#988,#768,.T.);
#1212=EDGE_CURVE('',#983,#989,#416,.T.);
#1213=EDGE_CURVE('',#990,#991,#769,.T.);
#1214=EDGE_CURVE('',#992,#990,#417,.T.);
#1215=EDGE_CURVE('',#993,#992,#770,.T.);
#1216=EDGE_CURVE('',#994,#993,#418,.T.);
#1217=EDGE_CURVE('',#995,#994,#771,.T.);
#1218=EDGE_CURVE('',#996,#995,#419,.T.);
#1219=EDGE_CURVE('',#997,#996,#772,.T.);
#1220=EDGE_CURVE('',#991,#997,#420,.T.);
#1221=EDGE_CURVE('',#998,#999,#773,.T.);
#1222=EDGE_CURVE('',#1000,#998,#421,.T.);
#1223=EDGE_CURVE('',#1001,#1000,#774,.T.);
#1224=EDGE_CURVE('',#1002,#1001,#422,.T.);
#1225=EDGE_CURVE('',#1003,#1002,#775,.T.);
#1226=EDGE_CURVE('',#1004,#1003,#423,.T.);
#1227=EDGE_CURVE('',#1005,#1004,#776,.T.);
#1228=EDGE_CURVE('',#999,#1005,#424,.T.);
#1229=EDGE_CURVE('',#885,#914,#425,.T.);
#1230=EDGE_CURVE('',#886,#913,#426,.T.);
#1231=EDGE_CURVE('',#905,#891,#427,.T.);
#1232=EDGE_CURVE('',#907,#894,#428,.T.);
#1233=EDGE_CURVE('',#908,#893,#429,.T.);
#1234=EDGE_CURVE('',#906,#892,#430,.T.);
#1235=EDGE_CURVE('',#909,#887,#431,.T.);
#1236=EDGE_CURVE('',#911,#890,#432,.T.);
#1237=EDGE_CURVE('',#912,#889,#433,.T.);
#1238=EDGE_CURVE('',#910,#888,#434,.T.);
#1239=EDGE_CURVE('',#940,#808,#777,.T.);
#1240=EDGE_CURVE('',#939,#808,#778,.T.);
#1241=EDGE_CURVE('',#809,#938,#779,.T.);
#1242=EDGE_CURVE('',#937,#809,#780,.T.);
#1243=EDGE_CURVE('',#812,#810,#803,.T.);
#1244=EDGE_CURVE('',#936,#813,#781,.T.);
#1245=EDGE_CURVE('',#811,#941,#435,.T.);
#1246=EDGE_CURVE('',#988,#924,#436,.T.);
#1247=EDGE_CURVE('',#987,#827,#437,.T.);
#1248=EDGE_CURVE('',#989,#923,#438,.T.);
#1249=EDGE_CURVE('',#983,#922,#439,.T.);
#1250=EDGE_CURVE('',#982,#921,#440,.T.);
#1251=EDGE_CURVE('',#984,#830,#441,.T.);
#1252=EDGE_CURVE('',#964,#920,#442,.T.);
#1253=EDGE_CURVE('',#963,#833,#443,.T.);
#1254=EDGE_CURVE('',#965,#919,#444,.T.);
#1255=EDGE_CURVE('',#959,#918,#445,.T.);
#1256=EDGE_CURVE('',#958,#917,#446,.T.);
#1257=EDGE_CURVE('',#960,#836,#447,.T.);
#1258=EDGE_CURVE('',#998,#839,#448,.T.);
#1259=EDGE_CURVE('',#1000,#846,#449,.T.);
#1260=EDGE_CURVE('',#1001,#845,#450,.T.);
#1261=EDGE_CURVE('',#1002,#844,#451,.T.);
#1262=EDGE_CURVE('',#1003,#843,#452,.T.);
#1263=EDGE_CURVE('',#1004,#842,#453,.T.);
#1264=EDGE_CURVE('',#1005,#841,#454,.T.);
#1265=EDGE_CURVE('',#999,#840,#455,.T.);
#1266=EDGE_CURVE('',#992,#818,#456,.T.);
#1267=EDGE_CURVE('',#990,#929,#457,.T.);
#1268=EDGE_CURVE('',#993,#817,#458,.T.);
#1269=EDGE_CURVE('',#994,#816,#459,.T.);
#1270=EDGE_CURVE('',#995,#815,#460,.T.);
#1271=EDGE_CURVE('',#996,#932,#461,.T.);
#1272=EDGE_CURVE('',#997,#931,#462,.T.);
#1273=EDGE_CURVE('',#991,#930,#463,.T.);
#1274=EDGE_CURVE('',#985,#829,#464,.T.);
#1275=EDGE_CURVE('',#986,#828,#465,.T.);
#1276=EDGE_CURVE('',#974,#847,#466,.T.);
#1277=EDGE_CURVE('',#976,#854,#467,.T.);
#1278=EDGE_CURVE('',#977,#853,#468,.T.);
#1279=EDGE_CURVE('',#978,#852,#469,.T.);
#1280=EDGE_CURVE('',#979,#851,#470,.T.);
#1281=EDGE_CURVE('',#980,#850,#471,.T.);
#1282=EDGE_CURVE('',#981,#849,#472,.T.);
#1283=EDGE_CURVE('',#975,#848,#473,.T.);
#1284=EDGE_CURVE('',#966,#855,#474,.T.);
#1285=EDGE_CURVE('',#968,#862,#475,.T.);
#1286=EDGE_CURVE('',#969,#861,#476,.T.);
#1287=EDGE_CURVE('',#970,#860,#477,.T.);
#1288=EDGE_CURVE('',#971,#859,#478,.T.);
#1289=EDGE_CURVE('',#972,#858,#479,.T.);
#1290=EDGE_CURVE('',#973,#857,#480,.T.);
#1291=EDGE_CURVE('',#967,#856,#481,.T.);
#1292=EDGE_CURVE('',#961,#835,#482,.T.);
#1293=EDGE_CURVE('',#962,#834,#483,.T.);
#1294=EDGE_CURVE('',#952,#824,#484,.T.);
#1295=EDGE_CURVE('',#950,#925,#485,.T.);
#1296=EDGE_CURVE('',#953,#823,#486,.T.);
#1297=EDGE_CURVE('',#954,#822,#487,.T.);
#1298=EDGE_CURVE('',#955,#821,#488,.T.);
#1299=EDGE_CURVE('',#956,#928,#489,.T.);
#1300=EDGE_CURVE('',#957,#927,#490,.T.);
#1301=EDGE_CURVE('',#951,#926,#491,.T.);
#1302=EDGE_CURVE('',#942,#863,#492,.T.);
#1303=EDGE_CURVE('',#944,#870,#493,.T.);
#1304=EDGE_CURVE('',#945,#869,#494,.T.);
#1305=EDGE_CURVE('',#946,#868,#495,.T.);
#1306=EDGE_CURVE('',#947,#867,#496,.T.);
#1307=EDGE_CURVE('',#948,#866,#497,.T.);
#1308=EDGE_CURVE('',#949,#865,#498,.T.);
#1309=EDGE_CURVE('',#943,#864,#499,.T.);
#1310=ORIENTED_EDGE('',*,*,#1006,.F.);
#1311=ORIENTED_EDGE('',*,*,#1007,.F.);
#1312=ORIENTED_EDGE('',*,*,#1008,.F.);
#1313=ORIENTED_EDGE('',*,*,#1009,.T.);
#1314=ORIENTED_EDGE('',*,*,#1010,.F.);
#1315=ORIENTED_EDGE('',*,*,#1009,.F.);
#1316=ORIENTED_EDGE('',*,*,#1007,.T.);
#1317=ORIENTED_EDGE('',*,*,#1011,.F.);
#1318=ORIENTED_EDGE('',*,*,#1012,.F.);
#1319=ORIENTED_EDGE('',*,*,#1013,.F.);
#1320=ORIENTED_EDGE('',*,*,#1014,.T.);
#1321=ORIENTED_EDGE('',*,*,#1015,.T.);
#1322=ORIENTED_EDGE('',*,*,#1016,.F.);
#1323=ORIENTED_EDGE('',*,*,#1017,.F.);
#1324=ORIENTED_EDGE('',*,*,#1018,.T.);
#1325=ORIENTED_EDGE('',*,*,#1019,.T.);
#1326=ORIENTED_EDGE('',*,*,#1020,.T.);
#1327=ORIENTED_EDGE('',*,*,#1021,.T.);
#1328=ORIENTED_EDGE('',*,*,#1022,.T.);
#1329=ORIENTED_EDGE('',*,*,#1023,.F.);
#1330=ORIENTED_EDGE('',*,*,#1024,.T.);
#1331=ORIENTED_EDGE('',*,*,#1025,.T.);
#1332=ORIENTED_EDGE('',*,*,#1026,.T.);
#1333=ORIENTED_EDGE('',*,*,#1027,.T.);
#1334=ORIENTED_EDGE('',*,*,#1028,.T.);
#1335=ORIENTED_EDGE('',*,*,#1029,.F.);
#1336=ORIENTED_EDGE('',*,*,#1030,.T.);
#1337=ORIENTED_EDGE('',*,*,#1031,.T.);
#1338=ORIENTED_EDGE('',*,*,#1032,.T.);
#1339=ORIENTED_EDGE('',*,*,#1033,.T.);
#1340=ORIENTED_EDGE('',*,*,#1034,.T.);
#1341=ORIENTED_EDGE('',*,*,#1035,.F.);
#1342=ORIENTED_EDGE('',*,*,#1036,.T.);
#1343=ORIENTED_EDGE('',*,*,#1037,.T.);
#1344=ORIENTED_EDGE('',*,*,#1038,.T.);
#1345=ORIENTED_EDGE('',*,*,#1039,.T.);
#1346=ORIENTED_EDGE('',*,*,#1040,.T.);
#1347=ORIENTED_EDGE('',*,*,#1041,.F.);
#1348=ORIENTED_EDGE('',*,*,#1042,.F.);
#1349=ORIENTED_EDGE('',*,*,#1043,.T.);
#1350=ORIENTED_EDGE('',*,*,#1044,.T.);
#1351=ORIENTED_EDGE('',*,*,#1045,.T.);
#1352=ORIENTED_EDGE('',*,*,#1046,.T.);
#1353=ORIENTED_EDGE('',*,*,#1047,.T.);
#1354=ORIENTED_EDGE('',*,*,#1048,.T.);
#1355=ORIENTED_EDGE('',*,*,#1049,.T.);
#1356=ORIENTED_EDGE('',*,*,#1050,.T.);
#1357=ORIENTED_EDGE('',*,*,#1051,.T.);
#1358=ORIENTED_EDGE('',*,*,#1052,.T.);
#1359=ORIENTED_EDGE('',*,*,#1053,.T.);
#1360=ORIENTED_EDGE('',*,*,#1054,.T.);
#1361=ORIENTED_EDGE('',*,*,#1055,.T.);
#1362=ORIENTED_EDGE('',*,*,#1056,.T.);
#1363=ORIENTED_EDGE('',*,*,#1057,.T.);
#1364=ORIENTED_EDGE('',*,*,#1058,.T.);
#1365=ORIENTED_EDGE('',*,*,#1059,.T.);
#1366=ORIENTED_EDGE('',*,*,#1060,.T.);
#1367=ORIENTED_EDGE('',*,*,#1061,.T.);
#1368=ORIENTED_EDGE('',*,*,#1062,.T.);
#1369=ORIENTED_EDGE('',*,*,#1063,.T.);
#1370=ORIENTED_EDGE('',*,*,#1064,.T.);
#1371=ORIENTED_EDGE('',*,*,#1065,.T.);
#1372=ORIENTED_EDGE('',*,*,#1066,.T.);
#1373=ORIENTED_EDGE('',*,*,#1067,.T.);
#1374=ORIENTED_EDGE('',*,*,#1068,.T.);
#1375=ORIENTED_EDGE('',*,*,#1069,.T.);
#1376=ORIENTED_EDGE('',*,*,#1070,.T.);
#1377=ORIENTED_EDGE('',*,*,#1071,.T.);
#1378=ORIENTED_EDGE('',*,*,#1072,.T.);
#1379=ORIENTED_EDGE('',*,*,#1073,.T.);
#1380=ORIENTED_EDGE('',*,*,#1074,.T.);
#1381=ORIENTED_EDGE('',*,*,#1075,.T.);
#1382=ORIENTED_EDGE('',*,*,#1076,.T.);
#1383=ORIENTED_EDGE('',*,*,#1077,.T.);
#1384=ORIENTED_EDGE('',*,*,#1078,.T.);
#1385=ORIENTED_EDGE('',*,*,#1075,.F.);
#1386=ORIENTED_EDGE('',*,*,#1079,.T.);
#1387=ORIENTED_EDGE('',*,*,#1080,.F.);
#1388=ORIENTED_EDGE('',*,*,#1081,.T.);
#1389=ORIENTED_EDGE('',*,*,#1082,.T.);
#1390=ORIENTED_EDGE('',*,*,#1083,.F.);
#1391=ORIENTED_EDGE('',*,*,#1084,.F.);
#1392=ORIENTED_EDGE('',*,*,#1085,.F.);
#1393=ORIENTED_EDGE('',*,*,#1086,.F.);
#1394=ORIENTED_EDGE('',*,*,#1087,.F.);
#1395=ORIENTED_EDGE('',*,*,#1088,.F.);
#1396=ORIENTED_EDGE('',*,*,#1089,.F.);
#1397=ORIENTED_EDGE('',*,*,#1090,.T.);
#1398=ORIENTED_EDGE('',*,*,#1091,.T.);
#1399=ORIENTED_EDGE('',*,*,#1092,.T.);
#1400=ORIENTED_EDGE('',*,*,#1093,.T.);
#1401=ORIENTED_EDGE('',*,*,#1094,.T.);
#1402=ORIENTED_EDGE('',*,*,#1095,.T.);
#1403=ORIENTED_EDGE('',*,*,#1096,.T.);
#1404=ORIENTED_EDGE('',*,*,#1097,.T.);
#1405=ORIENTED_EDGE('',*,*,#1098,.T.);
#1406=ORIENTED_EDGE('',*,*,#1099,.T.);
#1407=ORIENTED_EDGE('',*,*,#1078,.F.);
#1408=ORIENTED_EDGE('',*,*,#1100,.T.);
#1409=ORIENTED_EDGE('',*,*,#1101,.F.);
#1410=ORIENTED_EDGE('',*,*,#1079,.F.);
#1411=ORIENTED_EDGE('',*,*,#1080,.T.);
#1412=ORIENTED_EDGE('',*,*,#1101,.T.);
#1413=ORIENTED_EDGE('',*,*,#1102,.T.);
#1414=ORIENTED_EDGE('',*,*,#1103,.T.);
#1415=ORIENTED_EDGE('',*,*,#1104,.F.);
#1416=ORIENTED_EDGE('',*,*,#1105,.T.);
#1417=ORIENTED_EDGE('',*,*,#1083,.T.);
#1418=ORIENTED_EDGE('',*,*,#1106,.T.);
#1419=ORIENTED_EDGE('',*,*,#1107,.T.);
#1420=ORIENTED_EDGE('',*,*,#1108,.T.);
#1421=ORIENTED_EDGE('',*,*,#1109,.F.);
#1422=ORIENTED_EDGE('',*,*,#1077,.F.);
#1423=ORIENTED_EDGE('',*,*,#1110,.T.);
#1424=ORIENTED_EDGE('',*,*,#1111,.F.);
#1425=ORIENTED_EDGE('',*,*,#1112,.F.);
#1426=ORIENTED_EDGE('',*,*,#1107,.F.);
#1427=ORIENTED_EDGE('',*,*,#1113,.F.);
#1428=ORIENTED_EDGE('',*,*,#1114,.F.);
#1429=ORIENTED_EDGE('',*,*,#1102,.F.);
#1430=ORIENTED_EDGE('',*,*,#1100,.F.);
#1431=ORIENTED_EDGE('',*,*,#1115,.F.);
#1432=ORIENTED_EDGE('',*,*,#1116,.F.);
#1433=ORIENTED_EDGE('',*,*,#1117,.F.);
#1434=ORIENTED_EDGE('',*,*,#1118,.F.);
#1435=ORIENTED_EDGE('',*,*,#1119,.F.);
#1436=ORIENTED_EDGE('',*,*,#1120,.F.);
#1437=ORIENTED_EDGE('',*,*,#1121,.F.);
#1438=ORIENTED_EDGE('',*,*,#1122,.F.);
#1439=ORIENTED_EDGE('',*,*,#1123,.T.);
#1440=ORIENTED_EDGE('',*,*,#1124,.T.);
#1441=ORIENTED_EDGE('',*,*,#1106,.F.);
#1442=ORIENTED_EDGE('',*,*,#1082,.F.);
#1443=ORIENTED_EDGE('',*,*,#1125,.F.);
#1444=ORIENTED_EDGE('',*,*,#1113,.T.);
#1445=ORIENTED_EDGE('',*,*,#1105,.F.);
#1446=ORIENTED_EDGE('',*,*,#1126,.F.);
#1447=ORIENTED_EDGE('',*,*,#1084,.T.);
#1448=ORIENTED_EDGE('',*,*,#1108,.F.);
#1449=ORIENTED_EDGE('',*,*,#1112,.T.);
#1450=ORIENTED_EDGE('',*,*,#1127,.F.);
#1451=ORIENTED_EDGE('',*,*,#1128,.F.);
#1452=ORIENTED_EDGE('',*,*,#1129,.T.);
#1453=ORIENTED_EDGE('',*,*,#1127,.T.);
#1454=ORIENTED_EDGE('',*,*,#1111,.T.);
#1455=ORIENTED_EDGE('',*,*,#1130,.T.);
#1456=ORIENTED_EDGE('',*,*,#1088,.T.);
#1457=ORIENTED_EDGE('',*,*,#1131,.F.);
#1458=ORIENTED_EDGE('',*,*,#1076,.F.);
#1459=ORIENTED_EDGE('',*,*,#1089,.T.);
#1460=ORIENTED_EDGE('',*,*,#1130,.F.);
#1461=ORIENTED_EDGE('',*,*,#1110,.F.);
#1462=ORIENTED_EDGE('',*,*,#1086,.T.);
#1463=ORIENTED_EDGE('',*,*,#1132,.F.);
#1464=ORIENTED_EDGE('',*,*,#1041,.T.);
#1465=ORIENTED_EDGE('',*,*,#1133,.T.);
#1466=ORIENTED_EDGE('',*,*,#1134,.T.);
#1467=ORIENTED_EDGE('',*,*,#1135,.T.);
#1468=ORIENTED_EDGE('',*,*,#1136,.T.);
#1469=ORIENTED_EDGE('',*,*,#1137,.T.);
#1470=ORIENTED_EDGE('',*,*,#1035,.T.);
#1471=ORIENTED_EDGE('',*,*,#1138,.T.);
#1472=ORIENTED_EDGE('',*,*,#1139,.T.);
#1473=ORIENTED_EDGE('',*,*,#1140,.T.);
#1474=ORIENTED_EDGE('',*,*,#1141,.T.);
#1475=ORIENTED_EDGE('',*,*,#1142,.T.);
#1476=ORIENTED_EDGE('',*,*,#1029,.T.);
#1477=ORIENTED_EDGE('',*,*,#1143,.T.);
#1478=ORIENTED_EDGE('',*,*,#1144,.T.);
#1479=ORIENTED_EDGE('',*,*,#1145,.T.);
#1480=ORIENTED_EDGE('',*,*,#1146,.T.);
#1481=ORIENTED_EDGE('',*,*,#1147,.T.);
#1482=ORIENTED_EDGE('',*,*,#1023,.T.);
#1483=ORIENTED_EDGE('',*,*,#1148,.T.);
#1484=ORIENTED_EDGE('',*,*,#1149,.T.);
#1485=ORIENTED_EDGE('',*,*,#1150,.T.);
#1486=ORIENTED_EDGE('',*,*,#1151,.T.);
#1487=ORIENTED_EDGE('',*,*,#1152,.T.);
#1488=ORIENTED_EDGE('',*,*,#1017,.T.);
#1489=ORIENTED_EDGE('',*,*,#1153,.F.);
#1490=ORIENTED_EDGE('',*,*,#1085,.T.);
#1491=ORIENTED_EDGE('',*,*,#1126,.T.);
#1492=ORIENTED_EDGE('',*,*,#1104,.T.);
#1493=ORIENTED_EDGE('',*,*,#1154,.T.);
#1494=ORIENTED_EDGE('',*,*,#1155,.T.);
#1495=ORIENTED_EDGE('',*,*,#1156,.F.);
#1496=ORIENTED_EDGE('',*,*,#1132,.T.);
#1497=ORIENTED_EDGE('',*,*,#1128,.T.);
#1498=ORIENTED_EDGE('',*,*,#1129,.F.);
#1499=ORIENTED_EDGE('',*,*,#1157,.F.);
#1500=ORIENTED_EDGE('',*,*,#1158,.F.);
#1501=ORIENTED_EDGE('',*,*,#1159,.F.);
#1502=ORIENTED_EDGE('',*,*,#1160,.F.);
#1503=ORIENTED_EDGE('',*,*,#1161,.F.);
#1504=ORIENTED_EDGE('',*,*,#1162,.F.);
#1505=ORIENTED_EDGE('',*,*,#1163,.T.);
#1506=ORIENTED_EDGE('',*,*,#1155,.F.);
#1507=ORIENTED_EDGE('',*,*,#1154,.F.);
#1508=ORIENTED_EDGE('',*,*,#1109,.T.);
#1509=ORIENTED_EDGE('',*,*,#1164,.T.);
#1510=ORIENTED_EDGE('',*,*,#1165,.F.);
#1511=ORIENTED_EDGE('',*,*,#1166,.F.);
#1512=ORIENTED_EDGE('',*,*,#1167,.F.);
#1513=ORIENTED_EDGE('',*,*,#1168,.F.);
#1514=ORIENTED_EDGE('',*,*,#1169,.F.);
#1515=ORIENTED_EDGE('',*,*,#1170,.F.);
#1516=ORIENTED_EDGE('',*,*,#1171,.F.);
#1517=ORIENTED_EDGE('',*,*,#1172,.F.);
#1518=ORIENTED_EDGE('',*,*,#1173,.F.);
#1519=ORIENTED_EDGE('',*,*,#1174,.F.);
#1520=ORIENTED_EDGE('',*,*,#1175,.F.);
#1521=ORIENTED_EDGE('',*,*,#1176,.F.);
#1522=ORIENTED_EDGE('',*,*,#1177,.F.);
#1523=ORIENTED_EDGE('',*,*,#1178,.F.);
#1524=ORIENTED_EDGE('',*,*,#1179,.F.);
#1525=ORIENTED_EDGE('',*,*,#1180,.F.);
#1526=ORIENTED_EDGE('',*,*,#1181,.F.);
#1527=ORIENTED_EDGE('',*,*,#1182,.F.);
#1528=ORIENTED_EDGE('',*,*,#1183,.F.);
#1529=ORIENTED_EDGE('',*,*,#1184,.F.);
#1530=ORIENTED_EDGE('',*,*,#1185,.F.);
#1531=ORIENTED_EDGE('',*,*,#1186,.F.);
#1532=ORIENTED_EDGE('',*,*,#1187,.F.);
#1533=ORIENTED_EDGE('',*,*,#1188,.F.);
#1534=ORIENTED_EDGE('',*,*,#1189,.F.);
#1535=ORIENTED_EDGE('',*,*,#1190,.F.);
#1536=ORIENTED_EDGE('',*,*,#1191,.F.);
#1537=ORIENTED_EDGE('',*,*,#1192,.F.);
#1538=ORIENTED_EDGE('',*,*,#1193,.F.);
#1539=ORIENTED_EDGE('',*,*,#1194,.F.);
#1540=ORIENTED_EDGE('',*,*,#1195,.F.);
#1541=ORIENTED_EDGE('',*,*,#1196,.F.);
#1542=ORIENTED_EDGE('',*,*,#1197,.F.);
#1543=ORIENTED_EDGE('',*,*,#1198,.F.);
#1544=ORIENTED_EDGE('',*,*,#1199,.F.);
#1545=ORIENTED_EDGE('',*,*,#1200,.F.);
#1546=ORIENTED_EDGE('',*,*,#1201,.F.);
#1547=ORIENTED_EDGE('',*,*,#1202,.F.);
#1548=ORIENTED_EDGE('',*,*,#1203,.F.);
#1549=ORIENTED_EDGE('',*,*,#1204,.F.);
#1550=ORIENTED_EDGE('',*,*,#1205,.F.);
#1551=ORIENTED_EDGE('',*,*,#1206,.F.);
#1552=ORIENTED_EDGE('',*,*,#1207,.F.);
#1553=ORIENTED_EDGE('',*,*,#1208,.F.);
#1554=ORIENTED_EDGE('',*,*,#1209,.F.);
#1555=ORIENTED_EDGE('',*,*,#1210,.F.);
#1556=ORIENTED_EDGE('',*,*,#1211,.F.);
#1557=ORIENTED_EDGE('',*,*,#1212,.F.);
#1558=ORIENTED_EDGE('',*,*,#1213,.F.);
#1559=ORIENTED_EDGE('',*,*,#1214,.F.);
#1560=ORIENTED_EDGE('',*,*,#1215,.F.);
#1561=ORIENTED_EDGE('',*,*,#1216,.F.);
#1562=ORIENTED_EDGE('',*,*,#1217,.F.);
#1563=ORIENTED_EDGE('',*,*,#1218,.F.);
#1564=ORIENTED_EDGE('',*,*,#1219,.F.);
#1565=ORIENTED_EDGE('',*,*,#1220,.F.);
#1566=ORIENTED_EDGE('',*,*,#1221,.F.);
#1567=ORIENTED_EDGE('',*,*,#1222,.F.);
#1568=ORIENTED_EDGE('',*,*,#1223,.F.);
#1569=ORIENTED_EDGE('',*,*,#1224,.F.);
#1570=ORIENTED_EDGE('',*,*,#1225,.F.);
#1571=ORIENTED_EDGE('',*,*,#1226,.F.);
#1572=ORIENTED_EDGE('',*,*,#1227,.F.);
#1573=ORIENTED_EDGE('',*,*,#1228,.F.);
#1574=ORIENTED_EDGE('',*,*,#1010,.T.);
#1575=ORIENTED_EDGE('',*,*,#1090,.F.);
#1576=ORIENTED_EDGE('',*,*,#1229,.T.);
#1577=ORIENTED_EDGE('',*,*,#1124,.F.);
#1578=ORIENTED_EDGE('',*,*,#1229,.F.);
#1579=ORIENTED_EDGE('',*,*,#1091,.F.);
#1580=ORIENTED_EDGE('',*,*,#1230,.T.);
#1581=ORIENTED_EDGE('',*,*,#1123,.F.);
#1582=ORIENTED_EDGE('',*,*,#1230,.F.);
#1583=ORIENTED_EDGE('',*,*,#1116,.T.);
#1584=ORIENTED_EDGE('',*,*,#1231,.T.);
#1585=ORIENTED_EDGE('',*,*,#1099,.F.);
#1586=ORIENTED_EDGE('',*,*,#1232,.F.);
#1587=ORIENTED_EDGE('',*,*,#1117,.T.);
#1588=ORIENTED_EDGE('',*,*,#1232,.T.);
#1589=ORIENTED_EDGE('',*,*,#1098,.F.);
#1590=ORIENTED_EDGE('',*,*,#1233,.F.);
#1591=ORIENTED_EDGE('',*,*,#1118,.T.);
#1592=ORIENTED_EDGE('',*,*,#1233,.T.);
#1593=ORIENTED_EDGE('',*,*,#1097,.F.);
#1594=ORIENTED_EDGE('',*,*,#1234,.F.);
#1595=ORIENTED_EDGE('',*,*,#1115,.T.);
#1596=ORIENTED_EDGE('',*,*,#1234,.T.);
#1597=ORIENTED_EDGE('',*,*,#1096,.F.);
#1598=ORIENTED_EDGE('',*,*,#1231,.F.);
#1599=ORIENTED_EDGE('',*,*,#1120,.T.);
#1600=ORIENTED_EDGE('',*,*,#1235,.T.);
#1601=ORIENTED_EDGE('',*,*,#1095,.F.);
#1602=ORIENTED_EDGE('',*,*,#1236,.F.);
#1603=ORIENTED_EDGE('',*,*,#1121,.T.);
#1604=ORIENTED_EDGE('',*,*,#1236,.T.);
#1605=ORIENTED_EDGE('',*,*,#1094,.F.);
#1606=ORIENTED_EDGE('',*,*,#1237,.F.);
#1607=ORIENTED_EDGE('',*,*,#1122,.T.);
#1608=ORIENTED_EDGE('',*,*,#1237,.T.);
#1609=ORIENTED_EDGE('',*,*,#1093,.F.);
#1610=ORIENTED_EDGE('',*,*,#1238,.F.);
#1611=ORIENTED_EDGE('',*,*,#1119,.T.);
#1612=ORIENTED_EDGE('',*,*,#1238,.T.);
#1613=ORIENTED_EDGE('',*,*,#1092,.F.);
#1614=ORIENTED_EDGE('',*,*,#1235,.F.);
#1615=ORIENTED_EDGE('',*,*,#1103,.F.);
#1616=ORIENTED_EDGE('',*,*,#1114,.T.);
#1617=ORIENTED_EDGE('',*,*,#1125,.T.);
#1618=ORIENTED_EDGE('',*,*,#1081,.F.);
#1619=ORIENTED_EDGE('',*,*,#1006,.T.);
#1620=ORIENTED_EDGE('',*,*,#1008,.T.);
#1621=ORIENTED_EDGE('',*,*,#1042,.T.);
#1622=ORIENTED_EDGE('',*,*,#1156,.T.);
#1623=ORIENTED_EDGE('',*,*,#1163,.F.);
#1624=ORIENTED_EDGE('',*,*,#1239,.T.);
#1625=ORIENTED_EDGE('',*,*,#1011,.T.);
#1626=ORIENTED_EDGE('',*,*,#1162,.T.);
#1627=ORIENTED_EDGE('',*,*,#1240,.T.);
#1628=ORIENTED_EDGE('',*,*,#1239,.F.);
#1629=ORIENTED_EDGE('',*,*,#1240,.F.);
#1630=ORIENTED_EDGE('',*,*,#1161,.T.);
#1631=ORIENTED_EDGE('',*,*,#1241,.F.);
#1632=ORIENTED_EDGE('',*,*,#1012,.T.);
#1633=ORIENTED_EDGE('',*,*,#1160,.T.);
#1634=ORIENTED_EDGE('',*,*,#1242,.T.);
#1635=ORIENTED_EDGE('',*,*,#1241,.T.);
#1636=ORIENTED_EDGE('',*,*,#1243,.T.);
#1637=ORIENTED_EDGE('',*,*,#1013,.T.);
#1638=ORIENTED_EDGE('',*,*,#1242,.F.);
#1639=ORIENTED_EDGE('',*,*,#1159,.T.);
#1640=ORIENTED_EDGE('',*,*,#1244,.T.);
#1641=ORIENTED_EDGE('',*,*,#1016,.T.);
#1642=ORIENTED_EDGE('',*,*,#1087,.T.);
#1643=ORIENTED_EDGE('',*,*,#1153,.T.);
#1644=ORIENTED_EDGE('',*,*,#1244,.F.);
#1645=ORIENTED_EDGE('',*,*,#1158,.T.);
#1646=ORIENTED_EDGE('',*,*,#1157,.T.);
#1647=ORIENTED_EDGE('',*,*,#1131,.T.);
#1648=ORIENTED_EDGE('',*,*,#1243,.F.);
#1649=ORIENTED_EDGE('',*,*,#1015,.F.);
#1650=ORIENTED_EDGE('',*,*,#1245,.T.);
#1651=ORIENTED_EDGE('',*,*,#1164,.F.);
#1652=ORIENTED_EDGE('',*,*,#1245,.F.);
#1653=ORIENTED_EDGE('',*,*,#1014,.F.);
#1654=ORIENTED_EDGE('',*,*,#1142,.F.);
#1655=ORIENTED_EDGE('',*,*,#1246,.F.);
#1656=ORIENTED_EDGE('',*,*,#1210,.T.);
#1657=ORIENTED_EDGE('',*,*,#1247,.T.);
#1658=ORIENTED_EDGE('',*,*,#1030,.F.);
#1659=ORIENTED_EDGE('',*,*,#1141,.F.);
#1660=ORIENTED_EDGE('',*,*,#1248,.F.);
#1661=ORIENTED_EDGE('',*,*,#1211,.T.);
#1662=ORIENTED_EDGE('',*,*,#1246,.T.);
#1663=ORIENTED_EDGE('',*,*,#1140,.F.);
#1664=ORIENTED_EDGE('',*,*,#1249,.F.);
#1665=ORIENTED_EDGE('',*,*,#1212,.T.);
#1666=ORIENTED_EDGE('',*,*,#1248,.T.);
#1667=ORIENTED_EDGE('',*,*,#1139,.F.);
#1668=ORIENTED_EDGE('',*,*,#1250,.F.);
#1669=ORIENTED_EDGE('',*,*,#1205,.T.);
#1670=ORIENTED_EDGE('',*,*,#1249,.T.);
#1671=ORIENTED_EDGE('',*,*,#1138,.F.);
#1672=ORIENTED_EDGE('',*,*,#1034,.F.);
#1673=ORIENTED_EDGE('',*,*,#1251,.F.);
#1674=ORIENTED_EDGE('',*,*,#1206,.T.);
#1675=ORIENTED_EDGE('',*,*,#1250,.T.);
#1676=ORIENTED_EDGE('',*,*,#1137,.F.);
#1677=ORIENTED_EDGE('',*,*,#1252,.F.);
#1678=ORIENTED_EDGE('',*,*,#1186,.T.);
#1679=ORIENTED_EDGE('',*,*,#1253,.T.);
#1680=ORIENTED_EDGE('',*,*,#1036,.F.);
#1681=ORIENTED_EDGE('',*,*,#1136,.F.);
#1682=ORIENTED_EDGE('',*,*,#1254,.F.);
#1683=ORIENTED_EDGE('',*,*,#1187,.T.);
#1684=ORIENTED_EDGE('',*,*,#1252,.T.);
#1685=ORIENTED_EDGE('',*,*,#1135,.F.);
#1686=ORIENTED_EDGE('',*,*,#1255,.F.);
#1687=ORIENTED_EDGE('',*,*,#1188,.T.);
#1688=ORIENTED_EDGE('',*,*,#1254,.T.);
#1689=ORIENTED_EDGE('',*,*,#1134,.F.);
#1690=ORIENTED_EDGE('',*,*,#1256,.F.);
#1691=ORIENTED_EDGE('',*,*,#1181,.T.);
#1692=ORIENTED_EDGE('',*,*,#1255,.T.);
#1693=ORIENTED_EDGE('',*,*,#1133,.F.);
#1694=ORIENTED_EDGE('',*,*,#1040,.F.);
#1695=ORIENTED_EDGE('',*,*,#1257,.F.);
#1696=ORIENTED_EDGE('',*,*,#1182,.T.);
#1697=ORIENTED_EDGE('',*,*,#1256,.T.);
#1698=ORIENTED_EDGE('',*,*,#1222,.T.);
#1699=ORIENTED_EDGE('',*,*,#1258,.T.);
#1700=ORIENTED_EDGE('',*,*,#1050,.F.);
#1701=ORIENTED_EDGE('',*,*,#1259,.F.);
#1702=ORIENTED_EDGE('',*,*,#1223,.T.);
#1703=ORIENTED_EDGE('',*,*,#1259,.T.);
#1704=ORIENTED_EDGE('',*,*,#1049,.F.);
#1705=ORIENTED_EDGE('',*,*,#1260,.F.);
#1706=ORIENTED_EDGE('',*,*,#1224,.T.);
#1707=ORIENTED_EDGE('',*,*,#1260,.T.);
#1708=ORIENTED_EDGE('',*,*,#1048,.F.);
#1709=ORIENTED_EDGE('',*,*,#1261,.F.);
#1710=ORIENTED_EDGE('',*,*,#1225,.T.);
#1711=ORIENTED_EDGE('',*,*,#1261,.T.);
#1712=ORIENTED_EDGE('',*,*,#1047,.F.);
#1713=ORIENTED_EDGE('',*,*,#1262,.F.);
#1714=ORIENTED_EDGE('',*,*,#1226,.T.);
#1715=ORIENTED_EDGE('',*,*,#1262,.T.);
#1716=ORIENTED_EDGE('',*,*,#1046,.F.);
#1717=ORIENTED_EDGE('',*,*,#1263,.F.);
#1718=ORIENTED_EDGE('',*,*,#1227,.T.);
#1719=ORIENTED_EDGE('',*,*,#1263,.T.);
#1720=ORIENTED_EDGE('',*,*,#1045,.F.);
#1721=ORIENTED_EDGE('',*,*,#1264,.F.);
#1722=ORIENTED_EDGE('',*,*,#1228,.T.);
#1723=ORIENTED_EDGE('',*,*,#1264,.T.);
#1724=ORIENTED_EDGE('',*,*,#1044,.F.);
#1725=ORIENTED_EDGE('',*,*,#1265,.F.);
#1726=ORIENTED_EDGE('',*,*,#1221,.T.);
#1727=ORIENTED_EDGE('',*,*,#1265,.T.);
#1728=ORIENTED_EDGE('',*,*,#1043,.F.);
#1729=ORIENTED_EDGE('',*,*,#1258,.F.);
#1730=ORIENTED_EDGE('',*,*,#1148,.F.);
#1731=ORIENTED_EDGE('',*,*,#1022,.F.);
#1732=ORIENTED_EDGE('',*,*,#1266,.F.);
#1733=ORIENTED_EDGE('',*,*,#1214,.T.);
#1734=ORIENTED_EDGE('',*,*,#1267,.T.);
#1735=ORIENTED_EDGE('',*,*,#1215,.T.);
#1736=ORIENTED_EDGE('',*,*,#1266,.T.);
#1737=ORIENTED_EDGE('',*,*,#1021,.F.);
#1738=ORIENTED_EDGE('',*,*,#1268,.F.);
#1739=ORIENTED_EDGE('',*,*,#1216,.T.);
#1740=ORIENTED_EDGE('',*,*,#1268,.T.);
#1741=ORIENTED_EDGE('',*,*,#1020,.F.);
#1742=ORIENTED_EDGE('',*,*,#1269,.F.);
#1743=ORIENTED_EDGE('',*,*,#1217,.T.);
#1744=ORIENTED_EDGE('',*,*,#1269,.T.);
#1745=ORIENTED_EDGE('',*,*,#1019,.F.);
#1746=ORIENTED_EDGE('',*,*,#1270,.F.);
#1747=ORIENTED_EDGE('',*,*,#1152,.F.);
#1748=ORIENTED_EDGE('',*,*,#1271,.F.);
#1749=ORIENTED_EDGE('',*,*,#1218,.T.);
#1750=ORIENTED_EDGE('',*,*,#1270,.T.);
#1751=ORIENTED_EDGE('',*,*,#1018,.F.);
#1752=ORIENTED_EDGE('',*,*,#1151,.F.);
#1753=ORIENTED_EDGE('',*,*,#1272,.F.);
#1754=ORIENTED_EDGE('',*,*,#1219,.T.);
#1755=ORIENTED_EDGE('',*,*,#1271,.T.);
#1756=ORIENTED_EDGE('',*,*,#1150,.F.);
#1757=ORIENTED_EDGE('',*,*,#1273,.F.);
#1758=ORIENTED_EDGE('',*,*,#1220,.T.);
#1759=ORIENTED_EDGE('',*,*,#1272,.T.);
#1760=ORIENTED_EDGE('',*,*,#1149,.F.);
#1761=ORIENTED_EDGE('',*,*,#1267,.F.);
#1762=ORIENTED_EDGE('',*,*,#1213,.T.);
#1763=ORIENTED_EDGE('',*,*,#1273,.T.);
#1764=ORIENTED_EDGE('',*,*,#1207,.T.);
#1765=ORIENTED_EDGE('',*,*,#1251,.T.);
#1766=ORIENTED_EDGE('',*,*,#1033,.F.);
#1767=ORIENTED_EDGE('',*,*,#1274,.F.);
#1768=ORIENTED_EDGE('',*,*,#1208,.T.);
#1769=ORIENTED_EDGE('',*,*,#1274,.T.);
#1770=ORIENTED_EDGE('',*,*,#1032,.F.);
#1771=ORIENTED_EDGE('',*,*,#1275,.F.);
#1772=ORIENTED_EDGE('',*,*,#1209,.T.);
#1773=ORIENTED_EDGE('',*,*,#1275,.T.);
#1774=ORIENTED_EDGE('',*,*,#1031,.F.);
#1775=ORIENTED_EDGE('',*,*,#1247,.F.);
#1776=ORIENTED_EDGE('',*,*,#1198,.T.);
#1777=ORIENTED_EDGE('',*,*,#1276,.T.);
#1778=ORIENTED_EDGE('',*,*,#1058,.F.);
#1779=ORIENTED_EDGE('',*,*,#1277,.F.);
#1780=ORIENTED_EDGE('',*,*,#1199,.T.);
#1781=ORIENTED_EDGE('',*,*,#1277,.T.);
#1782=ORIENTED_EDGE('',*,*,#1057,.F.);
#1783=ORIENTED_EDGE('',*,*,#1278,.F.);
#1784=ORIENTED_EDGE('',*,*,#1200,.T.);
#1785=ORIENTED_EDGE('',*,*,#1278,.T.);
#1786=ORIENTED_EDGE('',*,*,#1056,.F.);
#1787=ORIENTED_EDGE('',*,*,#1279,.F.);
#1788=ORIENTED_EDGE('',*,*,#1201,.T.);
#1789=ORIENTED_EDGE('',*,*,#1279,.T.);
#1790=ORIENTED_EDGE('',*,*,#1055,.F.);
#1791=ORIENTED_EDGE('',*,*,#1280,.F.);
#1792=ORIENTED_EDGE('',*,*,#1202,.T.);
#1793=ORIENTED_EDGE('',*,*,#1280,.T.);
#1794=ORIENTED_EDGE('',*,*,#1054,.F.);
#1795=ORIENTED_EDGE('',*,*,#1281,.F.);
#1796=ORIENTED_EDGE('',*,*,#1203,.T.);
#1797=ORIENTED_EDGE('',*,*,#1281,.T.);
#1798=ORIENTED_EDGE('',*,*,#1053,.F.);
#1799=ORIENTED_EDGE('',*,*,#1282,.F.);
#1800=ORIENTED_EDGE('',*,*,#1204,.T.);
#1801=ORIENTED_EDGE('',*,*,#1282,.T.);
#1802=ORIENTED_EDGE('',*,*,#1052,.F.);
#1803=ORIENTED_EDGE('',*,*,#1283,.F.);
#1804=ORIENTED_EDGE('',*,*,#1197,.T.);
#1805=ORIENTED_EDGE('',*,*,#1283,.T.);
#1806=ORIENTED_EDGE('',*,*,#1051,.F.);
#1807=ORIENTED_EDGE('',*,*,#1276,.F.);
#1808=ORIENTED_EDGE('',*,*,#1190,.T.);
#1809=ORIENTED_EDGE('',*,*,#1284,.T.);
#1810=ORIENTED_EDGE('',*,*,#1066,.F.);
#1811=ORIENTED_EDGE('',*,*,#1285,.F.);
#1812=ORIENTED_EDGE('',*,*,#1191,.T.);
#1813=ORIENTED_EDGE('',*,*,#1285,.T.);
#1814=ORIENTED_EDGE('',*,*,#1065,.F.);
#1815=ORIENTED_EDGE('',*,*,#1286,.F.);
#1816=ORIENTED_EDGE('',*,*,#1192,.T.);
#1817=ORIENTED_EDGE('',*,*,#1286,.T.);
#1818=ORIENTED_EDGE('',*,*,#1064,.F.);
#1819=ORIENTED_EDGE('',*,*,#1287,.F.);
#1820=ORIENTED_EDGE('',*,*,#1193,.T.);
#1821=ORIENTED_EDGE('',*,*,#1287,.T.);
#1822=ORIENTED_EDGE('',*,*,#1063,.F.);
#1823=ORIENTED_EDGE('',*,*,#1288,.F.);
#1824=ORIENTED_EDGE('',*,*,#1194,.T.);
#1825=ORIENTED_EDGE('',*,*,#1288,.T.);
#1826=ORIENTED_EDGE('',*,*,#1062,.F.);
#1827=ORIENTED_EDGE('',*,*,#1289,.F.);
#1828=ORIENTED_EDGE('',*,*,#1195,.T.);
#1829=ORIENTED_EDGE('',*,*,#1289,.T.);
#1830=ORIENTED_EDGE('',*,*,#1061,.F.);
#1831=ORIENTED_EDGE('',*,*,#1290,.F.);
#1832=ORIENTED_EDGE('',*,*,#1196,.T.);
#1833=ORIENTED_EDGE('',*,*,#1290,.T.);
#1834=ORIENTED_EDGE('',*,*,#1060,.F.);
#1835=ORIENTED_EDGE('',*,*,#1291,.F.);
#1836=ORIENTED_EDGE('',*,*,#1189,.T.);
#1837=ORIENTED_EDGE('',*,*,#1291,.T.);
#1838=ORIENTED_EDGE('',*,*,#1059,.F.);
#1839=ORIENTED_EDGE('',*,*,#1284,.F.);
#1840=ORIENTED_EDGE('',*,*,#1183,.T.);
#1841=ORIENTED_EDGE('',*,*,#1257,.T.);
#1842=ORIENTED_EDGE('',*,*,#1039,.F.);
#1843=ORIENTED_EDGE('',*,*,#1292,.F.);
#1844=ORIENTED_EDGE('',*,*,#1184,.T.);
#1845=ORIENTED_EDGE('',*,*,#1292,.T.);
#1846=ORIENTED_EDGE('',*,*,#1038,.F.);
#1847=ORIENTED_EDGE('',*,*,#1293,.F.);
#1848=ORIENTED_EDGE('',*,*,#1185,.T.);
#1849=ORIENTED_EDGE('',*,*,#1293,.T.);
#1850=ORIENTED_EDGE('',*,*,#1037,.F.);
#1851=ORIENTED_EDGE('',*,*,#1253,.F.);
#1852=ORIENTED_EDGE('',*,*,#1143,.F.);
#1853=ORIENTED_EDGE('',*,*,#1028,.F.);
#1854=ORIENTED_EDGE('',*,*,#1294,.F.);
#1855=ORIENTED_EDGE('',*,*,#1174,.T.);
#1856=ORIENTED_EDGE('',*,*,#1295,.T.);
#1857=ORIENTED_EDGE('',*,*,#1175,.T.);
#1858=ORIENTED_EDGE('',*,*,#1294,.T.);
#1859=ORIENTED_EDGE('',*,*,#1027,.F.);
#1860=ORIENTED_EDGE('',*,*,#1296,.F.);
#1861=ORIENTED_EDGE('',*,*,#1176,.T.);
#1862=ORIENTED_EDGE('',*,*,#1296,.T.);
#1863=ORIENTED_EDGE('',*,*,#1026,.F.);
#1864=ORIENTED_EDGE('',*,*,#1297,.F.);
#1865=ORIENTED_EDGE('',*,*,#1177,.T.);
#1866=ORIENTED_EDGE('',*,*,#1297,.T.);
#1867=ORIENTED_EDGE('',*,*,#1025,.F.);
#1868=ORIENTED_EDGE('',*,*,#1298,.F.);
#1869=ORIENTED_EDGE('',*,*,#1147,.F.);
#1870=ORIENTED_EDGE('',*,*,#1299,.F.);
#1871=ORIENTED_EDGE('',*,*,#1178,.T.);
#1872=ORIENTED_EDGE('',*,*,#1298,.T.);
#1873=ORIENTED_EDGE('',*,*,#1024,.F.);
#1874=ORIENTED_EDGE('',*,*,#1146,.F.);
#1875=ORIENTED_EDGE('',*,*,#1300,.F.);
#1876=ORIENTED_EDGE('',*,*,#1179,.T.);
#1877=ORIENTED_EDGE('',*,*,#1299,.T.);
#1878=ORIENTED_EDGE('',*,*,#1145,.F.);
#1879=ORIENTED_EDGE('',*,*,#1301,.F.);
#1880=ORIENTED_EDGE('',*,*,#1180,.T.);
#1881=ORIENTED_EDGE('',*,*,#1300,.T.);
#1882=ORIENTED_EDGE('',*,*,#1144,.F.);
#1883=ORIENTED_EDGE('',*,*,#1295,.F.);
#1884=ORIENTED_EDGE('',*,*,#1173,.T.);
#1885=ORIENTED_EDGE('',*,*,#1301,.T.);
#1886=ORIENTED_EDGE('',*,*,#1166,.T.);
#1887=ORIENTED_EDGE('',*,*,#1302,.T.);
#1888=ORIENTED_EDGE('',*,*,#1074,.F.);
#1889=ORIENTED_EDGE('',*,*,#1303,.F.);
#1890=ORIENTED_EDGE('',*,*,#1167,.T.);
#1891=ORIENTED_EDGE('',*,*,#1303,.T.);
#1892=ORIENTED_EDGE('',*,*,#1073,.F.);
#1893=ORIENTED_EDGE('',*,*,#1304,.F.);
#1894=ORIENTED_EDGE('',*,*,#1168,.T.);
#1895=ORIENTED_EDGE('',*,*,#1304,.T.);
#1896=ORIENTED_EDGE('',*,*,#1072,.F.);
#1897=ORIENTED_EDGE('',*,*,#1305,.F.);
#1898=ORIENTED_EDGE('',*,*,#1169,.T.);
#1899=ORIENTED_EDGE('',*,*,#1305,.T.);
#1900=ORIENTED_EDGE('',*,*,#1071,.F.);
#1901=ORIENTED_EDGE('',*,*,#1306,.F.);
#1902=ORIENTED_EDGE('',*,*,#1170,.T.);
#1903=ORIENTED_EDGE('',*,*,#1306,.T.);
#1904=ORIENTED_EDGE('',*,*,#1070,.F.);
#1905=ORIENTED_EDGE('',*,*,#1307,.F.);
#1906=ORIENTED_EDGE('',*,*,#1171,.T.);
#1907=ORIENTED_EDGE('',*,*,#1307,.T.);
#1908=ORIENTED_EDGE('',*,*,#1069,.F.);
#1909=ORIENTED_EDGE('',*,*,#1308,.F.);
#1910=ORIENTED_EDGE('',*,*,#1172,.T.);
#1911=ORIENTED_EDGE('',*,*,#1308,.T.);
#1912=ORIENTED_EDGE('',*,*,#1068,.F.);
#1913=ORIENTED_EDGE('',*,*,#1309,.F.);
#1914=ORIENTED_EDGE('',*,*,#1165,.T.);
#1915=ORIENTED_EDGE('',*,*,#1309,.T.);
#1916=ORIENTED_EDGE('',*,*,#1067,.F.);
#1917=ORIENTED_EDGE('',*,*,#1302,.F.);
#1918=CYLINDRICAL_SURFACE('',#2074,2.35);
#1919=CYLINDRICAL_SURFACE('',#2104,1.);
#1920=CYLINDRICAL_SURFACE('',#2114,1.);
#1921=CYLINDRICAL_SURFACE('',#2116,1.);
#1922=CYLINDRICAL_SURFACE('',#2126,1.);
#1923=CYLINDRICAL_SURFACE('',#2129,5.);
#1924=CYLINDRICAL_SURFACE('',#2175,2.35);
#1925=CYLINDRICAL_SURFACE('',#2176,2.35);
#1926=CYLINDRICAL_SURFACE('',#2186,3.);
#1927=CYLINDRICAL_SURFACE('',#2190,3.);
#1928=CYLINDRICAL_SURFACE('',#2194,3.);
#1929=CYLINDRICAL_SURFACE('',#2196,2.35);
#1930=CYLINDRICAL_SURFACE('',#2198,0.499999999999998);
#1931=CYLINDRICAL_SURFACE('',#2200,0.499999999999998);
#1932=CYLINDRICAL_SURFACE('',#2203,0.499999999999998);
#1933=CYLINDRICAL_SURFACE('',#2205,0.499999999999998);
#1934=CYLINDRICAL_SURFACE('',#2208,0.499999999999998);
#1935=CYLINDRICAL_SURFACE('',#2210,0.500000000000003);
#1936=CYLINDRICAL_SURFACE('',#2212,0.499999999999998);
#1937=CYLINDRICAL_SURFACE('',#2214,0.499999999999998);
#1938=CYLINDRICAL_SURFACE('',#2216,0.500000000000007);
#1939=CYLINDRICAL_SURFACE('',#2218,0.499999999999998);
#1940=CYLINDRICAL_SURFACE('',#2220,0.500000000000007);
#1941=CYLINDRICAL_SURFACE('',#2222,0.499999999999998);
#1942=CYLINDRICAL_SURFACE('',#2223,0.499999999999998);
#1943=CYLINDRICAL_SURFACE('',#2225,0.499999999999998);
#1944=CYLINDRICAL_SURFACE('',#2227,0.499999999999989);
#1945=CYLINDRICAL_SURFACE('',#2229,0.500000000000003);
#1946=CYLINDRICAL_SURFACE('',#2231,0.500000000000007);
#1947=CYLINDRICAL_SURFACE('',#2233,0.499999999999998);
#1948=CYLINDRICAL_SURFACE('',#2235,0.500000000000007);
#1949=CYLINDRICAL_SURFACE('',#2237,0.500000000000003);
#1950=CYLINDRICAL_SURFACE('',#2239,0.500000000000007);
#1951=CYLINDRICAL_SURFACE('',#2241,0.499999999999998);
#1952=CYLINDRICAL_SURFACE('',#2242,0.499999999999998);
#1953=CYLINDRICAL_SURFACE('',#2244,0.499999999999998);
#1954=CYLINDRICAL_SURFACE('',#2246,0.499999999999989);
#1955=CYLINDRICAL_SURFACE('',#2248,0.499999999999998);
#1956=CYLINDRICAL_SURFACE('',#2250,0.500000000000007);
#1957=CYLINDRICAL_SURFACE('',#2252,0.499999999999998);
#1958=CYLINDRICAL_SURFACE('',#2254,0.499999999999998);
#1959=CYLINDRICAL_SURFACE('',#2256,0.500000000000003);
#1960=CYLINDRICAL_SURFACE('',#2258,0.499999999999998);
#1961=CYLINDRICAL_SURFACE('',#2260,0.499999999999998);
#1962=ADVANCED_FACE('',(#91),#1918,.F.);
#1963=ADVANCED_FACE('',(#92,#19,#20,#21,#22),#41,.T.);
#1964=ADVANCED_FACE('',(#93),#1919,.T.);
#1965=ADVANCED_FACE('',(#94,#23,#24,#25,#26),#42,.T.);
#1966=ADVANCED_FACE('',(#95),#43,.T.);
#1967=ADVANCED_FACE('',(#96),#1920,.T.);
#1968=ADVANCED_FACE('',(#97),#1921,.T.);
#1969=ADVANCED_FACE('',(#98,#27,#28,#29,#30),#44,.F.);
#1970=ADVANCED_FACE('',(#99),#45,.T.);
#1971=ADVANCED_FACE('',(#100),#46,.T.);
#1972=ADVANCED_FACE('',(#101),#47,.T.);
#1973=ADVANCED_FACE('',(#102),#1922,.T.);
#1974=ADVANCED_FACE('',(#103),#48,.T.);
#1975=ADVANCED_FACE('',(#104),#1923,.T.);
#1976=ADVANCED_FACE('',(#105),#17,.F.);
#1977=ADVANCED_FACE('',(#106,#31,#32,#33,#34,#35,#36,#37,#38,#39,#40),#49,
 .F.);
#1978=ADVANCED_FACE('',(#107),#1924,.F.);
#1979=ADVANCED_FACE('',(#108),#1925,.F.);
#1980=ADVANCED_FACE('',(#109),#50,.T.);
#1981=ADVANCED_FACE('',(#110),#51,.T.);
#1982=ADVANCED_FACE('',(#111),#52,.T.);
#1983=ADVANCED_FACE('',(#112),#53,.T.);
#1984=ADVANCED_FACE('',(#113),#54,.T.);
#1985=ADVANCED_FACE('',(#114),#55,.T.);
#1986=ADVANCED_FACE('',(#115),#56,.T.);
#1987=ADVANCED_FACE('',(#116),#57,.T.);
#1988=ADVANCED_FACE('',(#117),#58,.T.);
#1989=ADVANCED_FACE('',(#118),#1926,.T.);
#1990=ADVANCED_FACE('',(#119),#15,.T.);
#1991=ADVANCED_FACE('',(#120),#1927,.T.);
#1992=ADVANCED_FACE('',(#121),#16,.T.);
#1993=ADVANCED_FACE('',(#122),#1928,.T.);
#1994=ADVANCED_FACE('',(#123),#18,.F.);
#1995=ADVANCED_FACE('',(#124),#1929,.F.);
#1996=ADVANCED_FACE('',(#125),#59,.T.);
#1997=ADVANCED_FACE('',(#126),#1930,.F.);
#1998=ADVANCED_FACE('',(#127),#60,.T.);
#1999=ADVANCED_FACE('',(#128),#1931,.F.);
#2000=ADVANCED_FACE('',(#129),#61,.T.);
#2001=ADVANCED_FACE('',(#130),#62,.T.);
#2002=ADVANCED_FACE('',(#131),#1932,.F.);
#2003=ADVANCED_FACE('',(#132),#63,.T.);
#2004=ADVANCED_FACE('',(#133),#1933,.F.);
#2005=ADVANCED_FACE('',(#134),#64,.T.);
#2006=ADVANCED_FACE('',(#135),#65,.T.);
#2007=ADVANCED_FACE('',(#136),#1934,.F.);
#2008=ADVANCED_FACE('',(#137),#66,.T.);
#2009=ADVANCED_FACE('',(#138),#1935,.F.);
#2010=ADVANCED_FACE('',(#139),#67,.T.);
#2011=ADVANCED_FACE('',(#140),#1936,.F.);
#2012=ADVANCED_FACE('',(#141),#68,.T.);
#2013=ADVANCED_FACE('',(#142),#1937,.F.);
#2014=ADVANCED_FACE('',(#143),#69,.T.);
#2015=ADVANCED_FACE('',(#144),#1938,.F.);
#2016=ADVANCED_FACE('',(#145),#70,.T.);
#2017=ADVANCED_FACE('',(#146),#1939,.F.);
#2018=ADVANCED_FACE('',(#147),#71,.T.);
#2019=ADVANCED_FACE('',(#148),#1940,.F.);
#2020=ADVANCED_FACE('',(#149),#72,.T.);
#2021=ADVANCED_FACE('',(#150),#1941,.F.);
#2022=ADVANCED_FACE('',(#151),#1942,.F.);
#2023=ADVANCED_FACE('',(#152),#73,.T.);
#2024=ADVANCED_FACE('',(#153),#1943,.F.);
#2025=ADVANCED_FACE('',(#154),#74,.T.);
#2026=ADVANCED_FACE('',(#155),#1944,.F.);
#2027=ADVANCED_FACE('',(#156),#75,.T.);
#2028=ADVANCED_FACE('',(#157),#1945,.F.);
#2029=ADVANCED_FACE('',(#158),#76,.T.);
#2030=ADVANCED_FACE('',(#159),#1946,.F.);
#2031=ADVANCED_FACE('',(#160),#77,.T.);
#2032=ADVANCED_FACE('',(#161),#1947,.F.);
#2033=ADVANCED_FACE('',(#162),#78,.T.);
#2034=ADVANCED_FACE('',(#163),#1948,.F.);
#2035=ADVANCED_FACE('',(#164),#79,.T.);
#2036=ADVANCED_FACE('',(#165),#1949,.F.);
#2037=ADVANCED_FACE('',(#166),#80,.T.);
#2038=ADVANCED_FACE('',(#167),#1950,.F.);
#2039=ADVANCED_FACE('',(#168),#81,.T.);
#2040=ADVANCED_FACE('',(#169),#1951,.F.);
#2041=ADVANCED_FACE('',(#170),#1952,.F.);
#2042=ADVANCED_FACE('',(#171),#82,.T.);
#2043=ADVANCED_FACE('',(#172),#1953,.F.);
#2044=ADVANCED_FACE('',(#173),#83,.T.);
#2045=ADVANCED_FACE('',(#174),#1954,.F.);
#2046=ADVANCED_FACE('',(#175),#84,.T.);
#2047=ADVANCED_FACE('',(#176),#1955,.F.);
#2048=ADVANCED_FACE('',(#177),#85,.T.);
#2049=ADVANCED_FACE('',(#178),#1956,.F.);
#2050=ADVANCED_FACE('',(#179),#86,.T.);
#2051=ADVANCED_FACE('',(#180),#1957,.F.);
#2052=ADVANCED_FACE('',(#181),#87,.T.);
#2053=ADVANCED_FACE('',(#182),#1958,.F.);
#2054=ADVANCED_FACE('',(#183),#88,.T.);
#2055=ADVANCED_FACE('',(#184),#1959,.F.);
#2056=ADVANCED_FACE('',(#185),#89,.T.);
#2057=ADVANCED_FACE('',(#186),#1960,.F.);
#2058=ADVANCED_FACE('',(#187),#90,.T.);
#2059=ADVANCED_FACE('',(#188),#1961,.F.);
#2060=CLOSED_SHELL('',(#1962,#1963,#1964,#1965,#1966,#1967,#1968,#1969,
#1970,#1971,#1972,#1973,#1974,#1975,#1976,#1977,#1978,#1979,#1980,#1981,
#1982,#1983,#1984,#1985,#1986,#1987,#1988,#1989,#1990,#1991,#1992,#1993,
#1994,#1995,#1996,#1997,#1998,#1999,#2000,#2001,#2002,#2003,#2004,#2005,
#2006,#2007,#2008,#2009,#2010,#2011,#2012,#2013,#2014,#2015,#2016,#2017,
#2018,#2019,#2020,#2021,#2022,#2023,#2024,#2025,#2026,#2027,#2028,#2029,
#2030,#2031,#2032,#2033,#2034,#2035,#2036,#2037,#2038,#2039,#2040,#2041,
#2042,#2043,#2044,#2045,#2046,#2047,#2048,#2049,#2050,#2051,#2052,#2053,
#2054,#2055,#2056,#2057,#2058,#2059));
#2061=DERIVED_UNIT_ELEMENT(#2063,1.);
#2062=DERIVED_UNIT_ELEMENT(#3666,-3.);
#2063=(
MASS_UNIT()
NAMED_UNIT(*)
SI_UNIT(.KILO.,.GRAM.)
);
#2064=DERIVED_UNIT((#2061,#2062));
#2065=MEASURE_REPRESENTATION_ITEM('density measure',
POSITIVE_RATIO_MEASURE(7850.),#2064);
#2066=PROPERTY_DEFINITION_REPRESENTATION(#2071,#2068);
#2067=PROPERTY_DEFINITION_REPRESENTATION(#2072,#2069);
#2068=REPRESENTATION('material name',(#2070),#3663);
#2069=REPRESENTATION('density',(#2065),#3663);
#2070=DESCRIPTIVE_REPRESENTATION_ITEM('Steel','Steel');
#2071=PROPERTY_DEFINITION('material property','material name',#3673);
#2072=PROPERTY_DEFINITION('material property','density of part',#3673);
#2073=AXIS2_PLACEMENT_3D('',#2828,#2261,#2262);
#2074=AXIS2_PLACEMENT_3D('',#2829,#2263,#2264);
#2075=AXIS2_PLACEMENT_3D('',#2841,#2265,#2266);
#2076=AXIS2_PLACEMENT_3D('',#2850,#2268,#2269);
#2077=AXIS2_PLACEMENT_3D('',#2851,#2270,#2271);
#2078=AXIS2_PLACEMENT_3D('',#2859,#2275,#2276);
#2079=AXIS2_PLACEMENT_3D('',#2861,#2277,#2278);
#2080=AXIS2_PLACEMENT_3D('',#2869,#2282,#2283);
#2081=AXIS2_PLACEMENT_3D('',#2873,#2285,#2286);
#2082=AXIS2_PLACEMENT_3D('',#2881,#2290,#2291);
#2083=AXIS2_PLACEMENT_3D('',#2885,#2293,#2294);
#2084=AXIS2_PLACEMENT_3D('',#2893,#2298,#2299);
#2085=AXIS2_PLACEMENT_3D('',#2897,#2301,#2302);
#2086=AXIS2_PLACEMENT_3D('',#2905,#2306,#2307);
#2087=AXIS2_PLACEMENT_3D('',#2909,#2309,#2310);
#2088=AXIS2_PLACEMENT_3D('',#2917,#2314,#2315);
#2089=AXIS2_PLACEMENT_3D('',#2921,#2317,#2318);
#2090=AXIS2_PLACEMENT_3D('',#2925,#2320,#2321);
#2091=AXIS2_PLACEMENT_3D('',#2929,#2323,#2324);
#2092=AXIS2_PLACEMENT_3D('',#2933,#2326,#2327);
#2093=AXIS2_PLACEMENT_3D('',#2937,#2329,#2330);
#2094=AXIS2_PLACEMENT_3D('',#2941,#2332,#2333);
#2095=AXIS2_PLACEMENT_3D('',#2945,#2335,#2336);
#2096=AXIS2_PLACEMENT_3D('',#2949,#2338,#2339);
#2097=AXIS2_PLACEMENT_3D('',#2953,#2341,#2342);
#2098=AXIS2_PLACEMENT_3D('',#2957,#2344,#2345);
#2099=AXIS2_PLACEMENT_3D('',#2961,#2347,#2348);
#2100=AXIS2_PLACEMENT_3D('',#2965,#2350,#2351);
#2101=AXIS2_PLACEMENT_3D('',#2969,#2353,#2354);
#2102=AXIS2_PLACEMENT_3D('',#2973,#2356,#2357);
#2103=AXIS2_PLACEMENT_3D('',#2977,#2359,#2360);
#2104=AXIS2_PLACEMENT_3D('',#2979,#2362,#2363);
#2105=AXIS2_PLACEMENT_3D('',#2982,#2364,#2365);
#2106=AXIS2_PLACEMENT_3D('',#2986,#2367,#2368);
#2107=AXIS2_PLACEMENT_3D('',#2988,#2370,#2371);
#2108=AXIS2_PLACEMENT_3D('',#2992,#2373,#2374);
#2109=AXIS2_PLACEMENT_3D('',#2998,#2377,#2378);
#2110=AXIS2_PLACEMENT_3D('',#3024,#2381,#2382);
#2111=AXIS2_PLACEMENT_3D('',#3027,#2384,#2385);
#2112=AXIS2_PLACEMENT_3D('',#3029,#2386,#2387);
#2113=AXIS2_PLACEMENT_3D('',#3046,#2396,#2397);
#2114=AXIS2_PLACEMENT_3D('',#3050,#2400,#2401);
#2115=AXIS2_PLACEMENT_3D('',#3052,#2402,#2403);
#2116=AXIS2_PLACEMENT_3D('',#3054,#2405,#2406);
#2117=AXIS2_PLACEMENT_3D('',#3067,#2409,#2410);
#2118=AXIS2_PLACEMENT_3D('',#3070,#2412,#2413);
#2119=AXIS2_PLACEMENT_3D('',#3071,#2414,#2415);
#2120=AXIS2_PLACEMENT_3D('',#3075,#2417,#2418);
#2121=AXIS2_PLACEMENT_3D('',#3097,#2430,#2431);
#2122=AXIS2_PLACEMENT_3D('',#3099,#2432,#2433);
#2123=AXIS2_PLACEMENT_3D('',#3100,#2434,#2435);
#2124=AXIS2_PLACEMENT_3D('',#3102,#2437,#2438);
#2125=AXIS2_PLACEMENT_3D('',#3110,#2439,#2440);
#2126=AXIS2_PLACEMENT_3D('',#3114,#2443,#2444);
#2127=AXIS2_PLACEMENT_3D('',#3116,#2445,#2446);
#2128=AXIS2_PLACEMENT_3D('',#3124,#2448,#2449);
#2129=AXIS2_PLACEMENT_3D('',#3125,#2450,#2451);
#2130=AXIS2_PLACEMENT_3D('',#3132,#2452,#2453);
#2131=AXIS2_PLACEMENT_3D('',#3157,#2455,#2456);
#2132=AXIS2_PLACEMENT_3D('',#3159,#2457,#2458);
#2133=AXIS2_PLACEMENT_3D('',#3184,#2460,#2461);
#2134=AXIS2_PLACEMENT_3D('',#3186,#2462,#2463);
#2135=AXIS2_PLACEMENT_3D('',#3211,#2465,#2466);
#2136=AXIS2_PLACEMENT_3D('',#3213,#2467,#2468);
#2137=AXIS2_PLACEMENT_3D('',#3238,#2470,#2471);
#2138=AXIS2_PLACEMENT_3D('',#3293,#2472,#2473);
#2139=AXIS2_PLACEMENT_3D('',#3294,#2474,#2475);
#2140=AXIS2_PLACEMENT_3D('',#3324,#2477,#2478);
#2141=AXIS2_PLACEMENT_3D('',#3328,#2480,#2481);
#2142=AXIS2_PLACEMENT_3D('',#3331,#2483,#2484);
#2143=AXIS2_PLACEMENT_3D('',#3334,#2485,#2486);
#2144=AXIS2_PLACEMENT_3D('',#3338,#2488,#2489);
#2145=AXIS2_PLACEMENT_3D('',#3342,#2491,#2492);
#2146=AXIS2_PLACEMENT_3D('',#3346,#2494,#2495);
#2147=AXIS2_PLACEMENT_3D('',#3350,#2497,#2498);
#2148=AXIS2_PLACEMENT_3D('',#3354,#2500,#2501);
#2149=AXIS2_PLACEMENT_3D('',#3358,#2503,#2504);
#2150=AXIS2_PLACEMENT_3D('',#3362,#2506,#2507);
#2151=AXIS2_PLACEMENT_3D('',#3366,#2509,#2510);
#2152=AXIS2_PLACEMENT_3D('',#3370,#2512,#2513);
#2153=AXIS2_PLACEMENT_3D('',#3374,#2515,#2516);
#2154=AXIS2_PLACEMENT_3D('',#3378,#2518,#2519);
#2155=AXIS2_PLACEMENT_3D('',#3382,#2521,#2522);
#2156=AXIS2_PLACEMENT_3D('',#3386,#2524,#2525);
#2157=AXIS2_PLACEMENT_3D('',#3390,#2527,#2528);
#2158=AXIS2_PLACEMENT_3D('',#3394,#2530,#2531);
#2159=AXIS2_PLACEMENT_3D('',#3398,#2533,#2534);
#2160=AXIS2_PLACEMENT_3D('',#3402,#2536,#2537);
#2161=AXIS2_PLACEMENT_3D('',#3406,#2539,#2540);
#2162=AXIS2_PLACEMENT_3D('',#3410,#2542,#2543);
#2163=AXIS2_PLACEMENT_3D('',#3414,#2545,#2546);
#2164=AXIS2_PLACEMENT_3D('',#3418,#2548,#2549);
#2165=AXIS2_PLACEMENT_3D('',#3422,#2551,#2552);
#2166=AXIS2_PLACEMENT_3D('',#3426,#2554,#2555);
#2167=AXIS2_PLACEMENT_3D('',#3430,#2557,#2558);
#2168=AXIS2_PLACEMENT_3D('',#3434,#2560,#2561);
#2169=AXIS2_PLACEMENT_3D('',#3438,#2563,#2564);
#2170=AXIS2_PLACEMENT_3D('',#3442,#2566,#2567);
#2171=AXIS2_PLACEMENT_3D('',#3446,#2569,#2570);
#2172=AXIS2_PLACEMENT_3D('',#3450,#2572,#2573);
#2173=AXIS2_PLACEMENT_3D('',#3454,#2575,#2576);
#2174=AXIS2_PLACEMENT_3D('',#3458,#2578,#2579);
#2175=AXIS2_PLACEMENT_3D('',#3460,#2581,#2582);
#2176=AXIS2_PLACEMENT_3D('',#3462,#2584,#2585);
#2177=AXIS2_PLACEMENT_3D('',#3464,#2587,#2588);
#2178=AXIS2_PLACEMENT_3D('',#3467,#2591,#2592);
#2179=AXIS2_PLACEMENT_3D('',#3469,#2594,#2595);
#2180=AXIS2_PLACEMENT_3D('',#3471,#2597,#2598);
#2181=AXIS2_PLACEMENT_3D('',#3472,#2599,#2600);
#2182=AXIS2_PLACEMENT_3D('',#3475,#2603,#2604);
#2183=AXIS2_PLACEMENT_3D('',#3477,#2606,#2607);
#2184=AXIS2_PLACEMENT_3D('',#3479,#2609,#2610);
#2185=AXIS2_PLACEMENT_3D('',#3480,#2611,#2612);
#2186=AXIS2_PLACEMENT_3D('',#3481,#2613,#2614);
#2187=AXIS2_PLACEMENT_3D('',#3482,#2615,#2616);
#2188=AXIS2_PLACEMENT_3D('',#3483,#2617,#2618);
#2189=AXIS2_PLACEMENT_3D('',#3484,#2619,#2620);
#2190=AXIS2_PLACEMENT_3D('',#3485,#2621,#2622);
#2191=AXIS2_PLACEMENT_3D('',#3486,#2623,#2624);
#2192=AXIS2_PLACEMENT_3D('',#3487,#2625,#2626);
#2193=AXIS2_PLACEMENT_3D('',#3488,#2627,#2628);
#2194=AXIS2_PLACEMENT_3D('',#3489,#2629,#2630);
#2195=AXIS2_PLACEMENT_3D('',#3505,#2631,#2632);
#2196=AXIS2_PLACEMENT_3D('',#3531,#2633,#2634);
#2197=AXIS2_PLACEMENT_3D('',#3533,#2636,#2637);
#2198=AXIS2_PLACEMENT_3D('',#3536,#2640,#2641);
#2199=AXIS2_PLACEMENT_3D('',#3538,#2643,#2644);
#2200=AXIS2_PLACEMENT_3D('',#3540,#2646,#2647);
#2201=AXIS2_PLACEMENT_3D('',#3542,#2649,#2650);
#2202=AXIS2_PLACEMENT_3D('',#3544,#2652,#2653);
#2203=AXIS2_PLACEMENT_3D('',#3547,#2656,#2657);
#2204=AXIS2_PLACEMENT_3D('',#3549,#2659,#2660);
#2205=AXIS2_PLACEMENT_3D('',#3551,#2662,#2663);
#2206=AXIS2_PLACEMENT_3D('',#3553,#2665,#2666);
#2207=AXIS2_PLACEMENT_3D('',#3555,#2668,#2669);
#2208=AXIS2_PLACEMENT_3D('',#3558,#2672,#2673);
#2209=AXIS2_PLACEMENT_3D('',#3560,#2675,#2676);
#2210=AXIS2_PLACEMENT_3D('',#3562,#2678,#2679);
#2211=AXIS2_PLACEMENT_3D('',#3564,#2681,#2682);
#2212=AXIS2_PLACEMENT_3D('',#3566,#2684,#2685);
#2213=AXIS2_PLACEMENT_3D('',#3568,#2687,#2688);
#2214=AXIS2_PLACEMENT_3D('',#3570,#2690,#2691);
#2215=AXIS2_PLACEMENT_3D('',#3571,#2692,#2693);
#2216=AXIS2_PLACEMENT_3D('',#3574,#2696,#2697);
#2217=AXIS2_PLACEMENT_3D('',#3576,#2699,#2700);
#2218=AXIS2_PLACEMENT_3D('',#3578,#2702,#2703);
#2219=AXIS2_PLACEMENT_3D('',#3580,#2705,#2706);
#2220=AXIS2_PLACEMENT_3D('',#3582,#2708,#2709);
#2221=AXIS2_PLACEMENT_3D('',#3584,#2711,#2712);
#2222=AXIS2_PLACEMENT_3D('',#3586,#2714,#2715);
#2223=AXIS2_PLACEMENT_3D('',#3587,#2716,#2717);
#2224=AXIS2_PLACEMENT_3D('',#3589,#2719,#2720);
#2225=AXIS2_PLACEMENT_3D('',#3591,#2722,#2723);
#2226=AXIS2_PLACEMENT_3D('',#3592,#2724,#2725);
#2227=AXIS2_PLACEMENT_3D('',#3595,#2728,#2729);
#2228=AXIS2_PLACEMENT_3D('',#3597,#2731,#2732);
#2229=AXIS2_PLACEMENT_3D('',#3599,#2734,#2735);
#2230=AXIS2_PLACEMENT_3D('',#3601,#2737,#2738);
#2231=AXIS2_PLACEMENT_3D('',#3603,#2740,#2741);
#2232=AXIS2_PLACEMENT_3D('',#3605,#2743,#2744);
#2233=AXIS2_PLACEMENT_3D('',#3607,#2746,#2747);
#2234=AXIS2_PLACEMENT_3D('',#3608,#2748,#2749);
#2235=AXIS2_PLACEMENT_3D('',#3611,#2752,#2753);
#2236=AXIS2_PLACEMENT_3D('',#3613,#2755,#2756);
#2237=AXIS2_PLACEMENT_3D('',#3615,#2758,#2759);
#2238=AXIS2_PLACEMENT_3D('',#3617,#2761,#2762);
#2239=AXIS2_PLACEMENT_3D('',#3619,#2764,#2765);
#2240=AXIS2_PLACEMENT_3D('',#3621,#2767,#2768);
#2241=AXIS2_PLACEMENT_3D('',#3623,#2770,#2771);
#2242=AXIS2_PLACEMENT_3D('',#3624,#2772,#2773);
#2243=AXIS2_PLACEMENT_3D('',#3626,#2775,#2776);
#2244=AXIS2_PLACEMENT_3D('',#3628,#2778,#2779);
#2245=AXIS2_PLACEMENT_3D('',#3629,#2780,#2781);
#2246=AXIS2_PLACEMENT_3D('',#3632,#2784,#2785);
#2247=AXIS2_PLACEMENT_3D('',#3634,#2787,#2788);
#2248=AXIS2_PLACEMENT_3D('',#3636,#2790,#2791);
#2249=AXIS2_PLACEMENT_3D('',#3638,#2793,#2794);
#2250=AXIS2_PLACEMENT_3D('',#3640,#2796,#2797);
#2251=AXIS2_PLACEMENT_3D('',#3642,#2799,#2800);
#2252=AXIS2_PLACEMENT_3D('',#3644,#2802,#2803);
#2253=AXIS2_PLACEMENT_3D('',#3645,#2804,#2805);
#2254=AXIS2_PLACEMENT_3D('',#3648,#2808,#2809);
#2255=AXIS2_PLACEMENT_3D('',#3650,#2811,#2812);
#2256=AXIS2_PLACEMENT_3D('',#3652,#2814,#2815);
#2257=AXIS2_PLACEMENT_3D('',#3654,#2817,#2818);
#2258=AXIS2_PLACEMENT_3D('',#3656,#2820,#2821);
#2259=AXIS2_PLACEMENT_3D('',#3658,#2823,#2824);
#2260=AXIS2_PLACEMENT_3D('',#3660,#2826,#2827);
#2261=DIRECTION('axis',(0.,0.,1.));
#2262=DIRECTION('refdir',(1.,0.,0.));
#2263=DIRECTION('center_axis',(0.,0.,-1.));
#2264=DIRECTION('ref_axis',(1.,0.,0.));
#2265=DIRECTION('center_axis',(0.,0.,-1.));
#2266=DIRECTION('ref_axis',(1.,0.,0.));
#2267=DIRECTION('',(0.,0.,-1.));
#2268=DIRECTION('center_axis',(0.,0.,1.));
#2269=DIRECTION('ref_axis',(1.,0.,0.));
#2270=DIRECTION('center_axis',(0.,0.,1.));
#2271=DIRECTION('ref_axis',(1.,0.,0.));
#2272=DIRECTION('',(-3.90597462145384E-5,0.999999999237168,0.));
#2273=DIRECTION('',(-1.,-1.21521784656869E-18,0.));
#2274=DIRECTION('',(3.90597462170477E-5,-0.999999999237168,0.));
#2275=DIRECTION('center_axis',(0.,0.,-1.));
#2276=DIRECTION('ref_axis',(1.,0.,0.));
#2277=DIRECTION('center_axis',(0.,0.,-1.));
#2278=DIRECTION('ref_axis',(1.,0.,0.));
#2279=DIRECTION('',(3.90597462170477E-5,-0.999999999237168,0.));
#2280=DIRECTION('',(1.,0.,0.));
#2281=DIRECTION('',(0.,-1.,0.));
#2282=DIRECTION('center_axis',(0.,0.,-1.));
#2283=DIRECTION('ref_axis',(3.55271367880051E-14,-1.,0.));
#2284=DIRECTION('',(-1.,0.,0.));
#2285=DIRECTION('center_axis',(0.,0.,-1.));
#2286=DIRECTION('ref_axis',(-1.,0.,0.));
#2287=DIRECTION('',(0.,1.,0.));
#2288=DIRECTION('',(1.,0.,0.));
#2289=DIRECTION('',(0.,-1.,0.));
#2290=DIRECTION('center_axis',(0.,0.,-1.));
#2291=DIRECTION('ref_axis',(0.,-1.,0.));
#2292=DIRECTION('',(-1.,0.,0.));
#2293=DIRECTION('center_axis',(0.,0.,-1.));
#2294=DIRECTION('ref_axis',(-1.,0.,0.));
#2295=DIRECTION('',(0.,1.,0.));
#2296=DIRECTION('',(1.,0.,0.));
#2297=DIRECTION('',(0.,-1.,0.));
#2298=DIRECTION('center_axis',(0.,0.,-1.));
#2299=DIRECTION('ref_axis',(0.,-1.,0.));
#2300=DIRECTION('',(-1.,0.,0.));
#2301=DIRECTION('center_axis',(0.,0.,-1.));
#2302=DIRECTION('ref_axis',(-1.,0.,0.));
#2303=DIRECTION('',(0.,1.,0.));
#2304=DIRECTION('',(1.,0.,0.));
#2305=DIRECTION('',(0.,-1.,0.));
#2306=DIRECTION('center_axis',(0.,0.,-1.));
#2307=DIRECTION('ref_axis',(-8.88178419700128E-15,-1.,0.));
#2308=DIRECTION('',(-1.,0.,0.));
#2309=DIRECTION('center_axis',(0.,0.,-1.));
#2310=DIRECTION('ref_axis',(-1.,0.,0.));
#2311=DIRECTION('',(0.,1.,0.));
#2312=DIRECTION('',(1.,0.,0.));
#2313=DIRECTION('',(-3.90597462145384E-5,0.999999999237168,0.));
#2314=DIRECTION('center_axis',(0.,0.,-1.));
#2315=DIRECTION('ref_axis',(0.,1.,0.));
#2316=DIRECTION('',(1.,0.,0.));
#2317=DIRECTION('center_axis',(0.,0.,-1.));
#2318=DIRECTION('ref_axis',(1.,0.,0.));
#2319=DIRECTION('',(0.,-1.,0.));
#2320=DIRECTION('center_axis',(0.,0.,-1.));
#2321=DIRECTION('ref_axis',(-8.8817841970012E-15,-1.,0.));
#2322=DIRECTION('',(-1.,0.,0.));
#2323=DIRECTION('center_axis',(0.,0.,-1.));
#2324=DIRECTION('ref_axis',(-1.,0.,0.));
#2325=DIRECTION('',(0.,1.,0.));
#2326=DIRECTION('center_axis',(0.,0.,-1.));
#2327=DIRECTION('ref_axis',(0.,1.,0.));
#2328=DIRECTION('',(1.,0.,0.));
#2329=DIRECTION('center_axis',(0.,0.,-1.));
#2330=DIRECTION('ref_axis',(1.,0.,0.));
#2331=DIRECTION('',(0.,-1.,0.));
#2332=DIRECTION('center_axis',(0.,0.,-1.));
#2333=DIRECTION('ref_axis',(0.,-1.,0.));
#2334=DIRECTION('',(-1.,0.,0.));
#2335=DIRECTION('center_axis',(0.,0.,-1.));
#2336=DIRECTION('ref_axis',(-1.,0.,0.));
#2337=DIRECTION('',(0.,1.,0.));
#2338=DIRECTION('center_axis',(0.,0.,-1.));
#2339=DIRECTION('ref_axis',(0.,1.,0.));
#2340=DIRECTION('',(1.,0.,0.));
#2341=DIRECTION('center_axis',(0.,0.,-1.));
#2342=DIRECTION('ref_axis',(1.,0.,0.));
#2343=DIRECTION('',(0.,-1.,0.));
#2344=DIRECTION('center_axis',(0.,0.,-1.));
#2345=DIRECTION('ref_axis',(3.55271367880048E-14,-1.,0.));
#2346=DIRECTION('',(-1.,0.,0.));
#2347=DIRECTION('center_axis',(0.,0.,-1.));
#2348=DIRECTION('ref_axis',(-1.,0.,0.));
#2349=DIRECTION('',(0.,1.,0.));
#2350=DIRECTION('center_axis',(0.,0.,-1.));
#2351=DIRECTION('ref_axis',(0.,1.,0.));
#2352=DIRECTION('',(1.,0.,0.));
#2353=DIRECTION('center_axis',(0.,0.,-1.));
#2354=DIRECTION('ref_axis',(1.,0.,0.));
#2355=DIRECTION('',(0.,-1.,0.));
#2356=DIRECTION('center_axis',(0.,0.,-1.));
#2357=DIRECTION('ref_axis',(0.,-1.,0.));
#2358=DIRECTION('',(-1.,0.,0.));
#2359=DIRECTION('center_axis',(0.,0.,-1.));
#2360=DIRECTION('ref_axis',(-1.,0.,0.));
#2361=DIRECTION('',(0.,1.,0.));
#2362=DIRECTION('center_axis',(0.,0.,1.));
#2363=DIRECTION('ref_axis',(0.70709394643091,0.707119615709225,0.));
#2364=DIRECTION('center_axis',(0.,0.,-1.));
#2365=DIRECTION('ref_axis',(0.70709394643091,0.707119615709225,0.));
#2366=DIRECTION('',(0.,0.,-1.));
#2367=DIRECTION('center_axis',(0.,0.,1.));
#2368=DIRECTION('ref_axis',(0.70709394643091,0.707119615709225,0.));
#2369=DIRECTION('',(0.,0.,1.));
#2370=DIRECTION('center_axis',(0.,0.,1.));
#2371=DIRECTION('ref_axis',(1.,0.,0.));
#2372=DIRECTION('',(-0.999999999341088,-3.63018415296933E-5,0.));
#2373=DIRECTION('center_axis',(0.,0.,-1.));
#2374=DIRECTION('ref_axis',(-0.707119615004117,0.707093947136043,0.));
#2375=DIRECTION('',(-1.99437462745611E-9,-1.,0.));
#2376=DIRECTION('',(0.,-1.,0.));
#2377=DIRECTION('center_axis',(0.,0.,-1.));
#2378=DIRECTION('ref_axis',(-0.707106781186555,-0.70710678118654,0.));
#2379=DIRECTION('',(-1.,0.,0.));
#2380=DIRECTION('',(-1.,0.,0.));
#2381=DIRECTION('center_axis',(0.,0.,-1.));
#2382=DIRECTION('ref_axis',(0.70710678118656,-0.707106781186535,0.));
#2383=DIRECTION('',(0.,-1.,0.));
#2384=DIRECTION('center_axis',(0.,0.,-1.));
#2385=DIRECTION('ref_axis',(1.,0.,0.));
#2386=DIRECTION('center_axis',(0.,0.,-1.));
#2387=DIRECTION('ref_axis',(1.,0.,0.));
#2388=DIRECTION('',(-1.,0.,0.));
#2389=DIRECTION('',(0.,1.,0.));
#2390=DIRECTION('',(1.,0.,0.));
#2391=DIRECTION('',(0.,-1.,0.));
#2392=DIRECTION('',(-1.,0.,0.));
#2393=DIRECTION('',(0.,1.,0.));
#2394=DIRECTION('',(1.,0.,0.));
#2395=DIRECTION('',(0.,-1.,0.));
#2396=DIRECTION('center_axis',(-3.63018415296933E-5,0.999999999341088,0.));
#2397=DIRECTION('ref_axis',(-0.999999999341088,-3.63018415296933E-5,0.));
#2398=DIRECTION('',(-0.999999999341088,-3.63018415296933E-5,0.));
#2399=DIRECTION('',(0.,0.,-1.));
#2400=DIRECTION('center_axis',(0.,0.,1.));
#2401=DIRECTION('ref_axis',(-0.707119615004117,0.707093947136043,0.));
#2402=DIRECTION('center_axis',(0.,0.,1.));
#2403=DIRECTION('ref_axis',(-0.707119615004117,0.707093947136043,0.));
#2404=DIRECTION('',(0.,0.,1.));
#2405=DIRECTION('center_axis',(0.,0.,-1.));
#2406=DIRECTION('ref_axis',(-0.707106781186555,-0.70710678118654,0.));
#2407=DIRECTION('',(0.,0.,1.));
#2408=DIRECTION('',(0.,0.,-1.));
#2409=DIRECTION('center_axis',(0.,0.,1.));
#2410=DIRECTION('ref_axis',(-0.707106781186555,-0.70710678118654,0.));
#2411=DIRECTION('',(0.,0.,1.));
#2412=DIRECTION('center_axis',(0.,0.,1.));
#2413=DIRECTION('ref_axis',(-0.707106781186555,-0.70710678118654,0.));
#2414=DIRECTION('center_axis',(0.,0.,1.));
#2415=DIRECTION('ref_axis',(-1.,0.,0.));
#2416=DIRECTION('',(0.,-1.,0.));
#2417=DIRECTION('center_axis',(0.,0.,1.));
#2418=DIRECTION('ref_axis',(0.70710678118656,-0.707106781186535,0.));
#2419=DIRECTION('',(1.,0.,0.));
#2420=DIRECTION('',(0.,-1.,0.));
#2421=DIRECTION('',(-1.99437462745611E-9,-1.,0.));
#2422=DIRECTION('',(-1.,0.,0.));
#2423=DIRECTION('',(0.,-1.,0.));
#2424=DIRECTION('',(1.,0.,0.));
#2425=DIRECTION('',(0.,1.,0.));
#2426=DIRECTION('',(-1.,0.,0.));
#2427=DIRECTION('',(0.,-1.,0.));
#2428=DIRECTION('',(1.,0.,0.));
#2429=DIRECTION('',(0.,1.,0.));
#2430=DIRECTION('center_axis',(0.,0.,1.));
#2431=DIRECTION('ref_axis',(1.,0.,0.));
#2432=DIRECTION('center_axis',(0.,0.,1.));
#2433=DIRECTION('ref_axis',(1.,0.,0.));
#2434=DIRECTION('center_axis',(-1.,0.,0.));
#2435=DIRECTION('ref_axis',(0.,0.,-1.));
#2436=DIRECTION('',(0.,0.,1.));
#2437=DIRECTION('center_axis',(0.,-1.,0.));
#2438=DIRECTION('ref_axis',(0.,0.,-1.));
#2439=DIRECTION('center_axis',(0.,-1.,0.));
#2440=DIRECTION('ref_axis',(0.,0.,-1.));
#2441=DIRECTION('',(0.,0.,-1.));
#2442=DIRECTION('',(1.,0.,0.));
#2443=DIRECTION('center_axis',(0.,0.,1.));
#2444=DIRECTION('ref_axis',(0.70710678118656,-0.707106781186535,0.));
#2445=DIRECTION('center_axis',(0.,0.,1.));
#2446=DIRECTION('ref_axis',(0.70710678118656,-0.707106781186535,0.));
#2447=DIRECTION('',(0.,0.,1.));
#2448=DIRECTION('center_axis',(1.,-4.70755812234612E-16,0.));
#2449=DIRECTION('ref_axis',(4.70755812234612E-16,1.,0.));
#2450=DIRECTION('center_axis',(1.,0.,0.));
#2451=DIRECTION('ref_axis',(0.,0.916515138991168,0.4));
#2452=DIRECTION('center_axis',(-1.,0.,0.));
#2453=DIRECTION('ref_axis',(0.,0.916515138991168,0.4));
#2454=DIRECTION('',(1.,0.,0.));
#2455=DIRECTION('center_axis',(1.,0.,0.));
#2456=DIRECTION('ref_axis',(0.,0.916515138991168,0.4));
#2457=DIRECTION('center_axis',(-1.,0.,0.));
#2458=DIRECTION('ref_axis',(0.,0.916515138991168,0.4));
#2459=DIRECTION('',(1.,0.,0.));
#2460=DIRECTION('center_axis',(1.,0.,0.));
#2461=DIRECTION('ref_axis',(0.,0.916515138991168,0.4));
#2462=DIRECTION('center_axis',(-1.,0.,0.));
#2463=DIRECTION('ref_axis',(0.,0.916515138991168,0.4));
#2464=DIRECTION('',(1.,0.,0.));
#2465=DIRECTION('center_axis',(1.,0.,0.));
#2466=DIRECTION('ref_axis',(0.,0.916515138991168,0.4));
#2467=DIRECTION('center_axis',(-1.,0.,0.));
#2468=DIRECTION('ref_axis',(0.,0.916515138991168,0.4));
#2469=DIRECTION('',(1.,0.,0.));
#2470=DIRECTION('center_axis',(1.,0.,0.));
#2471=DIRECTION('ref_axis',(0.,0.916515138991168,0.4));
#2472=DIRECTION('center_axis',(3.90597462137283E-5,-0.999999999237168,7.22750493041608E-21));
#2473=DIRECTION('ref_axis',(-1.85037170770859E-16,0.,1.));
#2474=DIRECTION('center_axis',(0.,0.,1.));
#2475=DIRECTION('ref_axis',(1.,0.,0.));
#2476=DIRECTION('',(-3.90597462170477E-5,0.999999999237168,0.));
#2477=DIRECTION('center_axis',(0.,0.,1.));
#2478=DIRECTION('ref_axis',(0.,-1.,0.));
#2479=DIRECTION('',(1.,1.21521784656869E-18,0.));
#2480=DIRECTION('center_axis',(0.,0.,1.));
#2481=DIRECTION('ref_axis',(0.,-1.,0.));
#2482=DIRECTION('',(-3.90597462145384E-5,0.999999999237168,0.));
#2483=DIRECTION('center_axis',(0.,0.,1.));
#2484=DIRECTION('ref_axis',(1.,0.,0.));
#2485=DIRECTION('center_axis',(0.,0.,-1.));
#2486=DIRECTION('ref_axis',(0.,1.,0.));
#2487=DIRECTION('',(0.,1.,0.));
#2488=DIRECTION('center_axis',(0.,0.,-1.));
#2489=DIRECTION('ref_axis',(-1.,0.,0.));
#2490=DIRECTION('',(-1.,0.,0.));
#2491=DIRECTION('center_axis',(0.,0.,-1.));
#2492=DIRECTION('ref_axis',(0.,-1.,0.));
#2493=DIRECTION('',(0.,-1.,0.));
#2494=DIRECTION('center_axis',(0.,0.,-1.));
#2495=DIRECTION('ref_axis',(1.,0.,0.));
#2496=DIRECTION('',(1.,0.,0.));
#2497=DIRECTION('center_axis',(0.,0.,-1.));
#2498=DIRECTION('ref_axis',(0.,1.,0.));
#2499=DIRECTION('',(0.,1.,0.));
#2500=DIRECTION('center_axis',(0.,0.,-1.));
#2501=DIRECTION('ref_axis',(-1.,0.,0.));
#2502=DIRECTION('',(-1.,0.,0.));
#2503=DIRECTION('center_axis',(0.,0.,-1.));
#2504=DIRECTION('ref_axis',(0.,-1.,0.));
#2505=DIRECTION('',(0.,-1.,0.));
#2506=DIRECTION('center_axis',(0.,0.,-1.));
#2507=DIRECTION('ref_axis',(1.,0.,0.));
#2508=DIRECTION('',(1.,0.,0.));
#2509=DIRECTION('center_axis',(0.,0.,-1.));
#2510=DIRECTION('ref_axis',(0.,1.,0.));
#2511=DIRECTION('',(0.,1.,0.));
#2512=DIRECTION('center_axis',(0.,0.,-1.));
#2513=DIRECTION('ref_axis',(-1.,0.,0.));
#2514=DIRECTION('',(-1.,0.,0.));
#2515=DIRECTION('center_axis',(0.,0.,-1.));
#2516=DIRECTION('ref_axis',(-8.88178419700128E-15,-1.,0.));
#2517=DIRECTION('',(0.,-1.,0.));
#2518=DIRECTION('center_axis',(0.,0.,-1.));
#2519=DIRECTION('ref_axis',(1.,0.,0.));
#2520=DIRECTION('',(1.,0.,0.));
#2521=DIRECTION('center_axis',(0.,0.,-1.));
#2522=DIRECTION('ref_axis',(0.,1.,0.));
#2523=DIRECTION('',(0.,1.,0.));
#2524=DIRECTION('center_axis',(0.,0.,-1.));
#2525=DIRECTION('ref_axis',(-1.,0.,0.));
#2526=DIRECTION('',(-1.,0.,0.));
#2527=DIRECTION('center_axis',(0.,0.,-1.));
#2528=DIRECTION('ref_axis',(3.55271367880048E-14,-1.,0.));
#2529=DIRECTION('',(0.,-1.,0.));
#2530=DIRECTION('center_axis',(0.,0.,-1.));
#2531=DIRECTION('ref_axis',(1.,0.,0.));
#2532=DIRECTION('',(1.,0.,0.));
#2533=DIRECTION('center_axis',(0.,0.,-1.));
#2534=DIRECTION('ref_axis',(0.,1.,0.));
#2535=DIRECTION('',(0.,1.,0.));
#2536=DIRECTION('center_axis',(0.,0.,-1.));
#2537=DIRECTION('ref_axis',(-1.,0.,0.));
#2538=DIRECTION('',(-1.,0.,0.));
#2539=DIRECTION('center_axis',(0.,0.,-1.));
#2540=DIRECTION('ref_axis',(0.,-1.,0.));
#2541=DIRECTION('',(0.,-1.,0.));
#2542=DIRECTION('center_axis',(0.,0.,-1.));
#2543=DIRECTION('ref_axis',(1.,0.,0.));
#2544=DIRECTION('',(1.,0.,0.));
#2545=DIRECTION('center_axis',(0.,0.,-1.));
#2546=DIRECTION('ref_axis',(0.,1.,0.));
#2547=DIRECTION('',(0.,1.,0.));
#2548=DIRECTION('center_axis',(0.,0.,-1.));
#2549=DIRECTION('ref_axis',(-1.,0.,0.));
#2550=DIRECTION('',(-1.,0.,0.));
#2551=DIRECTION('center_axis',(0.,0.,-1.));
#2552=DIRECTION('ref_axis',(0.,-1.,0.));
#2553=DIRECTION('',(0.,-1.,0.));
#2554=DIRECTION('center_axis',(0.,0.,-1.));
#2555=DIRECTION('ref_axis',(1.,0.,0.));
#2556=DIRECTION('',(1.,0.,0.));
#2557=DIRECTION('center_axis',(0.,0.,-1.));
#2558=DIRECTION('ref_axis',(0.,1.,0.));
#2559=DIRECTION('',(0.,1.,0.));
#2560=DIRECTION('center_axis',(0.,0.,-1.));
#2561=DIRECTION('ref_axis',(-1.,0.,0.));
#2562=DIRECTION('',(-1.,0.,0.));
#2563=DIRECTION('center_axis',(0.,0.,-1.));
#2564=DIRECTION('ref_axis',(3.55271367880051E-14,-1.,0.));
#2565=DIRECTION('',(0.,-1.,0.));
#2566=DIRECTION('center_axis',(0.,0.,-1.));
#2567=DIRECTION('ref_axis',(1.,0.,0.));
#2568=DIRECTION('',(1.,0.,0.));
#2569=DIRECTION('center_axis',(0.,0.,-1.));
#2570=DIRECTION('ref_axis',(0.,1.,0.));
#2571=DIRECTION('',(0.,1.,0.));
#2572=DIRECTION('center_axis',(0.,0.,-1.));
#2573=DIRECTION('ref_axis',(-1.,0.,0.));
#2574=DIRECTION('',(-1.,0.,0.));
#2575=DIRECTION('center_axis',(0.,0.,-1.));
#2576=DIRECTION('ref_axis',(-8.8817841970012E-15,-1.,0.));
#2577=DIRECTION('',(0.,-1.,0.));
#2578=DIRECTION('center_axis',(0.,0.,-1.));
#2579=DIRECTION('ref_axis',(1.,0.,0.));
#2580=DIRECTION('',(1.,0.,0.));
#2581=DIRECTION('center_axis',(0.,0.,-1.));
#2582=DIRECTION('ref_axis',(1.,0.,0.));
#2583=DIRECTION('',(0.,0.,-1.));
#2584=DIRECTION('center_axis',(0.,0.,-1.));
#2585=DIRECTION('ref_axis',(1.,0.,0.));
#2586=DIRECTION('',(0.,0.,-1.));
#2587=DIRECTION('center_axis',(-1.,0.,0.));
#2588=DIRECTION('ref_axis',(0.,-1.,0.));
#2589=DIRECTION('',(0.,0.,1.));
#2590=DIRECTION('',(0.,0.,1.));
#2591=DIRECTION('center_axis',(0.,-1.,0.));
#2592=DIRECTION('ref_axis',(1.,0.,0.));
#2593=DIRECTION('',(0.,0.,1.));
#2594=DIRECTION('center_axis',(1.,0.,0.));
#2595=DIRECTION('ref_axis',(0.,1.,0.));
#2596=DIRECTION('',(0.,0.,1.));
#2597=DIRECTION('center_axis',(0.,1.,0.));
#2598=DIRECTION('ref_axis',(-1.,0.,0.));
#2599=DIRECTION('center_axis',(-1.,0.,0.));
#2600=DIRECTION('ref_axis',(0.,-1.,0.));
#2601=DIRECTION('',(0.,0.,1.));
#2602=DIRECTION('',(0.,0.,1.));
#2603=DIRECTION('center_axis',(0.,-1.,0.));
#2604=DIRECTION('ref_axis',(1.,0.,0.));
#2605=DIRECTION('',(0.,0.,1.));
#2606=DIRECTION('center_axis',(1.,0.,0.));
#2607=DIRECTION('ref_axis',(0.,1.,0.));
#2608=DIRECTION('',(0.,0.,1.));
#2609=DIRECTION('center_axis',(0.,1.,0.));
#2610=DIRECTION('ref_axis',(-1.,0.,0.));
#2611=DIRECTION('center_axis',(-1.,1.99437462745611E-9,0.));
#2612=DIRECTION('ref_axis',(-1.99437462745611E-9,-1.,0.));
#2613=DIRECTION('center_axis',(3.90597462145384E-5,-0.999999999237168,0.));
#2614=DIRECTION('ref_axis',(-0.707106780647144,-2.76194114191529E-5,0.707106781186547));
#2615=DIRECTION('center_axis',(-3.90597462152086E-5,0.999999999237168,2.22045327506142E-15));
#2616=DIRECTION('ref_axis',(-0.999999999237168,-3.90597462152086E-5,0.));
#2617=DIRECTION('center_axis',(-0.816501896441638,0.408250947597978,-0.408235002042403));
#2618=DIRECTION('ref_axis',(-0.577342751844351,-0.577365303146148,0.577342752284766));
#2619=DIRECTION('center_axis',(-1.,-1.21521784656869E-18,0.));
#2620=DIRECTION('ref_axis',(0.,-0.707106781186548,0.707106781186547));
#2621=DIRECTION('center_axis',(1.,1.21521784656869E-18,0.));
#2622=DIRECTION('ref_axis',(0.,-0.707106781186548,0.707106781186548));
#2623=DIRECTION('center_axis',(1.,1.21521784656869E-18,0.));
#2624=DIRECTION('ref_axis',(0.,-0.707106781186548,0.707106781186547));
#2625=DIRECTION('center_axis',(-0.408237659487933,-0.816507211540331,-0.408237659799348));
#2626=DIRECTION('ref_axis',(0.577357785947674,-0.577335234939488,0.5773577863881));
#2627=DIRECTION('center_axis',(3.9059746217059E-5,-0.999999999237168,0.));
#2628=DIRECTION('ref_axis',(0.999999999237168,3.9059746217059E-5,0.));
#2629=DIRECTION('center_axis',(-3.90597462170477E-5,0.999999999237168,0.));
#2630=DIRECTION('ref_axis',(0.707106780647146,2.76194114212463E-5,0.707106781186545));
#2631=DIRECTION('center_axis',(3.90597462166889E-5,-0.999999999237168,2.96059473007531E-15));
#2632=DIRECTION('ref_axis',(0.999999999237168,3.90597462166889E-5,0.));
#2633=DIRECTION('center_axis',(0.,0.,-1.));
#2634=DIRECTION('ref_axis',(1.,0.,0.));
#2635=DIRECTION('',(0.,0.,-1.));
#2636=DIRECTION('center_axis',(-1.,0.,0.));
#2637=DIRECTION('ref_axis',(0.,-1.,0.));
#2638=DIRECTION('',(0.,0.,1.));
#2639=DIRECTION('',(0.,0.,1.));
#2640=DIRECTION('center_axis',(0.,0.,1.));
#2641=DIRECTION('ref_axis',(1.,0.,0.));
#2642=DIRECTION('',(0.,0.,1.));
#2643=DIRECTION('center_axis',(0.,-1.,0.));
#2644=DIRECTION('ref_axis',(1.,0.,0.));
#2645=DIRECTION('',(0.,0.,1.));
#2646=DIRECTION('center_axis',(0.,0.,1.));
#2647=DIRECTION('ref_axis',(0.,1.,0.));
#2648=DIRECTION('',(0.,0.,1.));
#2649=DIRECTION('center_axis',(1.,0.,0.));
#2650=DIRECTION('ref_axis',(0.,1.,0.));
#2651=DIRECTION('',(0.,0.,1.));
#2652=DIRECTION('center_axis',(-1.,0.,0.));
#2653=DIRECTION('ref_axis',(0.,-1.,0.));
#2654=DIRECTION('',(0.,0.,1.));
#2655=DIRECTION('',(0.,0.,1.));
#2656=DIRECTION('center_axis',(0.,0.,1.));
#2657=DIRECTION('ref_axis',(1.,0.,0.));
#2658=DIRECTION('',(0.,0.,1.));
#2659=DIRECTION('center_axis',(0.,-1.,0.));
#2660=DIRECTION('ref_axis',(1.,0.,0.));
#2661=DIRECTION('',(0.,0.,1.));
#2662=DIRECTION('center_axis',(0.,0.,1.));
#2663=DIRECTION('ref_axis',(0.,1.,0.));
#2664=DIRECTION('',(0.,0.,1.));
#2665=DIRECTION('center_axis',(1.,0.,0.));
#2666=DIRECTION('ref_axis',(0.,1.,0.));
#2667=DIRECTION('',(0.,0.,1.));
#2668=DIRECTION('center_axis',(1.,0.,0.));
#2669=DIRECTION('ref_axis',(0.,1.,0.));
#2670=DIRECTION('',(0.,0.,1.));
#2671=DIRECTION('',(0.,0.,1.));
#2672=DIRECTION('center_axis',(0.,0.,1.));
#2673=DIRECTION('ref_axis',(-1.,0.,0.));
#2674=DIRECTION('',(0.,0.,1.));
#2675=DIRECTION('center_axis',(0.,1.,0.));
#2676=DIRECTION('ref_axis',(-1.,0.,0.));
#2677=DIRECTION('',(0.,0.,1.));
#2678=DIRECTION('center_axis',(0.,0.,1.));
#2679=DIRECTION('ref_axis',(-8.8817841970012E-15,-1.,0.));
#2680=DIRECTION('',(0.,0.,1.));
#2681=DIRECTION('center_axis',(-1.,0.,0.));
#2682=DIRECTION('ref_axis',(0.,-1.,0.));
#2683=DIRECTION('',(0.,0.,1.));
#2684=DIRECTION('center_axis',(0.,0.,1.));
#2685=DIRECTION('ref_axis',(1.,0.,0.));
#2686=DIRECTION('',(0.,0.,1.));
#2687=DIRECTION('center_axis',(0.,-1.,0.));
#2688=DIRECTION('ref_axis',(1.,0.,0.));
#2689=DIRECTION('',(0.,0.,1.));
#2690=DIRECTION('center_axis',(0.,0.,1.));
#2691=DIRECTION('ref_axis',(0.,1.,0.));
#2692=DIRECTION('center_axis',(1.,0.,0.));
#2693=DIRECTION('ref_axis',(0.,1.,0.));
#2694=DIRECTION('',(0.,0.,1.));
#2695=DIRECTION('',(0.,0.,1.));
#2696=DIRECTION('center_axis',(0.,0.,1.));
#2697=DIRECTION('ref_axis',(-1.,0.,0.));
#2698=DIRECTION('',(0.,0.,1.));
#2699=DIRECTION('center_axis',(0.,1.,0.));
#2700=DIRECTION('ref_axis',(-1.,0.,0.));
#2701=DIRECTION('',(0.,0.,1.));
#2702=DIRECTION('center_axis',(0.,0.,1.));
#2703=DIRECTION('ref_axis',(3.55271367880051E-14,-1.,0.));
#2704=DIRECTION('',(0.,0.,1.));
#2705=DIRECTION('center_axis',(-1.,0.,0.));
#2706=DIRECTION('ref_axis',(0.,-1.,0.));
#2707=DIRECTION('',(0.,0.,1.));
#2708=DIRECTION('center_axis',(0.,0.,1.));
#2709=DIRECTION('ref_axis',(1.,0.,0.));
#2710=DIRECTION('',(0.,0.,1.));
#2711=DIRECTION('center_axis',(0.,-1.,0.));
#2712=DIRECTION('ref_axis',(1.,0.,0.));
#2713=DIRECTION('',(0.,0.,1.));
#2714=DIRECTION('center_axis',(0.,0.,1.));
#2715=DIRECTION('ref_axis',(0.,1.,0.));
#2716=DIRECTION('center_axis',(0.,0.,1.));
#2717=DIRECTION('ref_axis',(-1.,0.,0.));
#2718=DIRECTION('',(0.,0.,1.));
#2719=DIRECTION('center_axis',(0.,1.,0.));
#2720=DIRECTION('ref_axis',(-1.,0.,0.));
#2721=DIRECTION('',(0.,0.,1.));
#2722=DIRECTION('center_axis',(0.,0.,1.));
#2723=DIRECTION('ref_axis',(0.,-1.,0.));
#2724=DIRECTION('center_axis',(1.,0.,0.));
#2725=DIRECTION('ref_axis',(0.,1.,0.));
#2726=DIRECTION('',(0.,0.,1.));
#2727=DIRECTION('',(0.,0.,1.));
#2728=DIRECTION('center_axis',(0.,0.,1.));
#2729=DIRECTION('ref_axis',(-1.,0.,0.));
#2730=DIRECTION('',(0.,0.,1.));
#2731=DIRECTION('center_axis',(0.,1.,0.));
#2732=DIRECTION('ref_axis',(-1.,0.,0.));
#2733=DIRECTION('',(0.,0.,1.));
#2734=DIRECTION('center_axis',(0.,0.,1.));
#2735=DIRECTION('ref_axis',(0.,-1.,0.));
#2736=DIRECTION('',(0.,0.,1.));
#2737=DIRECTION('center_axis',(-1.,0.,0.));
#2738=DIRECTION('ref_axis',(0.,-1.,0.));
#2739=DIRECTION('',(0.,0.,1.));
#2740=DIRECTION('center_axis',(0.,0.,1.));
#2741=DIRECTION('ref_axis',(1.,0.,0.));
#2742=DIRECTION('',(0.,0.,1.));
#2743=DIRECTION('center_axis',(0.,-1.,0.));
#2744=DIRECTION('ref_axis',(1.,0.,0.));
#2745=DIRECTION('',(0.,0.,1.));
#2746=DIRECTION('center_axis',(0.,0.,1.));
#2747=DIRECTION('ref_axis',(0.,1.,0.));
#2748=DIRECTION('center_axis',(1.,0.,0.));
#2749=DIRECTION('ref_axis',(0.,1.,0.));
#2750=DIRECTION('',(0.,0.,1.));
#2751=DIRECTION('',(0.,0.,1.));
#2752=DIRECTION('center_axis',(0.,0.,1.));
#2753=DIRECTION('ref_axis',(-1.,0.,0.));
#2754=DIRECTION('',(0.,0.,1.));
#2755=DIRECTION('center_axis',(0.,1.,0.));
#2756=DIRECTION('ref_axis',(-1.,0.,0.));
#2757=DIRECTION('',(0.,0.,1.));
#2758=DIRECTION('center_axis',(0.,0.,1.));
#2759=DIRECTION('ref_axis',(3.55271367880048E-14,-1.,0.));
#2760=DIRECTION('',(0.,0.,1.));
#2761=DIRECTION('center_axis',(-1.,0.,0.));
#2762=DIRECTION('ref_axis',(0.,-1.,0.));
#2763=DIRECTION('',(0.,0.,1.));
#2764=DIRECTION('center_axis',(0.,0.,1.));
#2765=DIRECTION('ref_axis',(1.,0.,0.));
#2766=DIRECTION('',(0.,0.,1.));
#2767=DIRECTION('center_axis',(0.,-1.,0.));
#2768=DIRECTION('ref_axis',(1.,0.,0.));
#2769=DIRECTION('',(0.,0.,1.));
#2770=DIRECTION('center_axis',(0.,0.,1.));
#2771=DIRECTION('ref_axis',(0.,1.,0.));
#2772=DIRECTION('center_axis',(0.,0.,1.));
#2773=DIRECTION('ref_axis',(-1.,0.,0.));
#2774=DIRECTION('',(0.,0.,1.));
#2775=DIRECTION('center_axis',(0.,1.,0.));
#2776=DIRECTION('ref_axis',(-1.,0.,0.));
#2777=DIRECTION('',(0.,0.,1.));
#2778=DIRECTION('center_axis',(0.,0.,1.));
#2779=DIRECTION('ref_axis',(-8.88178419700128E-15,-1.,0.));
#2780=DIRECTION('center_axis',(1.,0.,0.));
#2781=DIRECTION('ref_axis',(0.,1.,0.));
#2782=DIRECTION('',(0.,0.,1.));
#2783=DIRECTION('',(0.,0.,1.));
#2784=DIRECTION('center_axis',(0.,0.,1.));
#2785=DIRECTION('ref_axis',(-1.,0.,0.));
#2786=DIRECTION('',(0.,0.,1.));
#2787=DIRECTION('center_axis',(0.,1.,0.));
#2788=DIRECTION('ref_axis',(-1.,0.,0.));
#2789=DIRECTION('',(0.,0.,1.));
#2790=DIRECTION('center_axis',(0.,0.,1.));
#2791=DIRECTION('ref_axis',(0.,-1.,0.));
#2792=DIRECTION('',(0.,0.,1.));
#2793=DIRECTION('center_axis',(-1.,0.,0.));
#2794=DIRECTION('ref_axis',(0.,-1.,0.));
#2795=DIRECTION('',(0.,0.,1.));
#2796=DIRECTION('center_axis',(0.,0.,1.));
#2797=DIRECTION('ref_axis',(1.,0.,0.));
#2798=DIRECTION('',(0.,0.,1.));
#2799=DIRECTION('center_axis',(0.,-1.,0.));
#2800=DIRECTION('ref_axis',(1.,0.,0.));
#2801=DIRECTION('',(0.,0.,1.));
#2802=DIRECTION('center_axis',(0.,0.,1.));
#2803=DIRECTION('ref_axis',(0.,1.,0.));
#2804=DIRECTION('center_axis',(1.,0.,0.));
#2805=DIRECTION('ref_axis',(0.,1.,0.));
#2806=DIRECTION('',(0.,0.,1.));
#2807=DIRECTION('',(0.,0.,1.));
#2808=DIRECTION('center_axis',(0.,0.,1.));
#2809=DIRECTION('ref_axis',(-1.,0.,0.));
#2810=DIRECTION('',(0.,0.,1.));
#2811=DIRECTION('center_axis',(0.,1.,0.));
#2812=DIRECTION('ref_axis',(-1.,0.,0.));
#2813=DIRECTION('',(0.,0.,1.));
#2814=DIRECTION('center_axis',(0.,0.,1.));
#2815=DIRECTION('ref_axis',(0.,-1.,0.));
#2816=DIRECTION('',(0.,0.,1.));
#2817=DIRECTION('center_axis',(-1.,0.,0.));
#2818=DIRECTION('ref_axis',(0.,-1.,0.));
#2819=DIRECTION('',(0.,0.,1.));
#2820=DIRECTION('center_axis',(0.,0.,1.));
#2821=DIRECTION('ref_axis',(1.,0.,0.));
#2822=DIRECTION('',(0.,0.,1.));
#2823=DIRECTION('center_axis',(0.,-1.,0.));
#2824=DIRECTION('ref_axis',(1.,0.,0.));
#2825=DIRECTION('',(0.,0.,1.));
#2826=DIRECTION('center_axis',(0.,0.,1.));
#2827=DIRECTION('ref_axis',(0.,1.,0.));
#2828=CARTESIAN_POINT('',(0.,0.,0.));
#2829=CARTESIAN_POINT('Origin',(4.82827266351505,5.65863117618359,-21.5));
#2830=CARTESIAN_POINT('',(2.87883268133582,4.34631118628744,11.));
#2831=CARTESIAN_POINT('',(2.47827266351505,5.65863117631483,10.9731452595292));
#2832=CARTESIAN_POINT('Ctrl Pts',(2.87883268133581,4.34631118628744,11.));
#2833=CARTESIAN_POINT('Ctrl Pts',(2.84318578047182,4.3992643488698,11.));
#2834=CARTESIAN_POINT('Ctrl Pts',(2.80965663798442,4.45373487591717,10.999365454855));
#2835=CARTESIAN_POINT('Ctrl Pts',(2.58140193076486,4.86090295199183,10.9917208510701));
#2836=CARTESIAN_POINT('Ctrl Pts',(2.4782879631988,5.26688576380802,10.9731452592877));
#2837=CARTESIAN_POINT('Ctrl Pts',(2.4782726641126,5.65856998258119,10.9731452592877));
#2838=CARTESIAN_POINT('Ctrl Pts',(2.47827266351504,5.65860057946989,10.9731452593682));
#2839=CARTESIAN_POINT('Ctrl Pts',(2.47827266351505,5.65863117644606,10.9731452595292));
#2840=CARTESIAN_POINT('',(2.87873016951275,6.97079887281361,11.));
#2841=CARTESIAN_POINT('Origin',(4.82827266351505,5.65863117618359,11.));
#2842=CARTESIAN_POINT('Ctrl Pts',(2.47827266351505,5.65863117644606,10.9731452595292));
#2843=CARTESIAN_POINT('Ctrl Pts',(2.47827266355879,6.05025644113855,10.9731473201461));
#2844=CARTESIAN_POINT('Ctrl Pts',(2.58135500727724,6.45621132778478,10.9917213665025));
#2845=CARTESIAN_POINT('Ctrl Pts',(2.80956251825655,6.86336977951427,10.999365454855));
#2846=CARTESIAN_POINT('Ctrl Pts',(2.84308740543171,6.91784292567502,11.));
#2847=CARTESIAN_POINT('Ctrl Pts',(2.87873016951275,6.97079887281361,11.));
#2848=CARTESIAN_POINT('',(2.47827266351505,5.65863117618359,8.));
#2849=CARTESIAN_POINT('',(2.47827266351505,5.65863117618359,-21.5));
#2850=CARTESIAN_POINT('Origin',(4.82827266351505,5.65863117618359,8.));
#2851=CARTESIAN_POINT('Origin',(56.9780409138416,24.6169294556231,11.));
#2852=CARTESIAN_POINT('',(2.87889021172246,2.87342945562307,11.));
#2853=CARTESIAN_POINT('',(2.87755771769511,36.9876814791081,11.));
#2854=CARTESIAN_POINT('',(111.078890207146,2.87342945562307,11.));
#2855=CARTESIAN_POINT('',(28.4285241512571,2.87342945562307,11.));
#2856=CARTESIAN_POINT('',(111.07885122482,3.8714473556259,11.));
#2857=CARTESIAN_POINT('',(111.078524109988,12.2461774321381,11.));
#2858=CARTESIAN_POINT('',(107.358342474669,5.78042765037996,11.));
#2859=CARTESIAN_POINT('Origin',(109.708342474669,5.78042765037996,11.));
#2860=CARTESIAN_POINT('',(111.078702092066,7.68951500275694,11.));
#2861=CARTESIAN_POINT('Origin',(109.708342474669,5.78042765037996,11.));
#2862=CARTESIAN_POINT('',(111.077253430966,44.7778537606672,11.));
#2863=CARTESIAN_POINT('',(111.078524109988,12.2461774321381,11.));
#2864=CARTESIAN_POINT('',(92.5538934080437,44.7778537606672,11.));
#2865=CARTESIAN_POINT('',(-0.1229255609897,44.7778537606672,11.));
#2866=CARTESIAN_POINT('',(92.5538934080437,32.4466216481974,11.));
#2867=CARTESIAN_POINT('',(92.5538934080437,45.4466216481974,11.));
#2868=CARTESIAN_POINT('',(92.0538934080437,31.9466216481974,11.));
#2869=CARTESIAN_POINT('Origin',(92.0538934080437,32.4466216481974,11.));
#2870=CARTESIAN_POINT('',(79.0538934080438,31.9466216481974,11.));
#2871=CARTESIAN_POINT('',(79.0538934080438,31.9466216481974,11.));
#2872=CARTESIAN_POINT('',(78.5538934080437,32.4466216481974,11.));
#2873=CARTESIAN_POINT('Origin',(79.0538934080438,32.4466216481974,11.));
#2874=CARTESIAN_POINT('',(78.5538934080437,44.7778537606672,11.));
#2875=CARTESIAN_POINT('',(78.5538934080437,45.4466216481974,11.));
#2876=CARTESIAN_POINT('',(73.5038934080438,44.7778537606672,11.));
#2877=CARTESIAN_POINT('',(-0.1229255609897,44.7778537606672,11.));
#2878=CARTESIAN_POINT('',(73.5038934080437,32.4466216481974,11.));
#2879=CARTESIAN_POINT('',(73.5038934080438,45.4466216481974,11.));
#2880=CARTESIAN_POINT('',(73.0038934080437,31.9466216481974,11.));
#2881=CARTESIAN_POINT('Origin',(73.0038934080437,32.4466216481974,11.));
#2882=CARTESIAN_POINT('',(60.0038934080438,31.9466216481974,11.));
#2883=CARTESIAN_POINT('',(60.0038934080438,31.9466216481974,11.));
#2884=CARTESIAN_POINT('',(59.5038934080437,32.4466216481974,11.));
#2885=CARTESIAN_POINT('Origin',(60.0038934080438,32.4466216481974,11.));
#2886=CARTESIAN_POINT('',(59.5038934080437,44.7778537606672,11.));
#2887=CARTESIAN_POINT('',(59.5038934080437,45.4466216481974,11.));
#2888=CARTESIAN_POINT('',(54.4538934080438,44.7778537606672,11.));
#2889=CARTESIAN_POINT('',(-0.1229255609897,44.7778537606672,11.));
#2890=CARTESIAN_POINT('',(54.4538934080438,32.4466216481974,11.));
#2891=CARTESIAN_POINT('',(54.4538934080438,45.4466216481974,11.));
#2892=CARTESIAN_POINT('',(53.9538934080437,31.9466216481974,11.));
#2893=CARTESIAN_POINT('Origin',(53.9538934080437,32.4466216481974,11.));
#2894=CARTESIAN_POINT('',(40.9538934080437,31.9466216481974,11.));
#2895=CARTESIAN_POINT('',(40.9538934080437,31.9466216481974,11.));
#2896=CARTESIAN_POINT('',(40.4538934080437,32.4466216481974,11.));
#2897=CARTESIAN_POINT('Origin',(40.9538934080437,32.4466216481974,11.));
#2898=CARTESIAN_POINT('',(40.4538934080437,44.7778537606672,11.));
#2899=CARTESIAN_POINT('',(40.4538934080437,45.4466216481974,11.));
#2900=CARTESIAN_POINT('',(35.4038934080437,44.7778537606672,11.));
#2901=CARTESIAN_POINT('',(-0.1229255609897,44.7778537606672,11.));
#2902=CARTESIAN_POINT('',(35.4038934080437,32.4466216481974,11.));
#2903=CARTESIAN_POINT('',(35.4038934080437,45.4466216481974,11.));
#2904=CARTESIAN_POINT('',(34.9038934080437,31.9466216481974,11.));
#2905=CARTESIAN_POINT('Origin',(34.9038934080437,32.4466216481974,11.));
#2906=CARTESIAN_POINT('',(21.9038934080437,31.9466216481974,11.));
#2907=CARTESIAN_POINT('',(21.9038934080437,31.9466216481974,11.));
#2908=CARTESIAN_POINT('',(21.4038934080437,32.4466216481974,11.));
#2909=CARTESIAN_POINT('Origin',(21.9038934080437,32.4466216481974,11.));
#2910=CARTESIAN_POINT('',(21.4038934080437,44.7778537606672,11.));
#2911=CARTESIAN_POINT('',(21.4038934080437,45.4466216481974,11.));
#2912=CARTESIAN_POINT('',(2.87725343554259,44.7778537606672,11.));
#2913=CARTESIAN_POINT('',(-0.1229255609897,44.7778537606672,11.));
#2914=CARTESIAN_POINT('',(2.87755771769511,36.9876814791081,11.));
#2915=CARTESIAN_POINT('',(21.4038934080437,26.3966216481974,11.));
#2916=CARTESIAN_POINT('',(21.9038934080437,26.8966216481974,11.));
#2917=CARTESIAN_POINT('Origin',(21.9038934080437,26.3966216481974,11.));
#2918=CARTESIAN_POINT('',(34.9038934080437,26.8966216481974,11.));
#2919=CARTESIAN_POINT('',(21.9038934080437,26.8966216481974,11.));
#2920=CARTESIAN_POINT('',(35.4038934080437,26.3966216481974,11.));
#2921=CARTESIAN_POINT('Origin',(34.9038934080437,26.3966216481974,11.));
#2922=CARTESIAN_POINT('',(35.4038934080437,13.3966216481974,11.));
#2923=CARTESIAN_POINT('',(35.4038934080437,26.3966216481974,11.));
#2924=CARTESIAN_POINT('',(34.9038934080437,12.8966216481974,11.));
#2925=CARTESIAN_POINT('Origin',(34.9038934080437,13.3966216481974,11.));
#2926=CARTESIAN_POINT('',(21.9038934080437,12.8966216481974,11.));
#2927=CARTESIAN_POINT('',(21.9038934080437,12.8966216481974,11.));
#2928=CARTESIAN_POINT('',(21.4038934080437,13.3966216481974,11.));
#2929=CARTESIAN_POINT('Origin',(21.9038934080437,13.3966216481974,11.));
#2930=CARTESIAN_POINT('',(21.4038934080437,26.3966216481974,11.));
#2931=CARTESIAN_POINT('',(59.5038934080437,26.3966216481974,11.));
#2932=CARTESIAN_POINT('',(60.0038934080438,26.8966216481974,11.));
#2933=CARTESIAN_POINT('Origin',(60.0038934080438,26.3966216481974,11.));
#2934=CARTESIAN_POINT('',(73.0038934080437,26.8966216481974,11.));
#2935=CARTESIAN_POINT('',(60.0038934080438,26.8966216481974,11.));
#2936=CARTESIAN_POINT('',(73.5038934080438,26.3966216481974,11.));
#2937=CARTESIAN_POINT('Origin',(73.0038934080437,26.3966216481974,11.));
#2938=CARTESIAN_POINT('',(73.5038934080438,13.3966216481974,11.));
#2939=CARTESIAN_POINT('',(73.5038934080438,26.3966216481974,11.));
#2940=CARTESIAN_POINT('',(73.0038934080437,12.8966216481974,11.));
#2941=CARTESIAN_POINT('Origin',(73.0038934080437,13.3966216481974,11.));
#2942=CARTESIAN_POINT('',(60.0038934080438,12.8966216481974,11.));
#2943=CARTESIAN_POINT('',(60.0038934080438,12.8966216481974,11.));
#2944=CARTESIAN_POINT('',(59.5038934080437,13.3966216481974,11.));
#2945=CARTESIAN_POINT('Origin',(60.0038934080438,13.3966216481974,11.));
#2946=CARTESIAN_POINT('',(59.5038934080437,26.3966216481974,11.));
#2947=CARTESIAN_POINT('',(78.5538934080438,26.3966216481974,11.));
#2948=CARTESIAN_POINT('',(79.0538934080438,26.8966216481974,11.));
#2949=CARTESIAN_POINT('Origin',(79.0538934080438,26.3966216481974,11.));
#2950=CARTESIAN_POINT('',(92.0538934080437,26.8966216481974,11.));
#2951=CARTESIAN_POINT('',(79.0538934080438,26.8966216481974,11.));
#2952=CARTESIAN_POINT('',(92.5538934080437,26.3966216481974,11.));
#2953=CARTESIAN_POINT('Origin',(92.0538934080437,26.3966216481974,11.));
#2954=CARTESIAN_POINT('',(92.5538934080437,13.3966216481974,11.));
#2955=CARTESIAN_POINT('',(92.5538934080437,26.3966216481974,11.));
#2956=CARTESIAN_POINT('',(92.0538934080437,12.8966216481974,11.));
#2957=CARTESIAN_POINT('Origin',(92.0538934080437,13.3966216481974,11.));
#2958=CARTESIAN_POINT('',(79.0538934080438,12.8966216481974,11.));
#2959=CARTESIAN_POINT('',(79.0538934080438,12.8966216481974,11.));
#2960=CARTESIAN_POINT('',(78.5538934080437,13.3966216481974,11.));
#2961=CARTESIAN_POINT('Origin',(79.0538934080438,13.3966216481974,11.));
#2962=CARTESIAN_POINT('',(78.5538934080437,26.3966216481974,11.));
#2963=CARTESIAN_POINT('',(40.4538934080437,26.3966216481974,11.));
#2964=CARTESIAN_POINT('',(40.9538934080437,26.8966216481974,11.));
#2965=CARTESIAN_POINT('Origin',(40.9538934080437,26.3966216481974,11.));
#2966=CARTESIAN_POINT('',(53.9538934080437,26.8966216481974,11.));
#2967=CARTESIAN_POINT('',(40.9538934080437,26.8966216481974,11.));
#2968=CARTESIAN_POINT('',(54.4538934080438,26.3966216481974,11.));
#2969=CARTESIAN_POINT('Origin',(53.9538934080437,26.3966216481974,11.));
#2970=CARTESIAN_POINT('',(54.4538934080438,13.3966216481974,11.));
#2971=CARTESIAN_POINT('',(54.4538934080438,26.3966216481974,11.));
#2972=CARTESIAN_POINT('',(53.9538934080437,12.8966216481974,11.));
#2973=CARTESIAN_POINT('Origin',(53.9538934080437,13.3966216481974,11.));
#2974=CARTESIAN_POINT('',(40.9538934080437,12.8966216481974,11.));
#2975=CARTESIAN_POINT('',(40.9538934080437,12.8966216481974,11.));
#2976=CARTESIAN_POINT('',(40.4538934080437,13.3966216481974,11.));
#2977=CARTESIAN_POINT('Origin',(40.9538934080437,13.3966216481974,11.));
#2978=CARTESIAN_POINT('',(40.4538934080437,26.3966216481974,11.));
#2979=CARTESIAN_POINT('Origin',(112.77707443901,86.0945388234253,6.));
#2980=CARTESIAN_POINT('',(112.777038137169,87.0945388227664,9.));
#2981=CARTESIAN_POINT('',(113.77707443901,86.0945388234253,9.));
#2982=CARTESIAN_POINT('Origin',(112.77707443901,86.0945388234253,9.));
#2983=CARTESIAN_POINT('',(113.77707443901,86.0945388234253,6.));
#2984=CARTESIAN_POINT('',(113.77707443901,86.0945388234253,6.));
#2985=CARTESIAN_POINT('',(112.777038137169,87.0945388227664,6.));
#2986=CARTESIAN_POINT('Origin',(112.77707443901,86.0945388234253,6.));
#2987=CARTESIAN_POINT('',(112.777038137169,87.0945388227664,6.));
#2988=CARTESIAN_POINT('Origin',(59.9770744390103,68.2275022907744,9.));
#2989=CARTESIAN_POINT('',(0.577038210422227,87.0904657561467,9.));
#2990=CARTESIAN_POINT('',(113.77707443901,87.0945751259258,9.));
#2991=CARTESIAN_POINT('',(-0.422925487736254,86.0904657588,9.));
#2992=CARTESIAN_POINT('Origin',(0.577074512263742,86.0904657568056,9.));
#2993=CARTESIAN_POINT('',(-0.422925560989711,49.3604294556231,9.));
#2994=CARTESIAN_POINT('',(-0.422925485741956,87.0904294556231,9.));
#2995=CARTESIAN_POINT('',(-0.422925560989711,48.3604294556231,9.));
#2996=CARTESIAN_POINT('',(-0.422925560989711,49.3604294556231,9.));
#2997=CARTESIAN_POINT('',(0.577074439010303,47.3604294556231,9.));
#2998=CARTESIAN_POINT('Origin',(0.577074439010303,48.3604294556231,9.));
#2999=CARTESIAN_POINT('',(0.604695013701395,47.3604294556231,9.));
#3000=CARTESIAN_POINT('',(2.87707443901029,47.3604294556231,9.));
#3001=CARTESIAN_POINT('',(2.87719093994859,48.7778537617223,8.9999999992966));
#3002=CARTESIAN_POINT('Ctrl Pts',(2.87719093994861,48.7778537606672,9.));
#3003=CARTESIAN_POINT('Ctrl Pts',(2.68524292936904,48.7778537606672,9.));
#3004=CARTESIAN_POINT('Ctrl Pts',(2.49429280579607,48.7548294798617,9.00000000004449));
#3005=CARTESIAN_POINT('Ctrl Pts',(2.12075734730895,48.6639939158736,9.00000000004449));
#3006=CARTESIAN_POINT('Ctrl Pts',(1.94013167286037,48.5965505884689,9.));
#3007=CARTESIAN_POINT('Ctrl Pts',(1.45620881918845,48.3496265684508,9.));
#3008=CARTESIAN_POINT('Ctrl Pts',(1.18232591320355,48.1281458280608,9.00000000019881));
#3009=CARTESIAN_POINT('Ctrl Pts',(0.838103576267013,47.7267076832251,9.00000000019881));
#3010=CARTESIAN_POINT('Ctrl Pts',(0.718451083534973,47.5627514133385,9.));
#3011=CARTESIAN_POINT('Ctrl Pts',(0.604695013701396,47.3604294556231,9.));
#3012=CARTESIAN_POINT('',(111.077190935372,48.7778537617223,8.99999999929661));
#3013=CARTESIAN_POINT('',(3.1770744390103,48.7778537606672,9.));
#3014=CARTESIAN_POINT('',(113.271985373775,47.4914857482116,8.9999999999943));
#3015=CARTESIAN_POINT('Ctrl Pts',(113.271985373831,47.4914857481107,9.));
#3016=CARTESIAN_POINT('Ctrl Pts',(113.139820825042,47.7029080022615,9.));
#3017=CARTESIAN_POINT('Ctrl Pts',(112.983990728972,47.8975215550238,8.99999999999999));
#3018=CARTESIAN_POINT('Ctrl Pts',(112.567105192202,48.2944339579694,8.99999999999999));
#3019=CARTESIAN_POINT('Ctrl Pts',(112.294086284955,48.474708122828,8.9999999998816));
#3020=CARTESIAN_POINT('Ctrl Pts',(111.701150586245,48.7162133262913,8.9999999998816));
#3021=CARTESIAN_POINT('Ctrl Pts',(111.391387930141,48.7778537606672,9.));
#3022=CARTESIAN_POINT('Ctrl Pts',(111.077190935372,48.7778537606672,9.));
#3023=CARTESIAN_POINT('',(113.77707443901,48.3604294556231,9.));
#3024=CARTESIAN_POINT('Origin',(112.77707443901,48.3604294556231,9.));
#3025=CARTESIAN_POINT('',(113.77707443901,49.3604294556231,9.));
#3026=CARTESIAN_POINT('',(107.17604636496,84.0757587576829,9.));
#3027=CARTESIAN_POINT('Origin',(109.52604636496,84.0757587576829,9.));
#3028=CARTESIAN_POINT('',(1.96013528502821,84.332933053268,9.));
#3029=CARTESIAN_POINT('Origin',(4.3101352850282,84.332933053268,9.));
#3030=CARTESIAN_POINT('',(70.5788944660262,57.4716224975636,9.));
#3031=CARTESIAN_POINT('',(57.5788942723111,57.4716224975636,9.));
#3032=CARTESIAN_POINT('',(73.8788944660262,57.4716224975636,9.));
#3033=CARTESIAN_POINT('',(57.5788942723111,70.4716226912787,9.));
#3034=CARTESIAN_POINT('',(57.5788942723111,57.4716224975636,9.));
#3035=CARTESIAN_POINT('',(70.5788944660262,70.4716226912787,9.));
#3036=CARTESIAN_POINT('',(60.8788942723111,70.4716226912787,9.));
#3037=CARTESIAN_POINT('',(70.5788944660262,70.4716226912787,9.));
#3038=CARTESIAN_POINT('',(51.7102176729411,57.9643860518442,9.));
#3039=CARTESIAN_POINT('',(12.8090079439757,57.9643860518442,9.));
#3040=CARTESIAN_POINT('',(55.0102176729411,57.9643860518442,9.));
#3041=CARTESIAN_POINT('',(12.8090079439757,70.9450625406281,9.));
#3042=CARTESIAN_POINT('',(12.8090079439757,57.9643860518442,9.));
#3043=CARTESIAN_POINT('',(51.7102176729411,70.9450625406281,9.));
#3044=CARTESIAN_POINT('',(16.1090079439757,70.9450625406281,9.));
#3045=CARTESIAN_POINT('',(51.7102176729411,70.9450625406281,9.));
#3046=CARTESIAN_POINT('Origin',(113.77707443901,87.0945751259258,6.));
#3047=CARTESIAN_POINT('',(0.577038210422209,87.0904657561467,6.));
#3048=CARTESIAN_POINT('',(113.77707443901,87.0945751259258,6.));
#3049=CARTESIAN_POINT('',(0.577038210422227,87.0904657561467,6.));
#3050=CARTESIAN_POINT('Origin',(0.577074512263742,86.0904657568056,6.));
#3051=CARTESIAN_POINT('',(-0.422925487736254,86.0904657588,6.));
#3052=CARTESIAN_POINT('Origin',(0.577074512263742,86.0904657568056,6.));
#3053=CARTESIAN_POINT('',(-0.422925487736254,86.0904657588,6.));
#3054=CARTESIAN_POINT('Origin',(0.577074439010303,48.3604294556231,7.5));
#3055=CARTESIAN_POINT('',(0.577074433974154,47.3604294556231,8.95696639144729));
#3056=CARTESIAN_POINT('',(0.1877207130544,47.439341144936,8.));
#3057=CARTESIAN_POINT('Ctrl Pts',(0.577074430370506,47.3604294556231,8.95696639371867));
#3058=CARTESIAN_POINT('Ctrl Pts',(0.549853980766391,47.3604294558583,8.91380554821443));
#3059=CARTESIAN_POINT('Ctrl Pts',(0.523009540368644,47.3615428300217,8.86800303121293));
#3060=CARTESIAN_POINT('Ctrl Pts',(0.375312733443085,47.3734546882333,8.59577378533658));
#3061=CARTESIAN_POINT('Ctrl Pts',(0.270273369048089,47.4044452681502,8.32447169406105));
#3062=CARTESIAN_POINT('Ctrl Pts',(0.187720713055091,47.4393411449358,8.00000000000274));
#3063=CARTESIAN_POINT('',(0.577074439010303,47.3604294556231,7.5));
#3064=CARTESIAN_POINT('',(-0.422925560989711,48.3604294556231,6.));
#3065=CARTESIAN_POINT('',(-0.422925560989711,48.3604294556231,7.5));
#3066=CARTESIAN_POINT('',(0.577074439010303,47.3604294556231,6.));
#3067=CARTESIAN_POINT('Origin',(0.577074439010303,48.3604294556231,6.));
#3068=CARTESIAN_POINT('',(0.577074439010303,47.3604294556231,8.));
#3069=CARTESIAN_POINT('',(0.577074439010303,47.3604294556231,7.5));
#3070=CARTESIAN_POINT('Origin',(0.577074439010303,48.3604294556231,8.));
#3071=CARTESIAN_POINT('Origin',(56.6770744390103,68.2275022907744,6.));
#3072=CARTESIAN_POINT('',(113.77707443901,48.3604294556231,6.));
#3073=CARTESIAN_POINT('',(113.77707443901,49.3604294556231,6.));
#3074=CARTESIAN_POINT('',(112.77707443901,47.3604294556231,6.));
#3075=CARTESIAN_POINT('Origin',(112.77707443901,48.3604294556231,6.));
#3076=CARTESIAN_POINT('',(-0.422925560989711,47.3604294556231,6.));
#3077=CARTESIAN_POINT('',(-0.422925560989711,49.3604294556231,6.));
#3078=CARTESIAN_POINT('',(-0.422925560989711,49.3604294556231,6.));
#3079=CARTESIAN_POINT('',(-0.422925485741956,87.0904294556231,6.));
#3080=CARTESIAN_POINT('',(51.7102176729411,57.9643860518442,6.));
#3081=CARTESIAN_POINT('',(12.8090079439757,57.9643860518442,6.));
#3082=CARTESIAN_POINT('',(51.7102176729411,57.9643860518442,6.));
#3083=CARTESIAN_POINT('',(51.7102176729411,70.9450625406281,6.));
#3084=CARTESIAN_POINT('',(51.7102176729411,70.9450625406281,6.));
#3085=CARTESIAN_POINT('',(12.8090079439757,70.9450625406281,6.));
#3086=CARTESIAN_POINT('',(12.8090079439757,70.9450625406281,6.));
#3087=CARTESIAN_POINT('',(12.8090079439757,57.9643860518442,6.));
#3088=CARTESIAN_POINT('',(70.5788944660262,57.4716224975636,6.));
#3089=CARTESIAN_POINT('',(57.5788942723111,57.4716224975636,6.));
#3090=CARTESIAN_POINT('',(70.5788944660262,57.4716224975636,6.));
#3091=CARTESIAN_POINT('',(70.5788944660262,70.4716226912787,6.));
#3092=CARTESIAN_POINT('',(70.5788944660262,70.4716226912787,6.));
#3093=CARTESIAN_POINT('',(57.5788942723111,70.4716226912787,6.));
#3094=CARTESIAN_POINT('',(57.5788942723111,70.4716226912787,6.));
#3095=CARTESIAN_POINT('',(57.5788942723111,57.4716224975636,6.));
#3096=CARTESIAN_POINT('',(1.96013528502821,84.332933053268,6.));
#3097=CARTESIAN_POINT('Origin',(4.3101352850282,84.332933053268,6.));
#3098=CARTESIAN_POINT('',(107.17604636496,84.0757587576829,6.));
#3099=CARTESIAN_POINT('Origin',(109.52604636496,84.0757587576829,6.));
#3100=CARTESIAN_POINT('Origin',(-0.422925560989711,49.3604294556231,9.));
#3101=CARTESIAN_POINT('',(-0.422925560989711,49.3604294556231,6.));
#3102=CARTESIAN_POINT('Origin',(-0.422925560989711,47.3604294556231,6.));
#3103=CARTESIAN_POINT('Ctrl Pts',(0.60705198236635,47.3594377736612,8.99923768087496));
#3104=CARTESIAN_POINT('Ctrl Pts',(0.602441049884645,47.3594256129233,8.99209131763518));
#3105=CARTESIAN_POINT('Ctrl Pts',(0.597857010183723,47.3594126648405,8.98492512258659));
#3106=CARTESIAN_POINT('Ctrl Pts',(0.593300019209082,47.3593993683315,8.97773927054453));
#3107=CARTESIAN_POINT('Ctrl Pts',(0.58874302823444,47.3593860718225,8.97055341850247));
#3108=CARTESIAN_POINT('Ctrl Pts',(0.584213085986151,47.3593724268914,8.96334790949101));
#3109=CARTESIAN_POINT('Ctrl Pts',(0.579710338352728,47.3593588645626,8.95612291888471));
#3110=CARTESIAN_POINT('Origin',(-0.422925560989711,47.3604294556231,6.));
#3111=CARTESIAN_POINT('',(112.77707443901,47.3604294556231,8.));
#3112=CARTESIAN_POINT('',(112.77707443901,47.3604294556231,6.));
#3113=CARTESIAN_POINT('',(28.2775576764259,47.3604294556231,8.));
#3114=CARTESIAN_POINT('Origin',(112.77707443901,48.3604294556231,6.));
#3115=CARTESIAN_POINT('',(113.602107635962,47.7953451929432,8.));
#3116=CARTESIAN_POINT('Origin',(112.77707443901,48.3604294556231,8.));
#3117=CARTESIAN_POINT('',(113.77707443901,48.3604294556231,6.));
#3118=CARTESIAN_POINT('Ctrl Pts',(113.602107635962,47.7953451929432,8.00000000000001));
#3119=CARTESIAN_POINT('Ctrl Pts',(113.536039167171,47.6988840390512,8.3319215228368));
#3120=CARTESIAN_POINT('Ctrl Pts',(113.444009006148,47.6009138777285,8.63301143050511));
#3121=CARTESIAN_POINT('Ctrl Pts',(113.304604539423,47.5106836808694,8.93444750271539));
#3122=CARTESIAN_POINT('Ctrl Pts',(113.288443307686,47.5008594411063,8.96770562511595));
#3123=CARTESIAN_POINT('Ctrl Pts',(113.271985373775,47.4914857482116,8.99999999998862));
#3124=CARTESIAN_POINT('Origin',(113.77707443901,49.3604294556231,6.));
#3125=CARTESIAN_POINT('Origin',(-0.1229255609897,44.7778537606672,6.));
#3126=CARTESIAN_POINT('Ctrl Pts',(2.87725343554259,44.7778537606672,11.));
#3127=CARTESIAN_POINT('Ctrl Pts',(2.877239637466,45.6609929203763,11.));
#3128=CARTESIAN_POINT('Ctrl Pts',(2.87721552300224,47.2044274067238,10.5802832528066));
#3129=CARTESIAN_POINT('Ctrl Pts',(2.87719714906908,48.3804420334826,9.529882292074));
#3130=CARTESIAN_POINT('Ctrl Pts',(2.87719093994858,48.7778537617223,8.9999999985932));
#3131=CARTESIAN_POINT('',(21.4038934080437,45.4466216481974,10.9550731087047));
#3132=CARTESIAN_POINT('Origin',(21.4038934080437,44.7778537606672,6.));
#3133=CARTESIAN_POINT('',(21.9038934080437,45.9466216481974,10.8614793659007));
#3134=CARTESIAN_POINT('Ctrl Pts',(21.4038934080437,45.4466216481974,10.9550731087047));
#3135=CARTESIAN_POINT('Ctrl Pts',(21.4038934080437,45.5098164689442,10.9465439375206));
#3136=CARTESIAN_POINT('Ctrl Pts',(21.416588057737,45.5770307472236,10.9361163913338));
#3137=CARTESIAN_POINT('Ctrl Pts',(21.4679936202015,45.7005200730312,10.9145310825109));
#3138=CARTESIAN_POINT('Ctrl Pts',(21.5066986467611,45.7568089819567,10.9034386547954));
#3139=CARTESIAN_POINT('Ctrl Pts',(21.59554005418,45.8450969336212,10.8849765679322));
#3140=CARTESIAN_POINT('Ctrl Pts',(21.6514249774982,45.8832806798583,10.876341908535));
#3141=CARTESIAN_POINT('Ctrl Pts',(21.7741777779544,45.934048837512,10.8645546593917));
#3142=CARTESIAN_POINT('Ctrl Pts',(21.8410578624995,45.9466216481974,10.8614793659007));
#3143=CARTESIAN_POINT('Ctrl Pts',(21.9038934080437,45.9466216481974,10.8614793659007));
#3144=CARTESIAN_POINT('',(34.9038934080437,45.9466216481974,10.8614793659007));
#3145=CARTESIAN_POINT('',(-0.1229255609897,45.9466216481974,10.8614793659007));
#3146=CARTESIAN_POINT('',(35.4038934080437,45.4466216481974,10.9550731087047));
#3147=CARTESIAN_POINT('Ctrl Pts',(34.9038934080437,45.9466216481974,10.8614793659007));
#3148=CARTESIAN_POINT('Ctrl Pts',(34.966728953588,45.9466216481974,10.8614793659007));
#3149=CARTESIAN_POINT('Ctrl Pts',(35.033609038133,45.934048837512,10.8645546593917));
#3150=CARTESIAN_POINT('Ctrl Pts',(35.1563618385893,45.8832806798583,10.876341908535));
#3151=CARTESIAN_POINT('Ctrl Pts',(35.2122467619074,45.8450969336212,10.8849765679322));
#3152=CARTESIAN_POINT('Ctrl Pts',(35.3010881693264,45.7568089819567,10.9034386547954));
#3153=CARTESIAN_POINT('Ctrl Pts',(35.3397931958859,45.7005200730312,10.9145310825109));
#3154=CARTESIAN_POINT('Ctrl Pts',(35.3911987583505,45.5770307472236,10.9361163913338));
#3155=CARTESIAN_POINT('Ctrl Pts',(35.4038934080437,45.5098164689442,10.9465439375206));
#3156=CARTESIAN_POINT('Ctrl Pts',(35.4038934080437,45.4466216481974,10.9550731087047));
#3157=CARTESIAN_POINT('Origin',(35.4038934080437,44.7778537606672,6.));
#3158=CARTESIAN_POINT('',(40.4538934080437,45.4466216481974,10.9550731087047));
#3159=CARTESIAN_POINT('Origin',(40.4538934080437,44.7778537606672,6.));
#3160=CARTESIAN_POINT('',(40.9538934080437,45.9466216481974,10.8614793659007));
#3161=CARTESIAN_POINT('Ctrl Pts',(40.4538934080437,45.4466216481974,10.9550731087047));
#3162=CARTESIAN_POINT('Ctrl Pts',(40.4538934080437,45.5098164689442,10.9465439375206));
#3163=CARTESIAN_POINT('Ctrl Pts',(40.466588057737,45.5770307472236,10.9361163913338));
#3164=CARTESIAN_POINT('Ctrl Pts',(40.5179936202016,45.7005200730312,10.9145310825109));
#3165=CARTESIAN_POINT('Ctrl Pts',(40.5566986467611,45.7568089819567,10.9034386547954));
#3166=CARTESIAN_POINT('Ctrl Pts',(40.64554005418,45.8450969336212,10.8849765679322));
#3167=CARTESIAN_POINT('Ctrl Pts',(40.7014249774982,45.8832806798583,10.876341908535));
#3168=CARTESIAN_POINT('Ctrl Pts',(40.8241777779545,45.9340488375119,10.8645546593917));
#3169=CARTESIAN_POINT('Ctrl Pts',(40.8910578624995,45.9466216481974,10.8614793659007));
#3170=CARTESIAN_POINT('Ctrl Pts',(40.9538934080437,45.9466216481974,10.8614793659007));
#3171=CARTESIAN_POINT('',(53.9538934080437,45.9466216481974,10.8614793659007));
#3172=CARTESIAN_POINT('',(-0.1229255609897,45.9466216481974,10.8614793659007));
#3173=CARTESIAN_POINT('',(54.4538934080438,45.4466216481974,10.9550731087047));
#3174=CARTESIAN_POINT('Ctrl Pts',(53.9538934080437,45.9466216481974,10.8614793659007));
#3175=CARTESIAN_POINT('Ctrl Pts',(54.016728953588,45.9466216481974,10.8614793659007));
#3176=CARTESIAN_POINT('Ctrl Pts',(54.083609038133,45.9340488375119,10.8645546593917));
#3177=CARTESIAN_POINT('Ctrl Pts',(54.2063618385893,45.8832806798583,10.876341908535));
#3178=CARTESIAN_POINT('Ctrl Pts',(54.2622467619075,45.8450969336212,10.8849765679322));
#3179=CARTESIAN_POINT('Ctrl Pts',(54.3510881693264,45.7568089819567,10.9034386547954));
#3180=CARTESIAN_POINT('Ctrl Pts',(54.3897931958859,45.7005200730312,10.9145310825109));
#3181=CARTESIAN_POINT('Ctrl Pts',(54.4411987583505,45.5770307472236,10.9361163913338));
#3182=CARTESIAN_POINT('Ctrl Pts',(54.4538934080437,45.5098164689442,10.9465439375206));
#3183=CARTESIAN_POINT('Ctrl Pts',(54.4538934080437,45.4466216481974,10.9550731087047));
#3184=CARTESIAN_POINT('Origin',(54.4538934080438,44.7778537606672,6.));
#3185=CARTESIAN_POINT('',(59.5038934080437,45.4466216481974,10.9550731087047));
#3186=CARTESIAN_POINT('Origin',(59.5038934080437,44.7778537606672,6.));
#3187=CARTESIAN_POINT('',(60.0038934080438,45.9466216481974,10.8614793659007));
#3188=CARTESIAN_POINT('Ctrl Pts',(59.5038934080438,45.4466216481974,10.9550731087047));
#3189=CARTESIAN_POINT('Ctrl Pts',(59.5038934080438,45.5098164689442,10.9465439375206));
#3190=CARTESIAN_POINT('Ctrl Pts',(59.516588057737,45.5770307472236,10.9361163913338));
#3191=CARTESIAN_POINT('Ctrl Pts',(59.5679936202016,45.7005200730312,10.9145310825109));
#3192=CARTESIAN_POINT('Ctrl Pts',(59.6066986467611,45.7568089819567,10.9034386547954));
#3193=CARTESIAN_POINT('Ctrl Pts',(59.69554005418,45.8450969336212,10.8849765679322));
#3194=CARTESIAN_POINT('Ctrl Pts',(59.7514249774982,45.8832806798583,10.876341908535));
#3195=CARTESIAN_POINT('Ctrl Pts',(59.8741777779545,45.9340488375119,10.8645546593917));
#3196=CARTESIAN_POINT('Ctrl Pts',(59.9410578624995,45.9466216481974,10.8614793659007));
#3197=CARTESIAN_POINT('Ctrl Pts',(60.0038934080438,45.9466216481974,10.8614793659007));
#3198=CARTESIAN_POINT('',(73.0038934080437,45.9466216481974,10.8614793659007));
#3199=CARTESIAN_POINT('',(-0.1229255609897,45.9466216481974,10.8614793659007));
#3200=CARTESIAN_POINT('',(73.5038934080438,45.4466216481974,10.9550731087047));
#3201=CARTESIAN_POINT('Ctrl Pts',(73.0038934080437,45.9466216481974,10.8614793659007));
#3202=CARTESIAN_POINT('Ctrl Pts',(73.066728953588,45.9466216481974,10.8614793659007));
#3203=CARTESIAN_POINT('Ctrl Pts',(73.133609038133,45.934048837512,10.8645546593917));
#3204=CARTESIAN_POINT('Ctrl Pts',(73.2563618385893,45.8832806798583,10.876341908535));
#3205=CARTESIAN_POINT('Ctrl Pts',(73.3122467619074,45.8450969336212,10.8849765679322));
#3206=CARTESIAN_POINT('Ctrl Pts',(73.4010881693264,45.7568089819567,10.9034386547954));
#3207=CARTESIAN_POINT('Ctrl Pts',(73.4397931958859,45.7005200730312,10.9145310825109));
#3208=CARTESIAN_POINT('Ctrl Pts',(73.4911987583505,45.5770307472236,10.9361163913338));
#3209=CARTESIAN_POINT('Ctrl Pts',(73.5038934080437,45.5098164689442,10.9465439375206));
#3210=CARTESIAN_POINT('Ctrl Pts',(73.5038934080437,45.4466216481974,10.9550731087047));
#3211=CARTESIAN_POINT('Origin',(73.5038934080438,44.7778537606672,6.));
#3212=CARTESIAN_POINT('',(78.5538934080438,45.4466216481974,10.9550731087047));
#3213=CARTESIAN_POINT('Origin',(78.5538934080437,44.7778537606672,6.));
#3214=CARTESIAN_POINT('',(79.0538934080438,45.9466216481974,10.8614793659007));
#3215=CARTESIAN_POINT('Ctrl Pts',(78.5538934080438,45.4466216481974,10.9550731087047));
#3216=CARTESIAN_POINT('Ctrl Pts',(78.5538934080438,45.5098164689442,10.9465439375206));
#3217=CARTESIAN_POINT('Ctrl Pts',(78.566588057737,45.5770307472236,10.9361163913338));
#3218=CARTESIAN_POINT('Ctrl Pts',(78.6179936202016,45.7005200730312,10.9145310825109));
#3219=CARTESIAN_POINT('Ctrl Pts',(78.6566986467611,45.7568089819567,10.9034386547954));
#3220=CARTESIAN_POINT('Ctrl Pts',(78.7455400541801,45.8450969336212,10.8849765679322));
#3221=CARTESIAN_POINT('Ctrl Pts',(78.8014249774982,45.8832806798583,10.876341908535));
#3222=CARTESIAN_POINT('Ctrl Pts',(78.9241777779545,45.9340488375119,10.8645546593917));
#3223=CARTESIAN_POINT('Ctrl Pts',(78.9910578624995,45.9466216481974,10.8614793659007));
#3224=CARTESIAN_POINT('Ctrl Pts',(79.0538934080438,45.9466216481974,10.8614793659007));
#3225=CARTESIAN_POINT('',(92.0538934080437,45.9466216481974,10.8614793659007));
#3226=CARTESIAN_POINT('',(-0.1229255609897,45.9466216481974,10.8614793659007));
#3227=CARTESIAN_POINT('',(92.5538934080437,45.4466216481974,10.9550731087047));
#3228=CARTESIAN_POINT('Ctrl Pts',(92.0538934080437,45.9466216481974,10.8614793659007));
#3229=CARTESIAN_POINT('Ctrl Pts',(92.116728953588,45.9466216481974,10.8614793659007));
#3230=CARTESIAN_POINT('Ctrl Pts',(92.183609038133,45.934048837512,10.8645546593917));
#3231=CARTESIAN_POINT('Ctrl Pts',(92.3063618385893,45.8832806798583,10.876341908535));
#3232=CARTESIAN_POINT('Ctrl Pts',(92.3622467619074,45.8450969336212,10.8849765679322));
#3233=CARTESIAN_POINT('Ctrl Pts',(92.4510881693264,45.7568089819567,10.9034386547954));
#3234=CARTESIAN_POINT('Ctrl Pts',(92.4897931958859,45.7005200730312,10.9145310825109));
#3235=CARTESIAN_POINT('Ctrl Pts',(92.5411987583504,45.5770307472236,10.9361163913338));
#3236=CARTESIAN_POINT('Ctrl Pts',(92.5538934080437,45.5098164689442,10.9465439375206));
#3237=CARTESIAN_POINT('Ctrl Pts',(92.5538934080437,45.4466216481974,10.9550731087047));
#3238=CARTESIAN_POINT('Origin',(92.5538934080437,44.7778537606672,6.));
#3239=CARTESIAN_POINT('Ctrl Pts',(111.077190937831,48.7776963439965,8.99988163684836));
#3240=CARTESIAN_POINT('Ctrl Pts',(111.077198838222,48.2720356781989,9.67239591960314));
#3241=CARTESIAN_POINT('Ctrl Pts',(111.077218278963,47.0277405425583,10.6693418611037));
#3242=CARTESIAN_POINT('Ctrl Pts',(111.077242433316,45.4817529297638,11.));
#3243=CARTESIAN_POINT('Ctrl Pts',(111.077253430966,44.7778537606672,11.));
#3244=CARTESIAN_POINT('Ctrl Pts',(-0.122809057805079,46.3777376610594,7.19999856049092));
#3245=CARTESIAN_POINT('Ctrl Pts',(-0.122802848678062,46.2187728030048,7.41195210184072));
#3246=CARTESIAN_POINT('Ctrl Pts',(-0.122784474732649,45.7483666386138,7.83211313829702));
#3247=CARTESIAN_POINT('Ctrl Pts',(-0.122760360245508,45.1309922453122,8.));
#3248=CARTESIAN_POINT('Ctrl Pts',(-0.122746562168918,44.7777365814286,8.));
#3249=CARTESIAN_POINT('Ctrl Pts',(-0.122837106338928,47.0958307503986,7.73856736884386));
#3250=CARTESIAN_POINT('Ctrl Pts',(-0.122828032424233,46.8652330657979,8.04602850863261));
#3251=CARTESIAN_POINT('Ctrl Pts',(-0.122801453701873,46.1838549382246,8.65488482662152));
#3252=CARTESIAN_POINT('Ctrl Pts',(-0.122766726188518,45.2901700609328,8.8976019223267));
#3253=CARTESIAN_POINT('Ctrl Pts',(-0.122746562168918,44.7777365814286,8.89759790102565));
#3254=CARTESIAN_POINT('Ctrl Pts',(0.630021092220064,48.3393438822552,8.67117841484763));
#3255=CARTESIAN_POINT('Ctrl Pts',(0.630031744142025,47.9855922048474,9.1428403620643));
#3256=CARTESIAN_POINT('Ctrl Pts',(0.630063317870066,46.9384102911777,10.0780529964894));
#3257=CARTESIAN_POINT('Ctrl Pts',(0.630104785694223,45.563865044444,10.451932350485));
#3258=CARTESIAN_POINT('Ctrl Pts',(0.630128456176861,44.7777659885358,10.4519218972447));
#3259=CARTESIAN_POINT('Ctrl Pts',(2.20397912240004,48.7778469933931,9.00000902305241));
#3260=CARTESIAN_POINT('Ctrl Pts',(2.20398664279151,48.3802653375868,9.53011538065112));
#3261=CARTESIAN_POINT('Ctrl Pts',(2.20400896451716,47.204329988789,10.5805913244001));
#3262=CARTESIAN_POINT('Ctrl Pts',(2.20403829842787,45.6613358272613,11.0000046804721));
#3263=CARTESIAN_POINT('Ctrl Pts',(2.20405501028688,44.7778274657076,11.));
#3264=CARTESIAN_POINT('Ctrl Pts',(2.87719093990643,48.7778564597442,8.99999640122731));
#3265=CARTESIAN_POINT('Ctrl Pts',(2.87719714903344,48.3804443146077,9.52988025460181));
#3266=CARTESIAN_POINT('Ctrl Pts',(2.87721552297886,47.2044289036302,10.5802828457426));
#3267=CARTESIAN_POINT('Ctrl Pts',(2.877239637466,45.6609929203763,11.));
#3268=CARTESIAN_POINT('Ctrl Pts',(2.87725343554259,44.7778537606672,11.));
#3269=CARTESIAN_POINT('',(0.157613804726644,47.3604294556231,8.));
#3270=CARTESIAN_POINT('Ctrl Pts',(0.162898457624678,47.3586777429698,7.99867707617893));
#3271=CARTESIAN_POINT('Ctrl Pts',(0.172601510604159,47.3849792913199,7.99867270738035));
#3272=CARTESIAN_POINT('Ctrl Pts',(0.182640171788718,47.4112787261387,7.99867010766581));
#3273=CARTESIAN_POINT('Ctrl Pts',(0.193026592091452,47.437567835756,7.99866928988809));
#3274=CARTESIAN_POINT('',(-0.122746562168921,44.7777365814286,8.));
#3275=CARTESIAN_POINT('Ctrl Pts',(0.157613804726642,47.3604294556231,8.));
#3276=CARTESIAN_POINT('Ctrl Pts',(-0.00779900311773829,46.9111505150141,
8.));
#3277=CARTESIAN_POINT('Ctrl Pts',(-0.0712756801739545,46.4640473839964,
7.99999999999987));
#3278=CARTESIAN_POINT('Ctrl Pts',(-0.11392675629093,45.8463676025497,7.99999999999987));
#3279=CARTESIAN_POINT('Ctrl Pts',(-0.119170433825353,45.6218918899738,7.99999999999991));
#3280=CARTESIAN_POINT('Ctrl Pts',(-0.122430499726942,45.2790467370763,7.99999999999991));
#3281=CARTESIAN_POINT('Ctrl Pts',(-0.122653649221149,45.1363354520019,7.99999999999999));
#3282=CARTESIAN_POINT('Ctrl Pts',(-0.122748724150359,44.9707707754836,7.99999999999999));
#3283=CARTESIAN_POINT('Ctrl Pts',(-0.122749933102231,44.9025084480261,8.));
#3284=CARTESIAN_POINT('Ctrl Pts',(-0.12274913635359,44.84907251834,8.));
#3285=CARTESIAN_POINT('Ctrl Pts',(-0.122748751856676,44.8363735248759,8.));
#3286=CARTESIAN_POINT('Ctrl Pts',(-0.122748134042947,44.8186082801921,8.));
#3287=CARTESIAN_POINT('Ctrl Pts',(-0.122747903899985,44.8124205079755,8.));
#3288=CARTESIAN_POINT('Ctrl Pts',(-0.122747455604664,44.8006436349468,8.));
#3289=CARTESIAN_POINT('Ctrl Pts',(-0.122747176420415,44.7934727251888,8.));
#3290=CARTESIAN_POINT('Ctrl Pts',(-0.122746879545321,44.785862058868,8.));
#3291=CARTESIAN_POINT('Ctrl Pts',(-0.122746710953118,44.7815457254725,8.));
#3292=CARTESIAN_POINT('Ctrl Pts',(-0.122746562168918,44.7777365814286,8.));
#3293=CARTESIAN_POINT('Origin',(2.87725343554259,44.7778537606672,8.));
#3294=CARTESIAN_POINT('Origin',(56.9780409138416,24.6169294556231,8.));
#3295=CARTESIAN_POINT('',(113.777074438841,47.4126732140829,8.));
#3296=CARTESIAN_POINT('Ctrl Pts',(113.602107635966,47.7953451929355,8.));
#3297=CARTESIAN_POINT('Ctrl Pts',(113.662879951563,47.6817191267897,8.));
#3298=CARTESIAN_POINT('Ctrl Pts',(113.719409853598,47.5599985668252,7.99999999999999));
#3299=CARTESIAN_POINT('Ctrl Pts',(113.772677984501,47.4240238270668,8.));
#3300=CARTESIAN_POINT('Ctrl Pts',(113.774884477487,47.4183486143233,8.));
#3301=CARTESIAN_POINT('Ctrl Pts',(113.777074438694,47.4126732140262,8.));
#3302=CARTESIAN_POINT('',(114.077253428677,44.7779709399059,8.));
#3303=CARTESIAN_POINT('Ctrl Pts',(114.077253428677,44.7779709399059,8.));
#3304=CARTESIAN_POINT('Ctrl Pts',(114.077253303505,44.7811755635686,8.));
#3305=CARTESIAN_POINT('Ctrl Pts',(114.077253192345,44.784021204708,8.));
#3306=CARTESIAN_POINT('Ctrl Pts',(114.077253020186,44.7884270160311,8.));
#3307=CARTESIAN_POINT('Ctrl Pts',(114.077252670366,44.7973768222738,8.));
#3308=CARTESIAN_POINT('Ctrl Pts',(114.0772520184,44.8137871362047,8.));
#3309=CARTESIAN_POINT('Ctrl Pts',(114.07725145963,44.8275151287282,8.));
#3310=CARTESIAN_POINT('Ctrl Pts',(114.077249455727,44.8686757474565,8.));
#3311=CARTESIAN_POINT('Ctrl Pts',(114.077245469816,44.9380811526483,8.));
#3312=CARTESIAN_POINT('Ctrl Pts',(114.077184231541,45.0880301953416,8.));
#3313=CARTESIAN_POINT('Ctrl Pts',(114.07704211922,45.2308635438164,7.99999999998182));
#3314=CARTESIAN_POINT('Ctrl Pts',(114.074689501599,45.5482368851483,7.99999999998182));
#3315=CARTESIAN_POINT('Ctrl Pts',(114.070981361082,45.7544238388234,8.00000000002563));
#3316=CARTESIAN_POINT('Ctrl Pts',(114.037312230022,46.3706629925087,8.00000000002563));
#3317=CARTESIAN_POINT('Ctrl Pts',(113.98140832809,46.826255658837,8.));
#3318=CARTESIAN_POINT('Ctrl Pts',(113.808306404146,47.3294847666952,8.));
#3319=CARTESIAN_POINT('Ctrl Pts',(113.792906299656,47.3716441089853,8.));
#3320=CARTESIAN_POINT('Ctrl Pts',(113.777074438673,47.4126732140829,8.));
#3321=CARTESIAN_POINT('',(114.078890204857,2.87354663486172,8.));
#3322=CARTESIAN_POINT('',(114.079007388673,-0.126570544376934,8.));
#3323=CARTESIAN_POINT('',(111.078890207146,-0.126570544376934,8.));
#3324=CARTESIAN_POINT('Origin',(111.078890207146,2.87342945562307,8.));
#3325=CARTESIAN_POINT('',(2.87889021172246,-0.126570544376934,8.));
#3326=CARTESIAN_POINT('',(-0.120992611327306,-0.126570544376934,8.));
#3327=CARTESIAN_POINT('',(-0.121109785989049,2.87331227638443,8.));
#3328=CARTESIAN_POINT('Origin',(2.87889021172246,2.87342945562307,8.));
#3329=CARTESIAN_POINT('',(-0.120992611327306,-0.126570544376934,8.));
#3330=CARTESIAN_POINT('',(107.358342474669,5.78042765037996,8.));
#3331=CARTESIAN_POINT('Origin',(109.708342474669,5.78042765037996,8.));
#3332=CARTESIAN_POINT('',(40.4538934080437,26.3966216481974,8.));
#3333=CARTESIAN_POINT('',(40.9538934080437,26.8966216481974,8.));
#3334=CARTESIAN_POINT('Origin',(40.9538934080437,26.3966216481974,8.));
#3335=CARTESIAN_POINT('',(40.4538934080437,13.3966216481974,8.));
#3336=CARTESIAN_POINT('',(40.4538934080437,26.3966216481974,8.));
#3337=CARTESIAN_POINT('',(40.9538934080437,12.8966216481974,8.));
#3338=CARTESIAN_POINT('Origin',(40.9538934080437,13.3966216481974,8.));
#3339=CARTESIAN_POINT('',(53.9538934080437,12.8966216481974,8.));
#3340=CARTESIAN_POINT('',(40.9538934080437,12.8966216481974,8.));
#3341=CARTESIAN_POINT('',(54.4538934080438,13.3966216481974,8.));
#3342=CARTESIAN_POINT('Origin',(53.9538934080437,13.3966216481974,8.));
#3343=CARTESIAN_POINT('',(54.4538934080438,26.3966216481974,8.));
#3344=CARTESIAN_POINT('',(54.4538934080438,26.3966216481974,8.));
#3345=CARTESIAN_POINT('',(53.9538934080437,26.8966216481974,8.));
#3346=CARTESIAN_POINT('Origin',(53.9538934080437,26.3966216481974,8.));
#3347=CARTESIAN_POINT('',(40.9538934080437,26.8966216481974,8.));
#3348=CARTESIAN_POINT('',(59.5038934080437,45.4466216481974,8.));
#3349=CARTESIAN_POINT('',(60.0038934080438,45.9466216481974,8.));
#3350=CARTESIAN_POINT('Origin',(60.0038934080438,45.4466216481974,8.));
#3351=CARTESIAN_POINT('',(59.5038934080437,32.4466216481974,8.));
#3352=CARTESIAN_POINT('',(59.5038934080437,45.4466216481974,8.));
#3353=CARTESIAN_POINT('',(60.0038934080438,31.9466216481974,8.));
#3354=CARTESIAN_POINT('Origin',(60.0038934080438,32.4466216481974,8.));
#3355=CARTESIAN_POINT('',(73.0038934080437,31.9466216481974,8.));
#3356=CARTESIAN_POINT('',(60.0038934080438,31.9466216481974,8.));
#3357=CARTESIAN_POINT('',(73.5038934080437,32.4466216481974,8.));
#3358=CARTESIAN_POINT('Origin',(73.0038934080437,32.4466216481974,8.));
#3359=CARTESIAN_POINT('',(73.5038934080438,45.4466216481974,8.));
#3360=CARTESIAN_POINT('',(73.5038934080438,45.4466216481974,8.));
#3361=CARTESIAN_POINT('',(73.0038934080437,45.9466216481974,8.));
#3362=CARTESIAN_POINT('Origin',(73.0038934080437,45.4466216481974,8.));
#3363=CARTESIAN_POINT('',(60.0038934080438,45.9466216481974,8.));
#3364=CARTESIAN_POINT('',(21.4038934080437,45.4466216481974,8.));
#3365=CARTESIAN_POINT('',(21.9038934080437,45.9466216481974,8.));
#3366=CARTESIAN_POINT('Origin',(21.9038934080437,45.4466216481974,8.));
#3367=CARTESIAN_POINT('',(21.4038934080437,32.4466216481974,8.));
#3368=CARTESIAN_POINT('',(21.4038934080437,45.4466216481974,8.));
#3369=CARTESIAN_POINT('',(21.9038934080437,31.9466216481974,8.));
#3370=CARTESIAN_POINT('Origin',(21.9038934080437,32.4466216481974,8.));
#3371=CARTESIAN_POINT('',(34.9038934080437,31.9466216481974,8.));
#3372=CARTESIAN_POINT('',(21.9038934080437,31.9466216481974,8.));
#3373=CARTESIAN_POINT('',(35.4038934080437,32.4466216481974,8.));
#3374=CARTESIAN_POINT('Origin',(34.9038934080437,32.4466216481974,8.));
#3375=CARTESIAN_POINT('',(35.4038934080437,45.4466216481974,8.));
#3376=CARTESIAN_POINT('',(35.4038934080437,45.4466216481974,8.));
#3377=CARTESIAN_POINT('',(34.9038934080437,45.9466216481974,8.));
#3378=CARTESIAN_POINT('Origin',(34.9038934080437,45.4466216481974,8.));
#3379=CARTESIAN_POINT('',(21.9038934080437,45.9466216481974,8.));
#3380=CARTESIAN_POINT('',(78.5538934080438,26.3966216481974,8.));
#3381=CARTESIAN_POINT('',(79.0538934080438,26.8966216481974,8.));
#3382=CARTESIAN_POINT('Origin',(79.0538934080438,26.3966216481974,8.));
#3383=CARTESIAN_POINT('',(78.5538934080437,13.3966216481974,8.));
#3384=CARTESIAN_POINT('',(78.5538934080437,26.3966216481974,8.));
#3385=CARTESIAN_POINT('',(79.0538934080438,12.8966216481974,8.));
#3386=CARTESIAN_POINT('Origin',(79.0538934080438,13.3966216481974,8.));
#3387=CARTESIAN_POINT('',(92.0538934080437,12.8966216481974,8.));
#3388=CARTESIAN_POINT('',(79.0538934080438,12.8966216481974,8.));
#3389=CARTESIAN_POINT('',(92.5538934080437,13.3966216481974,8.));
#3390=CARTESIAN_POINT('Origin',(92.0538934080437,13.3966216481974,8.));
#3391=CARTESIAN_POINT('',(92.5538934080437,26.3966216481974,8.));
#3392=CARTESIAN_POINT('',(92.5538934080437,26.3966216481974,8.));
#3393=CARTESIAN_POINT('',(92.0538934080437,26.8966216481974,8.));
#3394=CARTESIAN_POINT('Origin',(92.0538934080437,26.3966216481974,8.));
#3395=CARTESIAN_POINT('',(79.0538934080438,26.8966216481974,8.));
#3396=CARTESIAN_POINT('',(59.5038934080437,26.3966216481974,8.));
#3397=CARTESIAN_POINT('',(60.0038934080438,26.8966216481974,8.));
#3398=CARTESIAN_POINT('Origin',(60.0038934080438,26.3966216481974,8.));
#3399=CARTESIAN_POINT('',(59.5038934080437,13.3966216481974,8.));
#3400=CARTESIAN_POINT('',(59.5038934080437,26.3966216481974,8.));
#3401=CARTESIAN_POINT('',(60.0038934080438,12.8966216481974,8.));
#3402=CARTESIAN_POINT('Origin',(60.0038934080438,13.3966216481974,8.));
#3403=CARTESIAN_POINT('',(73.0038934080437,12.8966216481974,8.));
#3404=CARTESIAN_POINT('',(60.0038934080438,12.8966216481974,8.));
#3405=CARTESIAN_POINT('',(73.5038934080438,13.3966216481974,8.));
#3406=CARTESIAN_POINT('Origin',(73.0038934080437,13.3966216481974,8.));
#3407=CARTESIAN_POINT('',(73.5038934080438,26.3966216481974,8.));
#3408=CARTESIAN_POINT('',(73.5038934080438,26.3966216481974,8.));
#3409=CARTESIAN_POINT('',(73.0038934080437,26.8966216481974,8.));
#3410=CARTESIAN_POINT('Origin',(73.0038934080437,26.3966216481974,8.));
#3411=CARTESIAN_POINT('',(60.0038934080438,26.8966216481974,8.));
#3412=CARTESIAN_POINT('',(40.4538934080437,45.4466216481974,8.));
#3413=CARTESIAN_POINT('',(40.9538934080437,45.9466216481974,8.));
#3414=CARTESIAN_POINT('Origin',(40.9538934080437,45.4466216481974,8.));
#3415=CARTESIAN_POINT('',(40.4538934080437,32.4466216481974,8.));
#3416=CARTESIAN_POINT('',(40.4538934080437,45.4466216481974,8.));
#3417=CARTESIAN_POINT('',(40.9538934080437,31.9466216481974,8.));
#3418=CARTESIAN_POINT('Origin',(40.9538934080437,32.4466216481974,8.));
#3419=CARTESIAN_POINT('',(53.9538934080437,31.9466216481974,8.));
#3420=CARTESIAN_POINT('',(40.9538934080437,31.9466216481974,8.));
#3421=CARTESIAN_POINT('',(54.4538934080438,32.4466216481974,8.));
#3422=CARTESIAN_POINT('Origin',(53.9538934080437,32.4466216481974,8.));
#3423=CARTESIAN_POINT('',(54.4538934080438,45.4466216481974,8.));
#3424=CARTESIAN_POINT('',(54.4538934080438,45.4466216481974,8.));
#3425=CARTESIAN_POINT('',(53.9538934080437,45.9466216481974,8.));
#3426=CARTESIAN_POINT('Origin',(53.9538934080437,45.4466216481974,8.));
#3427=CARTESIAN_POINT('',(40.9538934080437,45.9466216481974,8.));
#3428=CARTESIAN_POINT('',(78.5538934080438,45.4466216481974,8.));
#3429=CARTESIAN_POINT('',(79.0538934080438,45.9466216481974,8.));
#3430=CARTESIAN_POINT('Origin',(79.0538934080438,45.4466216481974,8.));
#3431=CARTESIAN_POINT('',(78.5538934080437,32.4466216481974,8.));
#3432=CARTESIAN_POINT('',(78.5538934080437,45.4466216481974,8.));
#3433=CARTESIAN_POINT('',(79.0538934080438,31.9466216481974,8.));
#3434=CARTESIAN_POINT('Origin',(79.0538934080438,32.4466216481974,8.));
#3435=CARTESIAN_POINT('',(92.0538934080437,31.9466216481974,8.));
#3436=CARTESIAN_POINT('',(79.0538934080438,31.9466216481974,8.));
#3437=CARTESIAN_POINT('',(92.5538934080437,32.4466216481974,8.));
#3438=CARTESIAN_POINT('Origin',(92.0538934080437,32.4466216481974,8.));
#3439=CARTESIAN_POINT('',(92.5538934080437,45.4466216481974,8.));
#3440=CARTESIAN_POINT('',(92.5538934080437,45.4466216481974,8.));
#3441=CARTESIAN_POINT('',(92.0538934080437,45.9466216481974,8.));
#3442=CARTESIAN_POINT('Origin',(92.0538934080437,45.4466216481974,8.));
#3443=CARTESIAN_POINT('',(79.0538934080438,45.9466216481974,8.));
#3444=CARTESIAN_POINT('',(21.4038934080437,26.3966216481974,8.));
#3445=CARTESIAN_POINT('',(21.9038934080437,26.8966216481974,8.));
#3446=CARTESIAN_POINT('Origin',(21.9038934080437,26.3966216481974,8.));
#3447=CARTESIAN_POINT('',(21.4038934080437,13.3966216481974,8.));
#3448=CARTESIAN_POINT('',(21.4038934080437,26.3966216481974,8.));
#3449=CARTESIAN_POINT('',(21.9038934080437,12.8966216481974,8.));
#3450=CARTESIAN_POINT('Origin',(21.9038934080437,13.3966216481974,8.));
#3451=CARTESIAN_POINT('',(34.9038934080437,12.8966216481974,8.));
#3452=CARTESIAN_POINT('',(21.9038934080437,12.8966216481974,8.));
#3453=CARTESIAN_POINT('',(35.4038934080437,13.3966216481974,8.));
#3454=CARTESIAN_POINT('Origin',(34.9038934080437,13.3966216481974,8.));
#3455=CARTESIAN_POINT('',(35.4038934080437,26.3966216481974,8.));
#3456=CARTESIAN_POINT('',(35.4038934080437,26.3966216481974,8.));
#3457=CARTESIAN_POINT('',(34.9038934080437,26.8966216481974,8.));
#3458=CARTESIAN_POINT('Origin',(34.9038934080437,26.3966216481974,8.));
#3459=CARTESIAN_POINT('',(21.9038934080437,26.8966216481974,8.));
#3460=CARTESIAN_POINT('Origin',(109.52604636496,84.0757587576829,-23.5));
#3461=CARTESIAN_POINT('',(107.17604636496,84.0757587576829,-23.5));
#3462=CARTESIAN_POINT('Origin',(4.3101352850282,84.332933053268,-23.5));
#3463=CARTESIAN_POINT('',(1.9601352850282,84.332933053268,-23.5));
#3464=CARTESIAN_POINT('Origin',(51.7102176729411,70.9450625406281,6.));
#3465=CARTESIAN_POINT('',(51.7102176729411,57.9643860518442,6.));
#3466=CARTESIAN_POINT('',(51.7102176729411,70.9450625406281,6.));
#3467=CARTESIAN_POINT('Origin',(12.8090079439757,70.9450625406281,6.));
#3468=CARTESIAN_POINT('',(12.8090079439757,70.9450625406281,6.));
#3469=CARTESIAN_POINT('Origin',(12.8090079439757,57.9643860518442,6.));
#3470=CARTESIAN_POINT('',(12.8090079439757,57.9643860518442,6.));
#3471=CARTESIAN_POINT('Origin',(51.7102176729411,57.9643860518442,6.));
#3472=CARTESIAN_POINT('Origin',(70.5788944660262,70.4716226912787,6.));
#3473=CARTESIAN_POINT('',(70.5788944660262,57.4716224975636,6.));
#3474=CARTESIAN_POINT('',(70.5788944660262,70.4716226912787,6.));
#3475=CARTESIAN_POINT('Origin',(57.5788942723111,70.4716226912787,6.));
#3476=CARTESIAN_POINT('',(57.5788942723111,70.4716226912787,6.));
#3477=CARTESIAN_POINT('Origin',(57.5788942723111,57.4716224975636,6.));
#3478=CARTESIAN_POINT('',(57.5788942723111,57.4716224975636,6.));
#3479=CARTESIAN_POINT('Origin',(70.5788944660262,57.4716224975636,6.));
#3480=CARTESIAN_POINT('Origin',(-0.422925485741956,87.0904294556231,6.));
#3481=CARTESIAN_POINT('Origin',(2.87755771769511,36.9876814791081,8.));
#3482=CARTESIAN_POINT('Origin',(2.87889021172246,2.87342945562307,8.));
#3483=CARTESIAN_POINT('Origin',(2.87889021172246,2.87342945562307,8.));
#3484=CARTESIAN_POINT('Origin',(2.87889021172246,2.87342945562307,8.));
#3485=CARTESIAN_POINT('Origin',(28.4285241512571,2.87342945562307,8.));
#3486=CARTESIAN_POINT('Origin',(111.078890207146,2.87342945562307,8.));
#3487=CARTESIAN_POINT('Origin',(111.078890207146,2.87342945562307,8.));
#3488=CARTESIAN_POINT('Origin',(111.078890207146,2.87342945562307,8.));
#3489=CARTESIAN_POINT('Origin',(111.078524109988,12.2461774321381,8.));
#3490=CARTESIAN_POINT('Ctrl Pts',(111.078702092066,7.68951500275692,11.));
#3491=CARTESIAN_POINT('Ctrl Pts',(111.17523308382,7.62022421165643,11.));
#3492=CARTESIAN_POINT('Ctrl Pts',(111.265133709476,7.54418229523193,10.9952372918069));
#3493=CARTESIAN_POINT('Ctrl Pts',(111.560712067799,7.2578017926173,10.9690398293358));
#3494=CARTESIAN_POINT('Ctrl Pts',(111.74749876837,6.99119612212202,10.9273519783736));
#3495=CARTESIAN_POINT('Ctrl Pts',(111.996354852728,6.40421942189384,10.8591343489557));
#3496=CARTESIAN_POINT('Ctrl Pts',(112.058330639782,6.08346801175047,10.8355688695093));
#3497=CARTESIAN_POINT('Ctrl Pts',(112.058342472876,5.78051944078357,10.8355688695093));
#3498=CARTESIAN_POINT('Ctrl Pts',(112.05835430597,5.47757086981666,10.8355688695093));
#3499=CARTESIAN_POINT('Ctrl Pts',(111.996403576043,5.156814619135,10.8591343489557));
#3500=CARTESIAN_POINT('Ctrl Pts',(111.747593346767,4.56981848018688,10.9273519783736));
#3501=CARTESIAN_POINT('Ctrl Pts',(111.560827473865,4.30319821882287,10.9690398293358));
#3502=CARTESIAN_POINT('Ctrl Pts',(111.265271488343,4.01679462665077,10.9952372918069));
#3503=CARTESIAN_POINT('Ctrl Pts',(111.175376803317,3.94074568746708,11.));
#3504=CARTESIAN_POINT('Ctrl Pts',(111.07885122482,3.87144735562592,11.));
#3505=CARTESIAN_POINT('Origin',(111.077253430966,44.7778537606672,8.));
#3506=CARTESIAN_POINT('Ctrl Pts',(114.077253428677,44.7779709399059,8.));
#3507=CARTESIAN_POINT('Ctrl Pts',(114.077242431028,45.0595306075445,8.));
#3508=CARTESIAN_POINT('Ctrl Pts',(114.077216761438,45.7167184351937,7.85943968619321));
#3509=CARTESIAN_POINT('Ctrl Pts',(114.077196415393,46.2376139090988,7.41787772413653));
#3510=CARTESIAN_POINT('Ctrl Pts',(114.077188314074,46.4450222931227,7.10496144083767));
#3511=CARTESIAN_POINT('Ctrl Pts',(114.077253428677,44.7779709399059,8.89759790102566));
#3512=CARTESIAN_POINT('Ctrl Pts',(114.077237357103,45.1864020421561,8.89759469587907));
#3513=CARTESIAN_POINT('Ctrl Pts',(114.077200143643,46.1386181953152,8.69421546860137));
#3514=CARTESIAN_POINT('Ctrl Pts',(114.077170930136,46.8923145394389,8.05477211435534));
#3515=CARTESIAN_POINT('Ctrl Pts',(114.077159091315,47.1931776830972,7.6008566976591));
#3516=CARTESIAN_POINT('Ctrl Pts',(113.323855957554,44.7779415123918,10.4515284838236));
#3517=CARTESIAN_POINT('Ctrl Pts',(113.32383709118,45.4044956247287,10.4515201521501));
#3518=CARTESIAN_POINT('Ctrl Pts',(113.323793015541,46.8672096671611,10.1385762356222));
#3519=CARTESIAN_POINT('Ctrl Pts',(113.323758043394,48.0268284198016,9.15568395559713));
#3520=CARTESIAN_POINT('Ctrl Pts',(113.323744145946,48.4883636118884,8.45935636192603));
#3521=CARTESIAN_POINT('Ctrl Pts',(111.750451856221,44.7778800556269,11.));
#3522=CARTESIAN_POINT('Ctrl Pts',(111.750438536165,45.48207349417,10.9999962694663));
#3523=CARTESIAN_POINT('Ctrl Pts',(111.750407371849,47.1250892535921,10.6487443357261));
#3524=CARTESIAN_POINT('Ctrl Pts',(111.750382600859,48.4267570197169,9.54500730567145));
#3525=CARTESIAN_POINT('Ctrl Pts',(111.750372788846,48.9454901696835,8.76239149333568));
#3526=CARTESIAN_POINT('Ctrl Pts',(111.077253430966,44.7778537606672,11.));
#3527=CARTESIAN_POINT('Ctrl Pts',(111.077242433316,45.4817529297638,11.));
#3528=CARTESIAN_POINT('Ctrl Pts',(111.077216763727,47.1247224988868,10.648599215483));
#3529=CARTESIAN_POINT('Ctrl Pts',(111.077196417682,48.4269611836496,9.54469431034132));
#3530=CARTESIAN_POINT('Ctrl Pts',(111.077188316363,48.9454821437092,8.76240360209418));
#3531=CARTESIAN_POINT('Origin',(109.708342474669,5.78042765037996,-21.5));
#3532=CARTESIAN_POINT('',(107.358342474669,5.78042765037996,-21.5));
#3533=CARTESIAN_POINT('Origin',(54.4538934080438,45.4466216481974,8.));
#3534=CARTESIAN_POINT('',(54.4538934080438,45.4466216481974,8.));
#3535=CARTESIAN_POINT('',(54.4538934080438,32.4466216481974,8.));
#3536=CARTESIAN_POINT('Origin',(53.9538934080437,45.4466216481974,8.));
#3537=CARTESIAN_POINT('',(53.9538934080437,45.9466216481974,8.));
#3538=CARTESIAN_POINT('Origin',(40.9538934080437,45.9466216481974,8.));
#3539=CARTESIAN_POINT('',(40.9538934080437,45.9466216481974,8.));
#3540=CARTESIAN_POINT('Origin',(40.9538934080437,45.4466216481974,8.));
#3541=CARTESIAN_POINT('',(40.4538934080437,45.4466216481974,8.));
#3542=CARTESIAN_POINT('Origin',(40.4538934080437,32.4466216481974,8.));
#3543=CARTESIAN_POINT('',(40.4538934080437,32.4466216481974,8.));
#3544=CARTESIAN_POINT('Origin',(35.4038934080437,45.4466216481974,8.));
#3545=CARTESIAN_POINT('',(35.4038934080437,45.4466216481974,8.));
#3546=CARTESIAN_POINT('',(35.4038934080437,32.4466216481974,8.));
#3547=CARTESIAN_POINT('Origin',(34.9038934080437,45.4466216481974,8.));
#3548=CARTESIAN_POINT('',(34.9038934080437,45.9466216481974,8.));
#3549=CARTESIAN_POINT('Origin',(21.9038934080437,45.9466216481974,8.));
#3550=CARTESIAN_POINT('',(21.9038934080437,45.9466216481974,8.));
#3551=CARTESIAN_POINT('Origin',(21.9038934080437,45.4466216481974,8.));
#3552=CARTESIAN_POINT('',(21.4038934080437,45.4466216481974,8.));
#3553=CARTESIAN_POINT('Origin',(21.4038934080437,32.4466216481974,8.));
#3554=CARTESIAN_POINT('',(21.4038934080437,32.4466216481974,8.));
#3555=CARTESIAN_POINT('Origin',(21.4038934080437,13.3966216481974,8.));
#3556=CARTESIAN_POINT('',(21.4038934080437,26.3966216481974,8.));
#3557=CARTESIAN_POINT('',(21.4038934080437,13.3966216481974,8.));
#3558=CARTESIAN_POINT('Origin',(21.9038934080437,13.3966216481974,8.));
#3559=CARTESIAN_POINT('',(21.9038934080437,12.8966216481974,8.));
#3560=CARTESIAN_POINT('Origin',(34.9038934080437,12.8966216481974,8.));
#3561=CARTESIAN_POINT('',(34.9038934080437,12.8966216481974,8.));
#3562=CARTESIAN_POINT('Origin',(34.9038934080437,13.3966216481974,8.));
#3563=CARTESIAN_POINT('',(35.4038934080437,13.3966216481974,8.));
#3564=CARTESIAN_POINT('Origin',(35.4038934080437,26.3966216481974,8.));
#3565=CARTESIAN_POINT('',(35.4038934080437,26.3966216481974,8.));
#3566=CARTESIAN_POINT('Origin',(34.9038934080437,26.3966216481974,8.));
#3567=CARTESIAN_POINT('',(34.9038934080437,26.8966216481974,8.));
#3568=CARTESIAN_POINT('Origin',(21.9038934080437,26.8966216481974,8.));
#3569=CARTESIAN_POINT('',(21.9038934080437,26.8966216481974,8.));
#3570=CARTESIAN_POINT('Origin',(21.9038934080437,26.3966216481974,8.));
#3571=CARTESIAN_POINT('Origin',(78.5538934080437,32.4466216481974,8.));
#3572=CARTESIAN_POINT('',(78.5538934080437,32.4466216481974,8.));
#3573=CARTESIAN_POINT('',(78.5538934080438,45.4466216481974,8.));
#3574=CARTESIAN_POINT('Origin',(79.0538934080438,32.4466216481974,8.));
#3575=CARTESIAN_POINT('',(79.0538934080438,31.9466216481974,8.));
#3576=CARTESIAN_POINT('Origin',(92.0538934080437,31.9466216481974,8.));
#3577=CARTESIAN_POINT('',(92.0538934080437,31.9466216481974,8.));
#3578=CARTESIAN_POINT('Origin',(92.0538934080437,32.4466216481974,8.));
#3579=CARTESIAN_POINT('',(92.5538934080437,32.4466216481974,8.));
#3580=CARTESIAN_POINT('Origin',(92.5538934080437,45.4466216481974,8.));
#3581=CARTESIAN_POINT('',(92.5538934080437,45.4466216481974,8.));
#3582=CARTESIAN_POINT('Origin',(92.0538934080437,45.4466216481974,8.));
#3583=CARTESIAN_POINT('',(92.0538934080437,45.9466216481974,8.));
#3584=CARTESIAN_POINT('Origin',(79.0538934080438,45.9466216481974,8.));
#3585=CARTESIAN_POINT('',(79.0538934080438,45.9466216481974,8.));
#3586=CARTESIAN_POINT('Origin',(79.0538934080438,45.4466216481974,8.));
#3587=CARTESIAN_POINT('Origin',(40.9538934080437,32.4466216481974,8.));
#3588=CARTESIAN_POINT('',(40.9538934080437,31.9466216481974,8.));
#3589=CARTESIAN_POINT('Origin',(53.9538934080437,31.9466216481974,8.));
#3590=CARTESIAN_POINT('',(53.9538934080437,31.9466216481974,8.));
#3591=CARTESIAN_POINT('Origin',(53.9538934080437,32.4466216481974,8.));
#3592=CARTESIAN_POINT('Origin',(59.5038934080437,13.3966216481974,8.));
#3593=CARTESIAN_POINT('',(59.5038934080437,26.3966216481974,8.));
#3594=CARTESIAN_POINT('',(59.5038934080437,13.3966216481974,8.));
#3595=CARTESIAN_POINT('Origin',(60.0038934080438,13.3966216481974,8.));
#3596=CARTESIAN_POINT('',(60.0038934080438,12.8966216481974,8.));
#3597=CARTESIAN_POINT('Origin',(73.0038934080437,12.8966216481974,8.));
#3598=CARTESIAN_POINT('',(73.0038934080437,12.8966216481974,8.));
#3599=CARTESIAN_POINT('Origin',(73.0038934080437,13.3966216481974,8.));
#3600=CARTESIAN_POINT('',(73.5038934080438,13.3966216481974,8.));
#3601=CARTESIAN_POINT('Origin',(73.5038934080438,26.3966216481974,8.));
#3602=CARTESIAN_POINT('',(73.5038934080438,26.3966216481974,8.));
#3603=CARTESIAN_POINT('Origin',(73.0038934080437,26.3966216481974,8.));
#3604=CARTESIAN_POINT('',(73.0038934080437,26.8966216481974,8.));
#3605=CARTESIAN_POINT('Origin',(60.0038934080438,26.8966216481974,8.));
#3606=CARTESIAN_POINT('',(60.0038934080438,26.8966216481974,8.));
#3607=CARTESIAN_POINT('Origin',(60.0038934080438,26.3966216481974,8.));
#3608=CARTESIAN_POINT('Origin',(78.5538934080437,13.3966216481974,8.));
#3609=CARTESIAN_POINT('',(78.5538934080438,26.3966216481974,8.));
#3610=CARTESIAN_POINT('',(78.5538934080437,13.3966216481974,8.));
#3611=CARTESIAN_POINT('Origin',(79.0538934080438,13.3966216481974,8.));
#3612=CARTESIAN_POINT('',(79.0538934080438,12.8966216481974,8.));
#3613=CARTESIAN_POINT('Origin',(92.0538934080437,12.8966216481974,8.));
#3614=CARTESIAN_POINT('',(92.0538934080437,12.8966216481974,8.));
#3615=CARTESIAN_POINT('Origin',(92.0538934080437,13.3966216481974,8.));
#3616=CARTESIAN_POINT('',(92.5538934080437,13.3966216481974,8.));
#3617=CARTESIAN_POINT('Origin',(92.5538934080437,26.3966216481974,8.));
#3618=CARTESIAN_POINT('',(92.5538934080437,26.3966216481974,8.));
#3619=CARTESIAN_POINT('Origin',(92.0538934080437,26.3966216481974,8.));
#3620=CARTESIAN_POINT('',(92.0538934080437,26.8966216481974,8.));
#3621=CARTESIAN_POINT('Origin',(79.0538934080438,26.8966216481974,8.));
#3622=CARTESIAN_POINT('',(79.0538934080438,26.8966216481974,8.));
#3623=CARTESIAN_POINT('Origin',(79.0538934080438,26.3966216481974,8.));
#3624=CARTESIAN_POINT('Origin',(21.9038934080437,32.4466216481974,8.));
#3625=CARTESIAN_POINT('',(21.9038934080437,31.9466216481974,8.));
#3626=CARTESIAN_POINT('Origin',(34.9038934080437,31.9466216481974,8.));
#3627=CARTESIAN_POINT('',(34.9038934080437,31.9466216481974,8.));
#3628=CARTESIAN_POINT('Origin',(34.9038934080437,32.4466216481974,8.));
#3629=CARTESIAN_POINT('Origin',(59.5038934080437,32.4466216481974,8.));
#3630=CARTESIAN_POINT('',(59.5038934080437,32.4466216481974,8.));
#3631=CARTESIAN_POINT('',(59.5038934080437,45.4466216481974,8.));
#3632=CARTESIAN_POINT('Origin',(60.0038934080438,32.4466216481974,8.));
#3633=CARTESIAN_POINT('',(60.0038934080438,31.9466216481974,8.));
#3634=CARTESIAN_POINT('Origin',(73.0038934080437,31.9466216481974,8.));
#3635=CARTESIAN_POINT('',(73.0038934080437,31.9466216481974,8.));
#3636=CARTESIAN_POINT('Origin',(73.0038934080437,32.4466216481974,8.));
#3637=CARTESIAN_POINT('',(73.5038934080437,32.4466216481974,8.));
#3638=CARTESIAN_POINT('Origin',(73.5038934080438,45.4466216481974,8.));
#3639=CARTESIAN_POINT('',(73.5038934080438,45.4466216481974,8.));
#3640=CARTESIAN_POINT('Origin',(73.0038934080437,45.4466216481974,8.));
#3641=CARTESIAN_POINT('',(73.0038934080437,45.9466216481974,8.));
#3642=CARTESIAN_POINT('Origin',(60.0038934080438,45.9466216481974,8.));
#3643=CARTESIAN_POINT('',(60.0038934080438,45.9466216481974,8.));
#3644=CARTESIAN_POINT('Origin',(60.0038934080438,45.4466216481974,8.));
#3645=CARTESIAN_POINT('Origin',(40.4538934080437,13.3966216481974,8.));
#3646=CARTESIAN_POINT('',(40.4538934080437,26.3966216481974,8.));
#3647=CARTESIAN_POINT('',(40.4538934080437,13.3966216481974,8.));
#3648=CARTESIAN_POINT('Origin',(40.9538934080437,13.3966216481974,8.));
#3649=CARTESIAN_POINT('',(40.9538934080437,12.8966216481974,8.));
#3650=CARTESIAN_POINT('Origin',(53.9538934080437,12.8966216481974,8.));
#3651=CARTESIAN_POINT('',(53.9538934080437,12.8966216481974,8.));
#3652=CARTESIAN_POINT('Origin',(53.9538934080437,13.3966216481974,8.));
#3653=CARTESIAN_POINT('',(54.4538934080438,13.3966216481974,8.));
#3654=CARTESIAN_POINT('Origin',(54.4538934080438,26.3966216481974,8.));
#3655=CARTESIAN_POINT('',(54.4538934080438,26.3966216481974,8.));
#3656=CARTESIAN_POINT('Origin',(53.9538934080437,26.3966216481974,8.));
#3657=CARTESIAN_POINT('',(53.9538934080437,26.8966216481974,8.));
#3658=CARTESIAN_POINT('Origin',(40.9538934080437,26.8966216481974,8.));
#3659=CARTESIAN_POINT('',(40.9538934080437,26.8966216481974,8.));
#3660=CARTESIAN_POINT('Origin',(40.9538934080437,26.3966216481974,8.));
#3661=UNCERTAINTY_MEASURE_WITH_UNIT(LENGTH_MEASURE(0.01),#3665,
'DISTANCE_ACCURACY_VALUE',
'Maximum model space distance between geometric entities at asserted c
onnectivities');
#3662=UNCERTAINTY_MEASURE_WITH_UNIT(LENGTH_MEASURE(0.01),#3665,
'DISTANCE_ACCURACY_VALUE',
'Maximum model space distance between geometric entities at asserted c
onnectivities');
#3663=(
GEOMETRIC_REPRESENTATION_CONTEXT(3)
GLOBAL_UNCERTAINTY_ASSIGNED_CONTEXT((#3661))
GLOBAL_UNIT_ASSIGNED_CONTEXT((#3665,#3667,#3668))
REPRESENTATION_CONTEXT('','3D')
);
#3664=(
GEOMETRIC_REPRESENTATION_CONTEXT(3)
GLOBAL_UNCERTAINTY_ASSIGNED_CONTEXT((#3662))
GLOBAL_UNIT_ASSIGNED_CONTEXT((#3665,#3667,#3668))
REPRESENTATION_CONTEXT('','3D')
);
#3665=(
LENGTH_UNIT()
NAMED_UNIT(*)
SI_UNIT(.MILLI.,.METRE.)
);
#3666=(
LENGTH_UNIT()
NAMED_UNIT(*)
SI_UNIT($,.METRE.)
);
#3667=(
NAMED_UNIT(*)
PLANE_ANGLE_UNIT()
SI_UNIT($,.RADIAN.)
);
#3668=(
NAMED_UNIT(*)
SI_UNIT($,.STERADIAN.)
SOLID_ANGLE_UNIT()
);
#3669=SHAPE_DEFINITION_REPRESENTATION(#3670,#3671);
#3670=PRODUCT_DEFINITION_SHAPE('',$,#3673);
#3671=SHAPE_REPRESENTATION('',(#2073),#3663);
#3672=PRODUCT_DEFINITION_CONTEXT('part definition',#3677,'design');
#3673=PRODUCT_DEFINITION('2026-08-12-19-11-13-156','Untitled',#3674,#3672);
#3674=PRODUCT_DEFINITION_FORMATION('',$,#3679);
#3675=PRODUCT_RELATED_PRODUCT_CATEGORY('Untitled','Untitled',(#3679));
#3676=APPLICATION_PROTOCOL_DEFINITION('international standard',
'automotive_design',2009,#3677);
#3677=APPLICATION_CONTEXT(
'Core Data for Automotive Mechanical Design Process');
#3678=PRODUCT_CONTEXT('part definition',#3677,'mechanical');
#3679=PRODUCT('2026-08-12-19-11-13-156','Untitled',$,(#3678));
#3680=PRESENTATION_STYLE_ASSIGNMENT((#3681));
#3681=SURFACE_STYLE_USAGE(.BOTH.,#3682);
#3682=SURFACE_SIDE_STYLE('',(#3683));
#3683=SURFACE_STYLE_FILL_AREA(#3684);
#3684=FILL_AREA_STYLE('Steel - Satin',(#3685));
#3685=FILL_AREA_STYLE_COLOUR('Steel - Satin',#3686);
#3686=COLOUR_RGB('Steel - Satin',0.627450980392157,0.627450980392157,0.627450980392157);
ENDSEC;
END-ISO-10303-21;
