# WaveFront *.obj file (generated by Autodesk ATF)

mtllib case.mtl

g Body1

v 10.002393 8.698344 0.700000
v 9.893472 8.686206 0.631691
v 9.785706 8.648951 0.568404
v 9.734763 8.620688 0.541772
v 9.686829 8.586184 0.520322
v 9.642533 8.545497 0.505565
v 9.602393 8.498344 0.500000
v 8.205029 8.498344 0.500000
v 8.164889 8.545497 0.505565
v 8.120593 8.586184 0.520322
v 8.072659 8.620688 0.541772
v 8.021716 8.648951 0.568404
v 7.913950 8.686206 0.631691
v 7.805029 8.698344 0.700000
v 8.903711 8.671549 0.600000
v 8.903711 8.691530 0.648236
v 8.903711 8.639766 0.558579
v 8.903711 8.598344 0.526795
v 8.903711 8.550108 0.506815
v 9.547703 8.406326 0.500000
v 9.513852 8.304774 0.500000
v 9.502393 8.198344 0.500000
v 9.502393 7.698344 0.500000
v 8.305029 7.698344 0.500000
v 8.305029 8.198344 0.500000
v 8.293570 8.304774 0.500000
v 8.259719 8.406326 0.500000
v 9.503196 8.226657 -0.165864
v 9.502750 8.217225 -0.165864
v 9.502483 8.207786 -0.165864
v 9.502393 8.198344 -0.165864
v 10.002393 8.698344 -0.500000
v 9.977269 8.697730 -0.498235
v 9.953246 8.695951 -0.493309
v 9.907658 8.689288 -0.476201
v 9.822287 8.664777 -0.424938
v 9.743050 8.625761 -0.364910
v 9.672744 8.574269 -0.306483
v 9.609214 8.507119 -0.252010
v 9.556190 8.423862 -0.206446
v 9.519707 8.328548 -0.176419
v 9.508851 8.278435 -0.168553
v 7.805029 8.698344 -0.500000
v 0.075662 8.698344 -0.500000
v 0.075662 8.698344 0.800000
v 11.295662 8.698344 0.800000
v 11.295662 8.698344 -0.500000
v 8.304226 8.226657 -0.165864
v 8.298571 8.278435 -0.168553
v 8.287715 8.328548 -0.176419
v 8.251232 8.423862 -0.206446
v 8.198208 8.507119 -0.252010
v 8.134678 8.574269 -0.306483
v 8.064372 8.625761 -0.364910
v 7.985135 8.664777 -0.424938
v 7.899764 8.689288 -0.476201
v 7.854176 8.695951 -0.493309
v 7.830153 8.697730 -0.498235
v 8.305029 8.198344 -0.165864
v 8.304939 8.207786 -0.165864
v 8.304672 8.217225 -0.165864
v 8.305029 7.698344 -0.165864
v 9.502393 7.698344 -0.165864
v 0.499074 0.284944 -0.500000
v 0.442375 0.285968 -0.500000
v 0.387573 0.300544 -0.500000
v 0.337858 0.327824 -0.500000
v 0.296125 0.366218 -0.500000
v 0.264804 0.413492 -0.500000
v 0.245720 0.466892 -0.500000
v 0.239983 0.523309 -0.500000
v 0.247928 0.579457 -0.500000
v 0.269091 0.632068 -0.500000
v 0.302241 0.678077 -0.500000
v 0.345447 0.714806 -0.500000
v 0.396194 0.740115 -0.500000
v 0.451526 0.752532 -0.500000
v 0.451526 0.752532 0.800000
v 0.396194 0.740115 0.800000
v 0.345447 0.714806 0.800000
v 0.302241 0.678077 0.800000
v 0.269091 0.632068 0.800000
v 0.247928 0.579457 0.800000
v 0.239983 0.523309 0.800000
v 0.245720 0.466892 0.800000
v 0.264804 0.413492 0.800000
v 0.296125 0.366218 0.800000
v 0.337858 0.327824 0.800000
v 0.387573 0.300544 0.800000
v 0.442375 0.285968 0.800000
v 0.499074 0.284944 0.800000
v 11.395662 8.598344 0.800000
v 11.392254 8.624226 0.800000
v 11.382264 8.648344 0.800000
v 11.366372 8.669055 0.800000
v 11.345662 8.684947 0.800000
v 11.321544 8.694937 0.800000
v 0.049780 8.694937 0.800000
v 0.025662 8.684947 0.800000
v 0.004951 8.669055 0.800000
v -0.010941 8.648344 0.800000
v -0.020931 8.624226 0.800000
v -0.024338 8.598344 0.800000
v -0.024338 0.283526 0.800000
v -0.014116 0.205880 0.800000
v 0.015854 0.133526 0.800000
v 0.063530 0.071394 0.800000
v 0.125662 0.023718 0.800000
v 0.198016 -0.006252 0.800000
v 0.275662 -0.016474 0.800000
v 11.095662 -0.016474 0.800000
v 11.173308 -0.006252 0.800000
v 11.245662 0.023718 0.800000
v 11.307794 0.071394 0.800000
v 11.355469 0.133526 0.800000
v 11.385440 0.205880 0.800000
v 11.395662 0.283526 0.800000
v 10.778027 0.645918 0.800000
v 10.812257 0.692406 0.800000
v 10.856788 0.729147 0.800000
v 10.908933 0.753921 0.800000
v 10.965544 0.765235 0.800000
v 11.023206 0.762406 0.800000
v 11.078438 0.745604 0.800000
v 11.127907 0.715843 0.800000
v 11.168627 0.674919 0.800000
v 11.198141 0.625303 0.800000
v 11.214668 0.569988 0.800000
v 11.217210 0.512313 0.800000
v 11.205614 0.455758 0.800000
v 11.180580 0.403738 0.800000
v 11.146350 0.357249 0.800000
v 11.101819 0.320509 0.800000
v 11.049674 0.295734 0.800000
v 10.993063 0.284420 0.800000
v 10.935401 0.287249 0.800000
v 10.880169 0.304051 0.800000
v 10.830700 0.333812 0.800000
v 10.789980 0.374736 0.800000
v 10.760466 0.424352 0.800000
v 10.743939 0.479667 0.800000
v 10.741396 0.537342 0.800000
v 10.752992 0.593897 0.800000
v 10.759715 8.360414 0.800000
v 10.767723 8.421236 0.800000
v 10.791199 8.477914 0.800000
v 10.828545 8.526584 0.800000
v 10.877215 8.563930 0.800000
v 10.933893 8.587406 0.800000
v 10.994715 8.595414 0.800000
v 11.055538 8.587406 0.800000
v 11.112215 8.563930 0.800000
v 11.160885 8.526584 0.800000
v 11.198231 8.477914 0.800000
v 11.221708 8.421236 0.800000
v 11.229715 8.360414 0.800000
v 11.221708 8.299591 0.800000
v 11.198231 8.242914 0.800000
v 11.160885 8.194244 0.800000
v 11.112215 8.156898 0.800000
v 11.055538 8.133421 0.800000
v 10.994715 8.125414 0.800000
v 10.933893 8.133421 0.800000
v 10.877215 8.156898 0.800000
v 10.828545 8.194244 0.800000
v 10.791199 8.242914 0.800000
v 10.767723 8.299591 0.800000
v 0.238124 8.386131 0.800000
v 0.246132 8.446954 0.800000
v 0.269608 8.503631 0.800000
v 0.306954 8.552301 0.800000
v 0.355624 8.589647 0.800000
v 0.412302 8.613124 0.800000
v 0.473124 8.621131 0.800000
v 0.533947 8.613124 0.800000
v 0.590624 8.589647 0.800000
v 0.639294 8.552301 0.800000
v 0.676640 8.503631 0.800000
v 0.700117 8.446954 0.800000
v 0.708124 8.386131 0.800000
v 0.700117 8.325309 0.800000
v 0.676640 8.268631 0.800000
v 0.639294 8.219961 0.800000
v 0.590624 8.182615 0.800000
v 0.533947 8.159139 0.800000
v 0.473124 8.151131 0.800000
v 0.412302 8.159139 0.800000
v 0.355624 8.182615 0.800000
v 0.306954 8.219961 0.800000
v 0.269608 8.268631 0.800000
v 0.246132 8.325309 0.800000
v 0.508224 0.751508 0.800000
v 0.563027 0.736931 0.800000
v 0.612742 0.709652 0.800000
v 0.654475 0.671257 0.800000
v 0.685795 0.623983 0.800000
v 0.704880 0.570583 0.800000
v 0.710617 0.514167 0.800000
v 0.702672 0.458018 0.800000
v 0.681509 0.405407 0.800000
v 0.648359 0.359398 0.800000
v 0.605152 0.322669 0.800000
v 0.554406 0.297360 0.800000
v 0.975662 0.983526 0.800000
v 0.975662 7.698344 0.800000
v 10.395662 7.698344 0.800000
v 10.395662 0.983526 0.800000
v 11.395662 8.598344 -0.500000
v 11.392254 8.624226 -0.500000
v 11.382264 8.648344 -0.500000
v 11.366372 8.669055 -0.500000
v 11.345662 8.684947 -0.500000
v 11.321544 8.694937 -0.500000
v 11.321544 8.694937 0.366667
v 11.321544 8.694937 -0.066667
v 11.345662 8.684947 0.366667
v 11.345662 8.684947 -0.066667
v 11.366372 8.669055 0.366667
v 11.366372 8.669055 -0.066667
v 11.382264 8.648344 0.366667
v 11.382264 8.648344 -0.066667
v 11.392254 8.624226 0.366667
v 11.392254 8.624226 -0.066667
v 11.395662 0.283526 -0.500000
v 0.049780 8.694937 -0.500000
v 0.025662 8.684947 -0.500000
v 0.004951 8.669055 -0.500000
v -0.010941 8.648344 -0.500000
v -0.020931 8.624226 -0.500000
v -0.024338 8.598344 -0.500000
v -0.020931 8.624226 0.366667
v -0.020931 8.624226 -0.066667
v -0.010941 8.648344 0.366667
v -0.010941 8.648344 -0.066667
v 0.004951 8.669055 0.366667
v 0.004951 8.669055 -0.066667
v 0.025662 8.684947 0.366667
v 0.025662 8.684947 -0.066667
v 0.049780 8.694937 0.366667
v 0.049780 8.694937 -0.066667
v -0.024338 0.283526 -0.500000
v 0.554406 0.297360 -0.500000
v 0.605152 0.322669 -0.500000
v 0.648359 0.359398 -0.500000
v 0.681509 0.405407 -0.500000
v 0.702672 0.458018 -0.500000
v 0.710617 0.514167 -0.500000
v 0.704880 0.570583 -0.500000
v 0.685795 0.623983 -0.500000
v 0.654475 0.671257 -0.500000
v 0.612742 0.709652 -0.500000
v 0.563027 0.736931 -0.500000
v 0.508224 0.751508 -0.500000
v 11.385440 0.205880 -0.500000
v 11.355469 0.133526 -0.500000
v 11.307794 0.071394 -0.500000
v 11.245662 0.023718 -0.500000
v 11.173308 -0.006252 -0.500000
v 11.095662 -0.016474 -0.500000
v 0.275662 -0.016474 -0.500000
v 0.198016 -0.006252 -0.500000
v 0.125662 0.023718 -0.500000
v 0.063530 0.071394 -0.500000
v 0.015854 0.133526 -0.500000
v -0.014116 0.205880 -0.500000
v 10.759715 8.360414 -0.500000
v 10.767723 8.299591 -0.500000
v 10.791199 8.242914 -0.500000
v 10.828545 8.194244 -0.500000
v 10.877215 8.156898 -0.500000
v 10.933893 8.133421 -0.500000
v 10.994715 8.125414 -0.500000
v 11.055538 8.133421 -0.500000
v 11.112215 8.156898 -0.500000
v 11.160885 8.194244 -0.500000
v 11.198231 8.242914 -0.500000
v 11.221708 8.299591 -0.500000
v 11.229715 8.360414 -0.500000
v 11.221708 8.421236 -0.500000
v 11.198231 8.477914 -0.500000
v 11.160885 8.526584 -0.500000
v 11.112215 8.563930 -0.500000
v 11.055538 8.587406 -0.500000
v 10.994715 8.595414 -0.500000
v 10.933893 8.587406 -0.500000
v 10.877215 8.563930 -0.500000
v 10.828545 8.526584 -0.500000
v 10.791199 8.477914 -0.500000
v 10.767723 8.421236 -0.500000
v 0.238124 8.386131 -0.500000
v 0.246132 8.325309 -0.500000
v 0.269608 8.268631 -0.500000
v 0.306954 8.219961 -0.500000
v 0.355624 8.182615 -0.500000
v 0.412302 8.159139 -0.500000
v 0.473124 8.151131 -0.500000
v 0.533947 8.159139 -0.500000
v 0.590624 8.182615 -0.500000
v 0.639294 8.219961 -0.500000
v 0.676640 8.268631 -0.500000
v 0.700117 8.325309 -0.500000
v 0.708124 8.386131 -0.500000
v 0.700117 8.446954 -0.500000
v 0.676640 8.503631 -0.500000
v 0.639294 8.552301 -0.500000
v 0.590624 8.589647 -0.500000
v 0.533947 8.613124 -0.500000
v 0.473124 8.621131 -0.500000
v 0.412302 8.613124 -0.500000
v 0.355624 8.589647 -0.500000
v 0.306954 8.552301 -0.500000
v 0.269608 8.503631 -0.500000
v 0.246132 8.446954 -0.500000
v 11.180580 0.403738 -0.500000
v 11.205614 0.455758 -0.500000
v 11.217210 0.512313 -0.500000
v 11.214668 0.569988 -0.500000
v 11.198141 0.625303 -0.500000
v 11.168627 0.674919 -0.500000
v 11.127907 0.715843 -0.500000
v 11.078438 0.745604 -0.500000
v 11.023206 0.762406 -0.500000
v 10.965544 0.765235 -0.500000
v 10.908933 0.753921 -0.500000
v 10.856788 0.729147 -0.500000
v 10.812257 0.692406 -0.500000
v 10.778027 0.645918 -0.500000
v 10.752992 0.593897 -0.500000
v 10.741396 0.537342 -0.500000
v 10.743939 0.479667 -0.500000
v 10.760466 0.424352 -0.500000
v 10.789980 0.374736 -0.500000
v 10.830700 0.333812 -0.500000
v 10.880169 0.304051 -0.500000
v 10.935401 0.287249 -0.500000
v 10.993063 0.284420 -0.500000
v 11.049674 0.295734 -0.500000
v 11.101819 0.320509 -0.500000
v 11.146350 0.357249 -0.500000
v 10.395662 7.698344 -0.200000
v 10.395662 0.983526 -0.200000
v 0.975662 0.983526 -0.200000
v 0.975662 7.698344 -0.200000
vt -2.643999 -0.157080 0.000000
vt -0.446634 -0.157080 0.000000
vt -1.545317 -0.104720 0.000000
vt -0.555556 -0.087330 0.000000
vt -1.545317 -0.052360 0.000000
vt -0.663322 -0.013452 0.000000
vt -1.545317 -0.000000 0.000000
vt -0.714265 0.025441 0.000000
vt -1.545317 0.052360 0.000000
vt -0.762198 0.066139 0.000000
vt -1.545317 0.104720 0.000000
vt -0.806494 0.109495 0.000000
vt -2.243999 0.157080 0.000000
vt -0.846634 0.157080 0.000000
vt -2.284139 0.109495 0.000000
vt -2.328435 0.066139 0.000000
vt -2.376368 0.025441 0.000000
vt -2.427311 -0.013452 0.000000
vt -2.535078 -0.087330 0.000000
vt -1.297365 0.200000 0.000000
vt 0.100000 0.200000 0.000000
vt -1.242674 0.292019 0.000000
vt 0.045309 0.292019 0.000000
vt -1.208823 0.393570 0.000000
vt 0.011459 0.393570 0.000000
vt -1.197365 0.500000 0.000000
vt -0.000000 0.500000 0.000000
vt -1.197365 1.000000 0.000000
vt -0.000000 1.000000 0.000000
vt -0.167068 0.373814 0.000000
vt -0.832932 0.392699 0.000000
vt -0.167068 0.364372 0.000000
vt -0.832932 0.285449 0.000000
vt -0.164379 0.312262 0.000000
vt -0.156513 0.260960 0.000000
vt -0.832932 0.178199 0.000000
vt -0.126486 0.158714 0.000000
vt -0.832932 0.070949 0.000000
vt -0.080922 0.059834 0.000000
vt -0.838497 0.008985 0.000000
vt -0.026449 -0.032746 0.000000
vt -0.853254 -0.051196 0.000000
vt 0.031979 -0.120008 0.000000
vt -0.874704 -0.110291 0.000000
vt -0.901335 -0.168582 0.000000
vt -0.167068 0.383257 0.000000
vt -0.167068 0.392699 0.000000
vt 0.092006 -0.208450 0.000000
vt -0.964623 -0.282869 0.000000
vt 0.143269 -0.297388 0.000000
vt 0.160378 -0.343475 0.000000
vt -1.032932 -0.392699 0.000000
vt 0.165303 -0.367565 0.000000
vt 0.167068 -0.392699 0.000000
vt 3.590633 0.000000 0.000000
vt 11.320000 0.000000 0.000000
vt 3.590633 1.200000 0.000000
vt 11.320000 1.300000 0.000000
vt 0.100000 1.300000 0.000000
vt 1.393268 1.200000 0.000000
vt 0.100000 0.000000 0.000000
vt 1.393268 0.000000 0.000000
vt -0.168553 0.312262 0.000000
vt 0.500000 0.285449 0.000000
vt -0.165864 0.364372 0.000000
vt 0.500000 0.392699 0.000000
vt -0.165864 0.373814 0.000000
vt -0.165864 0.383257 0.000000
vt -0.165864 0.392699 0.000000
vt -0.176419 0.260960 0.000000
vt 0.500000 0.178199 0.000000
vt -0.206446 0.158714 0.000000
vt 0.500000 0.070949 0.000000
vt -0.252010 0.059834 0.000000
vt 0.505565 0.008985 0.000000
vt -0.306483 -0.032746 0.000000
vt 0.520322 -0.051196 0.000000
vt -0.364910 -0.120008 0.000000
vt 0.541772 -0.110291 0.000000
vt 0.568404 -0.168582 0.000000
vt -0.424938 -0.208450 0.000000
vt 0.631691 -0.282869 0.000000
vt -0.476201 -0.297388 0.000000
vt -0.493309 -0.343475 0.000000
vt 0.700000 -0.392699 0.000000
vt -0.498235 -0.367565 0.000000
vt -0.500000 -0.392699 0.000000
vt -0.665864 0.500000 0.000000
vt -0.000000 0.500000 0.000000
vt -0.665864 1.000000 0.000000
vt -0.000000 1.000000 0.000000
vt -8.328565 0.616331 0.000000
vt -9.527534 0.616331 0.000000
vt -8.322909 0.564460 0.000000
vt -9.533189 0.564460 0.000000
vt -8.312053 0.513708 0.000000
vt -9.544045 0.513708 0.000000
vt -9.580529 0.413598 0.000000
vt -8.275570 0.413598 0.000000
vt -9.633552 0.318535 0.000000
vt -8.222546 0.318535 0.000000
vt -9.697082 0.231954 0.000000
vt -8.159016 0.231954 0.000000
vt -8.088710 0.153984 0.000000
vt -9.767388 0.153984 0.000000
vt -9.846625 0.082319 0.000000
vt -9.931996 0.025467 0.000000
vt -7.924102 0.025467 0.000000
vt -8.009474 0.082319 0.000000
vt -7.878514 0.007106 0.000000
vt -9.977585 0.007106 0.000000
vt -7.854491 0.001869 0.000000
vt -10.001607 0.001869 0.000000
vt -7.829367 0.000000 0.000000
vt -10.026732 0.000000 0.000000
vt -0.665864 0.500000 0.000000
vt -0.000000 0.500000 0.000000
vt -0.665864 1.000000 0.000000
vt -0.000000 1.000000 0.000000
vt -1.198167 0.471688 0.000000
vt 0.000802 0.471688 0.000000
vt -1.197722 0.481120 0.000000
vt 0.000357 0.481120 0.000000
vt -1.197454 0.490558 0.000000
vt 0.000089 0.490558 0.000000
vt -1.197365 0.500000 0.000000
vt -0.000000 0.500000 0.000000
vt -1.197365 1.000000 0.000000
vt -0.000000 1.000000 0.000000
vt -2.950000 0.344958 0.000000
vt -1.650000 0.344958 0.000000
vt -2.950000 0.401805 0.000000
vt -1.650000 0.401805 0.000000
vt -1.650000 0.458651 0.000000
vt -2.950000 0.458651 0.000000
vt -1.650000 0.515497 0.000000
vt -2.950000 0.515497 0.000000
vt -1.650000 0.572344 0.000000
vt -2.950000 0.572344 0.000000
vt -1.650000 0.629190 0.000000
vt -2.950000 0.629190 0.000000
vt -1.650000 0.686036 0.000000
vt -2.950000 0.686036 0.000000
vt -1.650000 0.742883 0.000000
vt -2.950000 0.742883 0.000000
vt -1.650000 0.799729 0.000000
vt -2.950000 0.799729 0.000000
vt -1.650000 0.856575 0.000000
vt -2.950000 0.856575 0.000000
vt -1.650000 0.913421 0.000000
vt -2.950000 0.913421 0.000000
vt -1.650000 0.970268 0.000000
vt -2.950000 0.970268 0.000000
vt -1.650000 1.027114 0.000000
vt -2.950000 1.027114 0.000000
vt -2.950000 1.083960 0.000000
vt -1.650000 1.083960 0.000000
vt 5.706593 4.283291 0.000000
vt 5.610000 4.357409 0.000000
vt 5.710000 4.257409 0.000000
vt 5.475224 4.185649 0.000000
vt 5.512569 4.136979 0.000000
vt 5.696603 4.307409 0.000000
vt 5.680711 4.328120 0.000000
vt 5.660000 4.344012 0.000000
vt 5.635882 4.354002 0.000000
vt -5.610000 4.357409 0.000000
vt -5.151715 4.272189 0.000000
vt 5.248231 4.246471 0.000000
vt 5.309053 4.254479 0.000000
vt -5.635882 4.354002 0.000000
vt -5.660000 4.344012 0.000000
vt -5.680711 4.328120 0.000000
vt -5.696603 4.307409 0.000000
vt -5.706593 4.283291 0.000000
vt -5.710000 4.257409 0.000000
vt -5.416054 4.162696 0.000000
vt -5.439530 4.106019 0.000000
vt -5.447538 4.045196 0.000000
vt -5.439530 3.984374 0.000000
vt -5.416054 3.927696 0.000000
vt -5.378708 3.879026 0.000000
vt -5.383421 -3.662858 0.000000
vt -5.340214 -3.626129 0.000000
vt -5.710000 -4.057409 0.000000
vt -5.416571 -3.708867 0.000000
vt -5.437734 -3.761478 0.000000
vt -5.445679 -3.817626 0.000000
vt -5.439942 -3.874043 0.000000
vt -5.420857 -3.927443 0.000000
vt -5.389537 -3.974717 0.000000
vt -5.699778 -4.135055 0.000000
vt -5.347804 -4.013111 0.000000
vt -5.669808 -4.207409 0.000000
vt -5.622132 -4.269541 0.000000
vt -5.298089 -4.040391 0.000000
vt -5.560000 -4.317217 0.000000
vt -5.487646 -4.347187 0.000000
vt -5.410000 -4.357409 0.000000
vt -5.243286 -4.054967 0.000000
vt -5.186588 -4.055991 0.000000
vt -5.131256 -4.043575 0.000000
vt -5.080509 -4.018266 0.000000
vt -5.037303 -3.981537 0.000000
vt 5.410000 -4.357409 0.000000
vt 5.104318 -3.966199 0.000000
vt 5.145038 -4.007123 0.000000
vt 5.194507 -4.036884 0.000000
vt 5.249739 -4.053686 0.000000
vt 5.307401 -4.056515 0.000000
vt 5.364012 -4.045201 0.000000
vt 5.487646 -4.347187 0.000000
vt 5.560000 -4.317217 0.000000
vt 5.622132 -4.269541 0.000000
vt 5.669808 -4.207409 0.000000
vt 5.416157 -4.020426 0.000000
vt 5.699778 -4.135055 0.000000
vt 5.460688 -3.983686 0.000000
vt 5.710000 -4.057409 0.000000
vt 5.494918 -3.937197 0.000000
vt 5.519953 -3.885177 0.000000
vt 5.531548 -3.828622 0.000000
vt 5.529006 -3.770947 0.000000
vt 5.512479 -3.715632 0.000000
vt 5.512569 3.901979 0.000000
vt 5.482965 -3.666016 0.000000
vt 5.475224 3.853309 0.000000
vt 5.442245 -3.625092 0.000000
vt 5.426553 3.815963 0.000000
vt 5.392776 -3.595331 0.000000
vt 4.710000 3.357409 0.000000
vt 5.337544 -3.578529 0.000000
vt 4.710000 -3.357409 0.000000
vt 5.279882 -3.575700 0.000000
vt 5.223271 -3.587014 0.000000
vt 5.171126 -3.611789 0.000000
vt 5.126595 -3.648529 0.000000
vt 5.092365 -3.695018 0.000000
vt 5.067331 -3.747038 0.000000
vt 5.055735 -3.803593 0.000000
vt 5.058277 -3.861268 0.000000
vt 5.074804 -3.916583 0.000000
vt -5.004153 -3.935528 0.000000
vt 5.536046 3.958656 0.000000
vt 5.544053 4.019479 0.000000
vt 5.536046 4.080301 0.000000
vt 5.082061 3.958656 0.000000
vt 5.074053 4.019479 0.000000
vt 5.082061 4.080301 0.000000
vt -4.985545 4.106019 0.000000
vt 5.105538 4.136979 0.000000
vt -5.009022 4.162696 0.000000
vt 5.142883 4.185649 0.000000
vt -5.046368 4.211366 0.000000
vt 5.191553 4.222995 0.000000
vt -5.095038 4.248712 0.000000
vt 5.369876 4.246471 0.000000
vt 5.426553 4.222995 0.000000
vt 5.369876 3.792486 0.000000
vt 5.309053 3.784479 0.000000
vt 5.248231 3.792486 0.000000
vt 5.191553 3.815963 0.000000
vt 5.142883 3.853309 0.000000
vt 5.105538 3.901979 0.000000
vt -5.378708 4.211366 0.000000
vt -5.330038 4.248712 0.000000
vt -5.273360 4.272189 0.000000
vt -5.212538 4.280196 0.000000
vt -4.710000 3.357409 0.000000
vt -4.977538 4.045196 0.000000
vt -4.985545 3.984374 0.000000
vt -5.009022 3.927696 0.000000
vt -5.046368 3.879026 0.000000
vt -5.095038 3.841680 0.000000
vt -5.151715 3.818204 0.000000
vt -5.212538 3.810196 0.000000
vt -5.273360 3.818204 0.000000
vt -5.330038 3.841680 0.000000
vt -5.289468 -3.600820 0.000000
vt -4.710000 -3.357409 0.000000
vt -5.234136 -3.588403 0.000000
vt -5.177438 -3.589427 0.000000
vt -5.122635 -3.604004 0.000000
vt -5.072920 -3.631283 0.000000
vt -5.031187 -3.669678 0.000000
vt -4.999867 -3.716952 0.000000
vt -4.980782 -3.770352 0.000000
vt -4.975045 -3.826768 0.000000
vt -4.982990 -3.882917 0.000000
vt -1.300000 0.052360 0.000000
vt -0.866667 0.052360 0.000000
vt -1.300000 0.078540 0.000000
vt -0.433333 0.052360 0.000000
vt -0.000000 0.078540 0.000000
vt -0.000000 0.052360 0.000000
vt -0.000000 0.026180 0.000000
vt -0.433333 0.026180 0.000000
vt -0.000000 0.000000 0.000000
vt -0.433333 0.000000 0.000000
vt -0.000000 -0.026180 0.000000
vt -0.433333 -0.026180 0.000000
vt -0.000000 -0.052360 0.000000
vt -0.433333 -0.052360 0.000000
vt -0.000000 -0.078540 0.000000
vt -0.866667 -0.052360 0.000000
vt -1.300000 -0.078540 0.000000
vt -1.300000 -0.052360 0.000000
vt -1.300000 -0.026180 0.000000
vt -0.866667 -0.026180 0.000000
vt -1.300000 0.000000 0.000000
vt -0.866667 0.000000 0.000000
vt -1.300000 0.026180 0.000000
vt -0.866667 0.026180 0.000000
vt 8.614819 1.300000 0.000000
vt 0.300000 1.300000 0.000000
vt 8.614819 0.000000 0.000000
vt 0.300000 0.000000 0.000000
vt -1.300000 0.052360 0.000000
vt -0.866667 0.052360 0.000000
vt -1.300000 0.078540 0.000000
vt -0.433333 0.052360 0.000000
vt -0.000000 0.078540 0.000000
vt -0.000000 0.052360 0.000000
vt -0.000000 0.026180 0.000000
vt -0.433333 0.026180 0.000000
vt -0.000000 0.000000 0.000000
vt -0.433333 0.000000 0.000000
vt -0.000000 -0.026180 0.000000
vt -0.433333 -0.026180 0.000000
vt -0.000000 -0.052360 0.000000
vt -0.433333 -0.052360 0.000000
vt -0.000000 -0.078540 0.000000
vt -0.866667 -0.052360 0.000000
vt -1.300000 -0.078540 0.000000
vt -1.300000 -0.052360 0.000000
vt -1.300000 -0.026180 0.000000
vt -0.866667 -0.026180 0.000000
vt -1.300000 0.000000 0.000000
vt -0.866667 0.000000 0.000000
vt -1.300000 0.026180 0.000000
vt -0.866667 0.026180 0.000000
vt 0.100000 0.000000 0.000000
vt 8.414819 0.000000 0.000000
vt 0.100000 1.300000 0.000000
vt 8.414819 1.300000 0.000000
vt 5.289468 -3.600820 0.000000
vt 5.273360 3.818204 0.000000
vt 5.234136 -3.588403 0.000000
vt 5.212538 3.810196 0.000000
vt 5.177438 -3.589427 0.000000
vt 5.151715 3.818204 0.000000
vt 5.122635 -3.604004 0.000000
vt 5.095038 3.841680 0.000000
vt 5.072920 -3.631283 0.000000
vt -2.119367 4.357409 0.000000
vt 5.031187 -3.669678 0.000000
vt -5.126595 -3.648529 0.000000
vt -5.092365 -3.695018 0.000000
vt 5.330038 3.841680 0.000000
vt 5.340214 -3.626129 0.000000
vt 5.378708 3.879026 0.000000
vt 5.383421 -3.662858 0.000000
vt 5.710000 4.257409 0.000000
vt 5.710000 -4.057409 0.000000
vt 5.416571 -3.708867 0.000000
vt 5.437734 -3.761478 0.000000
vt 5.445679 -3.817626 0.000000
vt 5.439942 -3.874043 0.000000
vt 5.420857 -3.927443 0.000000
vt 5.389537 -3.974717 0.000000
vt 5.699778 -4.135055 0.000000
vt 5.347804 -4.013111 0.000000
vt 5.669808 -4.207409 0.000000
vt 5.622132 -4.269541 0.000000
vt 5.298089 -4.040391 0.000000
vt 5.560000 -4.317217 0.000000
vt 5.487646 -4.347187 0.000000
vt 5.410000 -4.357409 0.000000
vt 5.243286 -4.054967 0.000000
vt 5.186588 -4.055991 0.000000
vt 5.131256 -4.043575 0.000000
vt 5.080509 -4.018266 0.000000
vt 5.037303 -3.981537 0.000000
vt 5.004153 -3.935528 0.000000
vt -5.104318 -3.966199 0.000000
vt -5.410000 -4.357409 0.000000
vt -5.074804 -3.916583 0.000000
vt 4.982990 -3.882917 0.000000
vt -5.058277 -3.861268 0.000000
vt 4.975045 -3.826768 0.000000
vt -5.055735 -3.803593 0.000000
vt 4.980782 -3.770352 0.000000
vt -5.067331 -3.747038 0.000000
vt 4.999867 -3.716952 0.000000
vt -5.635882 4.354002 0.000000
vt -5.660000 4.344012 0.000000
vt -5.610000 4.357409 0.000000
vt -5.680711 4.328120 0.000000
vt -5.696603 4.307409 0.000000
vt -5.706593 4.283291 0.000000
vt -5.710000 4.257409 0.000000
vt -5.475224 4.185649 0.000000
vt -5.512569 4.136979 0.000000
vt -5.536046 4.080301 0.000000
vt -5.544053 4.019479 0.000000
vt -5.536046 3.958656 0.000000
vt -5.512569 3.901979 0.000000
vt -5.710000 -4.057409 0.000000
vt -5.512479 -3.715632 0.000000
vt -5.529006 -3.770947 0.000000
vt -5.531548 -3.828622 0.000000
vt -5.519953 -3.885177 0.000000
vt -5.494918 -3.937197 0.000000
vt -5.460688 -3.983686 0.000000
vt -5.699778 -4.135055 0.000000
vt -5.416157 -4.020426 0.000000
vt -5.669808 -4.207409 0.000000
vt -5.364012 -4.045201 0.000000
vt -5.622132 -4.269541 0.000000
vt -5.560000 -4.317217 0.000000
vt -5.487646 -4.347187 0.000000
vt -5.307401 -4.056515 0.000000
vt -5.249739 -4.053686 0.000000
vt -5.194507 -4.036884 0.000000
vt -5.145038 -4.007123 0.000000
vt 5.706593 4.283291 0.000000
vt 5.610000 4.357409 0.000000
vt 5.416054 4.162696 0.000000
vt 5.439530 4.106019 0.000000
vt 5.696603 4.307409 0.000000
vt 5.680711 4.328120 0.000000
vt 5.660000 4.344012 0.000000
vt 5.635882 4.354002 0.000000
vt 5.151715 4.272189 0.000000
vt 5.212538 4.280196 0.000000
vt 5.273360 4.272189 0.000000
vt -4.316732 4.357409 0.000000
vt -5.142883 3.853309 0.000000
vt -5.191553 3.815963 0.000000
vt -5.223271 -3.587014 0.000000
vt -5.248231 3.792486 0.000000
vt -5.279882 -3.575700 0.000000
vt -5.309053 3.784479 0.000000
vt -5.337544 -3.578529 0.000000
vt -5.369876 3.792486 0.000000
vt -5.392776 -3.595331 0.000000
vt -5.426553 3.815963 0.000000
vt -5.442245 -3.625092 0.000000
vt -5.475224 3.853309 0.000000
vt -5.482965 -3.666016 0.000000
vt -5.248231 4.246471 0.000000
vt -5.191553 4.222995 0.000000
vt -5.142883 4.185649 0.000000
vt -5.082061 4.080301 0.000000
vt -5.074053 4.019479 0.000000
vt -5.082061 3.958656 0.000000
vt -5.105538 3.901979 0.000000
vt -5.426553 4.222995 0.000000
vt -5.369876 4.246471 0.000000
vt -5.309053 4.254479 0.000000
vt -5.105538 4.136979 0.000000
vt 5.447538 4.045196 0.000000
vt 5.439530 3.984374 0.000000
vt 5.416054 3.927696 0.000000
vt 5.046368 3.879026 0.000000
vt 5.009022 3.927696 0.000000
vt 4.985545 3.984374 0.000000
vt 4.977538 4.045196 0.000000
vt 4.985545 4.106019 0.000000
vt 5.009022 4.162696 0.000000
vt 5.046368 4.211366 0.000000
vt 5.095038 4.248712 0.000000
vt 5.330038 4.248712 0.000000
vt 5.378708 4.211366 0.000000
vt -5.171126 -3.611789 0.000000
vt -0.000000 0.235619 0.000000
vt -1.300000 0.235619 0.000000
vt -0.000000 0.157080 0.000000
vt -1.300000 0.157080 0.000000
vt -0.000000 0.078540 0.000000
vt -1.300000 0.078540 0.000000
vt -0.000000 0.000000 0.000000
vt -1.300000 0.000000 0.000000
vt -0.000000 -0.078540 0.000000
vt -1.300000 -0.078540 0.000000
vt -0.000000 -0.157080 0.000000
vt -1.300000 -0.157080 0.000000
vt -0.000000 -0.235619 0.000000
vt -1.300000 -0.235619 0.000000
vt 0.300000 0.000000 0.000000
vt 11.120000 0.000000 0.000000
vt 0.300000 1.300000 0.000000
vt 11.120000 1.300000 0.000000
vt -0.000000 0.235619 0.000000
vt -1.300000 0.235619 0.000000
vt -0.000000 0.157080 0.000000
vt -1.300000 0.157080 0.000000
vt -0.000000 0.078540 0.000000
vt -1.300000 0.078540 0.000000
vt -0.000000 -0.000000 0.000000
vt -1.300000 -0.000000 0.000000
vt -0.000000 -0.078540 0.000000
vt -1.300000 -0.078540 0.000000
vt -0.000000 -0.157080 0.000000
vt -1.300000 -0.157080 0.000000
vt -0.000000 -0.235619 0.000000
vt -1.300000 -0.235619 0.000000
vt -1.650000 0.134342 0.000000
vt -2.950000 0.134342 0.000000
vt -1.650000 0.076464 0.000000
vt -2.950000 0.076464 0.000000
vt -1.650000 0.018587 0.000000
vt -2.950000 0.018587 0.000000
vt -1.650000 -0.039290 0.000000
vt -2.950000 -0.039290 0.000000
vt -1.650000 -0.097168 0.000000
vt -2.950000 -0.097168 0.000000
vt -1.650000 -0.155045 0.000000
vt -2.950000 -0.155045 0.000000
vt -1.650000 -0.212922 0.000000
vt -2.950000 -0.212922 0.000000
vt -1.650000 -0.270799 0.000000
vt -2.950000 -0.270799 0.000000
vt -1.650000 -0.328677 0.000000
vt -2.950000 -0.328677 0.000000
vt -1.650000 -0.386554 0.000000
vt -2.950000 -0.386554 0.000000
vt -1.650000 -0.444431 0.000000
vt -2.950000 -0.444431 0.000000
vt -1.650000 -0.502308 0.000000
vt -2.950000 -0.502308 0.000000
vt -1.650000 -0.560186 0.000000
vt -2.950000 -0.560186 0.000000
vt -1.650000 -0.618063 0.000000
vt -2.950000 -0.618063 0.000000
vt -3.150000 0.676751 0.000000
vt -1.850000 0.676751 0.000000
vt -3.150000 0.738274 0.000000
vt -1.850000 0.738274 0.000000
vt -3.150000 -0.738274 0.000000
vt -1.850000 -0.738274 0.000000
vt -3.150000 -0.676751 0.000000
vt -1.850000 -0.676751 0.000000
vt -3.150000 -0.615229 0.000000
vt -1.850000 -0.615229 0.000000
vt -3.150000 -0.553706 0.000000
vt -1.850000 -0.553706 0.000000
vt -3.150000 -0.492183 0.000000
vt -1.850000 -0.492183 0.000000
vt -3.150000 -0.430660 0.000000
vt -1.850000 -0.430660 0.000000
vt -3.150000 -0.369137 0.000000
vt -1.850000 -0.369137 0.000000
vt -3.150000 -0.307614 0.000000
vt -1.850000 -0.307614 0.000000
vt -3.150000 -0.246091 0.000000
vt -1.850000 -0.246091 0.000000
vt -3.150000 -0.184569 0.000000
vt -1.850000 -0.184569 0.000000
vt -3.150000 -0.123046 0.000000
vt -1.850000 -0.123046 0.000000
vt -3.150000 -0.061523 0.000000
vt -1.850000 -0.061523 0.000000
vt -3.150000 0.000000 0.000000
vt -1.850000 0.000000 0.000000
vt -3.150000 0.061523 0.000000
vt -1.850000 0.061523 0.000000
vt -3.150000 0.123046 0.000000
vt -1.850000 0.123046 0.000000
vt -3.150000 0.184569 0.000000
vt -1.850000 0.184569 0.000000
vt -3.150000 0.246091 0.000000
vt -1.850000 0.246091 0.000000
vt -3.150000 0.307614 0.000000
vt -1.850000 0.307614 0.000000
vt -3.150000 0.369137 0.000000
vt -1.850000 0.369137 0.000000
vt -3.150000 0.430660 0.000000
vt -1.850000 0.430660 0.000000
vt -3.150000 0.492183 0.000000
vt -1.850000 0.492183 0.000000
vt -3.150000 0.553706 0.000000
vt -1.850000 0.553706 0.000000
vt -3.150000 0.615229 0.000000
vt -1.850000 0.615229 0.000000
vt -3.150000 0.676751 0.000000
vt -1.850000 0.676751 0.000000
vt -3.150000 0.738274 0.000000
vt -1.850000 0.738274 0.000000
vt -3.150000 -0.738274 0.000000
vt -1.850000 -0.738274 0.000000
vt -3.150000 -0.676751 0.000000
vt -1.850000 -0.676751 0.000000
vt -3.150000 -0.615229 0.000000
vt -1.850000 -0.615229 0.000000
vt -3.150000 -0.553706 0.000000
vt -1.850000 -0.553706 0.000000
vt -3.150000 -0.492183 0.000000
vt -1.850000 -0.492183 0.000000
vt -3.150000 -0.430660 0.000000
vt -1.850000 -0.430660 0.000000
vt -3.150000 -0.369137 0.000000
vt -1.850000 -0.369137 0.000000
vt -3.150000 -0.307614 0.000000
vt -1.850000 -0.307614 0.000000
vt -3.150000 -0.246091 0.000000
vt -1.850000 -0.246091 0.000000
vt -3.150000 -0.184569 0.000000
vt -1.850000 -0.184569 0.000000
vt -3.150000 -0.123046 0.000000
vt -1.850000 -0.123046 0.000000
vt -3.150000 -0.061523 0.000000
vt -1.850000 -0.061523 0.000000
vt -3.150000 0.000000 0.000000
vt -1.850000 0.000000 0.000000
vt -3.150000 0.061523 0.000000
vt -1.850000 0.061523 0.000000
vt -3.150000 0.123046 0.000000
vt -1.850000 0.123046 0.000000
vt -3.150000 0.184569 0.000000
vt -1.850000 0.184569 0.000000
vt -3.150000 0.246091 0.000000
vt -1.850000 0.246091 0.000000
vt -3.150000 0.307614 0.000000
vt -1.850000 0.307614 0.000000
vt -3.150000 0.369137 0.000000
vt -1.850000 0.369137 0.000000
vt -3.150000 0.430660 0.000000
vt -1.850000 0.430660 0.000000
vt -3.150000 0.492183 0.000000
vt -1.850000 0.492183 0.000000
vt -3.150000 0.553706 0.000000
vt -1.850000 0.553706 0.000000
vt -3.150000 0.615229 0.000000
vt -1.850000 0.615229 0.000000
vt -0.000000 0.300000 0.000000
vt 6.714819 0.300000 0.000000
vt -0.000000 1.300000 0.000000
vt 6.714819 1.300000 0.000000
vt -0.000000 0.300000 0.000000
vt 9.420000 0.300000 0.000000
vt -0.000000 1.300000 0.000000
vt 9.420000 1.300000 0.000000
vt 7.329367 1.000000 0.000000
vt 0.000000 0.300000 0.000000
vt 7.329367 0.334136 0.000000
vt 9.420000 0.300000 0.000000
vt 8.526732 0.334136 0.000000
vt 8.526732 1.000000 0.000000
vt 9.420000 1.300000 0.000000
vt 0.000000 1.300000 0.000000
vt 0.000000 0.300000 0.000000
vt 6.714819 0.300000 0.000000
vt 0.000000 1.300000 0.000000
vt 6.714819 1.300000 0.000000
vt 1.300000 -0.120211 0.000000
vt 0.000000 -0.120211 0.000000
vt 1.300000 -0.178089 0.000000
vt -0.000000 -0.178089 0.000000
vt 1.300000 -0.235966 0.000000
vt -0.000000 -0.235966 0.000000
vt 1.300000 -0.293843 0.000000
vt 0.000000 -0.293843 0.000000
vt 1.300000 -0.351720 0.000000
vt 0.000000 -0.351720 0.000000
vt 1.300000 -0.409598 0.000000
vt -0.000000 -0.409598 0.000000
vt 1.300000 -0.467475 0.000000
vt -0.000000 -0.467475 0.000000
vt 1.300000 -0.525352 0.000000
vt -0.000000 -0.525352 0.000000
vt 1.300000 -0.583229 0.000000
vt -0.000000 -0.583229 0.000000
vt 1.300000 -0.641107 0.000000
vt -0.000000 -0.641107 0.000000
vt 1.300000 -0.698984 0.000000
vt 0.000000 -0.698984 0.000000
vt 1.300000 -0.756861 0.000000
vt 0.000000 -0.756861 0.000000
vt 1.300000 -0.814739 0.000000
vt 0.000000 -0.814739 0.000000
vt 1.300000 -0.872616 0.000000
vt -0.000000 -0.872616 0.000000
vt 0.000000 -0.345686 0.000000
vt 1.300000 -0.345686 0.000000
vt 0.000000 -0.288840 0.000000
vt 1.300000 -0.288840 0.000000
vt 1.300000 -0.231993 0.000000
vt 0.000000 -0.231993 0.000000
vt 1.300000 -0.175147 0.000000
vt -0.000000 -0.175147 0.000000
vt 1.300000 -0.118301 0.000000
vt -0.000000 -0.118301 0.000000
vt 1.300000 -0.061455 0.000000
vt -0.000000 -0.061455 0.000000
vt 1.300000 -0.004608 0.000000
vt 0.000000 -0.004608 0.000000
vt 1.300000 0.052238 0.000000
vt -0.000000 0.052238 0.000000
vt 1.300000 0.109084 0.000000
vt 0.000000 0.109084 0.000000
vt 1.300000 0.165931 0.000000
vt 0.000000 0.165931 0.000000
vt 1.300000 0.222777 0.000000
vt 0.000000 0.222777 0.000000
vt 1.300000 0.279623 0.000000
vt -0.000000 0.279623 0.000000
vt 1.300000 0.336470 0.000000
vt 0.000000 0.336470 0.000000
vt -0.000000 0.393316 0.000000
vt 1.300000 0.393316 0.000000
vt -4.710000 -3.357409 0.000000
vt 4.710000 -3.357409 0.000000
vt -4.710000 3.357409 0.000000
vt 4.710000 3.357409 0.000000
vn 0.000000 1.000000 0.000000
vn 0.000000 1.000000 0.000000
vn -0.000000 0.965926 -0.258819
vn -0.000000 0.939801 -0.341722
vn -0.000000 0.866025 -0.500000
vn -0.000000 0.753034 -0.657982
vn -0.000000 0.707107 -0.707107
vn -0.000000 0.611688 -0.791099
vn -0.000000 0.500000 -0.866025
vn -0.000000 0.439196 -0.898391
vn -0.000000 0.258819 -0.965926
vn -0.000000 0.235682 -0.971830
vn -0.000000 0.000000 -1.000000
vn -0.000000 0.000000 -1.000000
vn -0.000000 0.235682 -0.971830
vn -0.000000 0.439196 -0.898391
vn -0.000000 0.611688 -0.791099
vn -0.000000 0.753034 -0.657982
vn -0.000000 0.939801 -0.341722
vn -0.000000 -0.000000 -1.000000
vn -0.000000 -0.000000 -1.000000
vn -0.000000 -0.000000 -1.000000
vn -0.000000 -0.000000 -1.000000
vn -0.000000 -0.000000 -1.000000
vn -0.000000 -0.000000 -1.000000
vn -0.000000 -0.000000 -1.000000
vn -0.000000 -0.000000 -1.000000
vn -0.999287 0.037761 -0.000000
vn -1.000000 -0.000000 0.000000
vn -0.998396 0.056625 -0.000000
vn -0.977083 0.212859 -0.000000
vn -0.987088 0.160181 -0.000000
vn -0.965490 0.260439 -0.000000
vn -0.909382 0.415962 -0.000000
vn -0.892485 0.451076 -0.000000
vn -0.800000 0.600000 -0.000000
vn -0.786466 0.617633 -0.000000
vn -0.719699 0.694286 -0.000000
vn -0.659315 0.751867 -0.000000
vn -0.631128 0.775678 -0.000000
vn -0.518745 0.854929 -0.000000
vn -0.535261 0.844687 -0.000000
vn -0.433375 0.901213 -0.000000
vn -0.999822 0.018884 -0.000000
vn -1.000000 -0.000000 0.000000
vn -0.360215 0.932869 -0.000000
vn -0.217898 0.975972 -0.000000
vn -0.189470 0.981886 -0.000000
vn -0.098289 0.995158 -0.000000
vn -0.050247 0.998737 -0.000000
vn -0.000000 1.000000 -0.000000
vn 0.000000 1.000000 0.000000
vn 0.000000 1.000000 0.000000
vn 0.000000 1.000000 0.000000
vn 0.000000 1.000000 0.000000
vn 0.000000 1.000000 0.000000
vn 0.987088 0.160181 0.000000
vn 0.977083 0.212859 0.000000
vn 0.998396 0.056625 0.000000
vn 1.000000 0.000000 0.000000
vn 0.999287 0.037761 0.000000
vn 0.999822 0.018884 0.000000
vn 1.000000 0.000000 0.000000
vn 0.965490 0.260439 0.000000
vn 0.909382 0.415962 0.000000
vn 0.892485 0.451076 0.000000
vn 0.800000 0.600000 0.000000
vn 0.786466 0.617633 0.000000
vn 0.719699 0.694286 0.000000
vn 0.659315 0.751867 0.000000
vn 0.631128 0.775678 0.000000
vn 0.518745 0.854929 0.000000
vn 0.535261 0.844687 0.000000
vn 0.433375 0.901213 0.000000
vn 0.360215 0.932869 0.000000
vn 0.217898 0.975972 0.000000
vn 0.189470 0.981886 0.000000
vn 0.098289 0.995158 0.000000
vn 0.050247 0.998737 0.000000
vn 1.000000 0.000000 0.000000
vn 1.000000 0.000000 0.000000
vn -0.000000 0.000000 1.000000
vn -0.000000 0.000000 1.000000
vn -0.000000 0.103556 0.994624
vn -0.000000 0.103556 0.994624
vn -0.000000 0.203808 0.979011
vn -0.000000 0.203808 0.979011
vn -0.000000 0.394447 0.918918
vn -0.000000 0.394447 0.918918
vn -0.000000 0.560999 0.827817
vn -0.000000 0.560999 0.827817
vn -0.000000 0.695240 0.718777
vn -0.000000 0.695240 0.718777
vn -0.000000 0.798437 0.602079
vn -0.000000 0.798437 0.602079
vn -0.000000 0.876250 0.481856
vn -0.000000 0.925263 0.379326
vn -0.000000 0.925263 0.379326
vn -0.000000 0.876250 0.481856
vn -0.000000 0.938566 0.345100
vn -0.000000 0.938566 0.345100
vn -0.000000 0.942129 0.335252
vn -0.000000 0.942129 0.335252
vn -0.000000 0.943375 0.331727
vn -0.000000 0.943375 0.331727
vn -1.000000 -0.000000 0.000000
vn -1.000000 -0.000000 0.000000
vn -0.000000 -0.000000 1.000000
vn -0.000000 -0.000000 1.000000
vn -0.000000 -0.000000 1.000000
vn -0.000000 -0.000000 1.000000
vn -0.000000 -0.000000 1.000000
vn -0.000000 -0.000000 1.000000
vn -0.000000 -0.000000 1.000000
vn -0.000000 -0.000000 1.000000
vn -0.102707 0.994712 0.000000
vn -0.102707 0.994712 0.000000
vn 0.138564 0.990354 0.000000
vn 0.138564 0.990354 0.000000
vn 0.371766 0.928327 0.000000
vn 0.371766 0.928327 0.000000
vn 0.583319 0.812243 0.000000
vn 0.583319 0.812243 0.000000
vn 0.760906 0.648862 0.000000
vn 0.760906 0.648862 0.000000
vn 0.894185 0.447698 0.000000
vn 0.894185 0.447698 0.000000
vn 0.975395 0.220463 0.000000
vn 0.975395 0.220463 0.000000
vn 0.999808 -0.019608 0.000000
vn 0.999808 -0.019608 0.000000
vn 0.966001 -0.258538 0.000000
vn 0.966001 -0.258538 0.000000
vn 0.875944 -0.482413 0.000000
vn 0.875944 -0.482413 0.000000
vn 0.734880 -0.678197 0.000000
vn 0.734880 -0.678197 0.000000
vn 0.551023 -0.834490 0.000000
vn 0.551023 -0.834490 0.000000
vn 0.335081 -0.942189 0.000000
vn 0.335081 -0.942189 0.000000
vn 0.099626 -0.995025 0.000000
vn 0.099626 -0.995025 0.000000
vn 0.000000 0.000000 1.000000
vn 0.000000 0.000000 1.000000
vn 0.000000 0.000000 1.000000
vn 0.000000 0.000000 1.000000
vn 0.000000 0.000000 1.000000
vn 0.000000 0.000000 1.000000
vn 0.000000 0.000000 1.000000
vn 0.000000 0.000000 1.000000
vn 0.000000 0.000000 1.000000
vn 0.000000 0.000000 1.000000
vn 0.000000 0.000000 1.000000
vn 0.000000 0.000000 1.000000
vn 0.000000 0.000000 1.000000
vn 0.000000 0.000000 1.000000
vn 0.000000 0.000000 1.000000
vn 0.000000 0.000000 1.000000
vn 0.000000 0.000000 1.000000
vn 0.000000 0.000000 1.000000
vn 0.000000 0.000000 1.000000
vn 0.000000 0.000000 1.000000
vn 0.000000 0.000000 1.000000
vn 0.000000 0.000000 1.000000
vn 0.000000 0.000000 1.000000
vn 0.000000 0.000000 1.000000
vn 0.000000 0.000000 1.000000
vn 0.000000 0.000000 1.000000
vn 0.000000 0.000000 1.000000
vn 0.000000 0.000000 1.000000
vn 0.000000 0.000000 1.000000
vn 0.000000 0.000000 1.000000
vn 0.000000 0.000000 1.000000
vn 0.000000 0.000000 1.000000
vn 0.000000 0.000000 1.000000
vn 0.000000 0.000000 1.000000
vn 0.000000 0.000000 1.000000
vn 0.000000 0.000000 1.000000
vn 0.000000 0.000000 1.000000
vn 0.000000 0.000000 1.000000
vn 0.000000 0.000000 1.000000
vn 0.000000 0.000000 1.000000
vn 0.000000 0.000000 1.000000
vn 0.000000 0.000000 1.000000
vn 0.000000 0.000000 1.000000
vn 0.000000 0.000000 1.000000
vn 0.000000 0.000000 1.000000
vn 0.000000 0.000000 1.000000
vn 0.000000 0.000000 1.000000
vn 0.000000 0.000000 1.000000
vn 0.000000 0.000000 1.000000
vn 0.000000 0.000000 1.000000
vn 0.000000 0.000000 1.000000
vn 0.000000 0.000000 1.000000
vn 0.000000 0.000000 1.000000
vn 0.000000 0.000000 1.000000
vn 0.000000 0.000000 1.000000
vn 0.000000 0.000000 1.000000
vn 0.000000 0.000000 1.000000
vn 0.000000 0.000000 1.000000
vn 0.000000 0.000000 1.000000
vn 0.000000 0.000000 1.000000
vn 0.000000 0.000000 1.000000
vn 0.000000 0.000000 1.000000
vn 0.000000 0.000000 1.000000
vn 0.000000 0.000000 1.000000
vn 0.000000 0.000000 1.000000
vn 0.000000 0.000000 1.000000
vn 0.000000 0.000000 1.000000
vn 0.000000 0.000000 1.000000
vn 0.000000 0.000000 1.000000
vn 0.000000 0.000000 1.000000
vn 0.000000 0.000000 1.000000
vn 0.000000 0.000000 1.000000
vn 0.000000 0.000000 1.000000
vn 0.000000 0.000000 1.000000
vn 0.000000 0.000000 1.000000
vn 0.000000 0.000000 1.000000
vn 0.000000 0.000000 1.000000
vn 0.000000 0.000000 1.000000
vn 0.000000 0.000000 1.000000
vn 0.000000 0.000000 1.000000
vn 0.000000 0.000000 1.000000
vn 0.000000 0.000000 1.000000
vn 0.000000 0.000000 1.000000
vn 0.000000 0.000000 1.000000
vn 0.000000 0.000000 1.000000
vn 0.000000 0.000000 1.000000
vn 0.000000 0.000000 1.000000
vn 0.000000 0.000000 1.000000
vn 0.000000 0.000000 1.000000
vn 0.000000 0.000000 1.000000
vn 0.000000 0.000000 1.000000
vn 0.000000 0.000000 1.000000
vn 0.000000 0.000000 1.000000
vn 0.000000 0.000000 1.000000
vn 0.000000 0.000000 1.000000
vn 0.000000 0.000000 1.000000
vn 0.000000 0.000000 1.000000
vn 0.000000 0.000000 1.000000
vn 0.000000 0.000000 1.000000
vn 0.000000 0.000000 1.000000
vn 0.000000 0.000000 1.000000
vn 0.000000 0.000000 1.000000
vn 0.000000 0.000000 1.000000
vn 0.000000 0.000000 1.000000
vn 0.000000 0.000000 1.000000
vn 0.000000 0.000000 1.000000
vn 0.000000 0.000000 1.000000
vn 0.000000 0.000000 1.000000
vn 0.000000 0.000000 1.000000
vn 0.000000 0.000000 1.000000
vn 0.000000 0.000000 1.000000
vn 0.000000 0.000000 1.000000
vn 0.000000 0.000000 1.000000
vn 0.000000 0.000000 1.000000
vn 0.000000 0.000000 1.000000
vn 0.000000 0.000000 1.000000
vn 0.000000 0.000000 1.000000
vn 0.000000 0.000000 1.000000
vn 0.000000 0.000000 1.000000
vn 0.000000 0.000000 1.000000
vn 0.000000 0.000000 1.000000
vn 0.000000 0.000000 1.000000
vn 0.000000 0.000000 1.000000
vn 0.000000 0.000000 1.000000
vn 0.000000 0.000000 1.000000
vn 0.000000 0.000000 1.000000
vn 0.000000 0.000000 1.000000
vn 0.000000 0.000000 1.000000
vn 0.000000 0.000000 1.000000
vn 0.000000 0.000000 1.000000
vn 0.000000 0.000000 1.000000
vn 0.000000 0.000000 1.000000
vn 0.258819 0.965926 -0.000000
vn 0.258819 0.965926 -0.000000
vn 0.258819 0.965926 -0.000000
vn 0.258819 0.965926 -0.000000
vn 0.500000 0.866025 -0.000000
vn 0.500000 0.866025 -0.000000
vn 0.707107 0.707107 -0.000000
vn 0.707107 0.707107 -0.000000
vn 0.866025 0.500000 -0.000000
vn 0.866025 0.500000 -0.000000
vn 0.965926 0.258819 -0.000000
vn 0.965926 0.258819 -0.000000
vn 1.000000 -0.000000 -0.000000
vn 0.965926 0.258819 -0.000000
vn 1.000000 -0.000000 -0.000000
vn 0.965926 0.258819 -0.000000
vn 0.866025 0.500000 -0.000000
vn 0.866025 0.500000 -0.000000
vn 0.707107 0.707107 -0.000000
vn 0.707107 0.707107 -0.000000
vn 0.500000 0.866025 -0.000000
vn 0.500000 0.866025 -0.000000
vn 1.000000 0.000000 0.000000
vn 1.000000 0.000000 0.000000
vn -0.965926 0.258819 -0.000000
vn -0.965926 0.258819 -0.000000
vn -1.000000 0.000000 -0.000000
vn -0.965926 0.258819 -0.000000
vn -1.000000 0.000000 -0.000000
vn -0.965926 0.258819 -0.000000
vn -0.866025 0.500000 -0.000000
vn -0.866025 0.500000 -0.000000
vn -0.707107 0.707107 -0.000000
vn -0.707107 0.707107 -0.000000
vn -0.500000 0.866025 -0.000000
vn -0.500000 0.866025 -0.000000
vn -0.258819 0.965926 -0.000000
vn -0.258819 0.965926 -0.000000
vn -0.258819 0.965926 -0.000000
vn -0.258819 0.965926 -0.000000
vn -0.500000 0.866025 -0.000000
vn -0.500000 0.866025 -0.000000
vn -0.707107 0.707107 -0.000000
vn -0.707107 0.707107 -0.000000
vn -0.866025 0.500000 -0.000000
vn -0.866025 0.500000 -0.000000
vn -1.000000 0.000000 0.000000
vn -1.000000 0.000000 0.000000
vn -0.000000 -0.000000 -1.000000
vn -0.000000 -0.000000 -1.000000
vn -0.000000 -0.000000 -1.000000
vn -0.000000 -0.000000 -1.000000
vn -0.000000 -0.000000 -1.000000
vn -0.000000 -0.000000 -1.000000
vn -0.000000 -0.000000 -1.000000
vn -0.000000 -0.000000 -1.000000
vn -0.000000 -0.000000 -1.000000
vn -0.000000 -0.000000 -1.000000
vn -0.000000 -0.000000 -1.000000
vn -0.000000 -0.000000 -1.000000
vn -0.000000 -0.000000 -1.000000
vn -0.000000 -0.000000 -1.000000
vn -0.000000 -0.000000 -1.000000
vn -0.000000 -0.000000 -1.000000
vn -0.000000 -0.000000 -1.000000
vn -0.000000 -0.000000 -1.000000
vn -0.000000 -0.000000 -1.000000
vn -0.000000 -0.000000 -1.000000
vn -0.000000 -0.000000 -1.000000
vn -0.000000 -0.000000 -1.000000
vn -0.000000 -0.000000 -1.000000
vn -0.000000 -0.000000 -1.000000
vn -0.000000 -0.000000 -1.000000
vn -0.000000 -0.000000 -1.000000
vn -0.000000 -0.000000 -1.000000
vn -0.000000 -0.000000 -1.000000
vn -0.000000 -0.000000 -1.000000
vn -0.000000 -0.000000 -1.000000
vn -0.000000 -0.000000 -1.000000
vn -0.000000 -0.000000 -1.000000
vn -0.000000 -0.000000 -1.000000
vn -0.000000 -0.000000 -1.000000
vn -0.000000 -0.000000 -1.000000
vn -0.000000 -0.000000 -1.000000
vn -0.000000 -0.000000 -1.000000
vn -0.000000 -0.000000 -1.000000
vn -0.000000 -0.000000 -1.000000
vn -0.000000 -0.000000 -1.000000
vn -0.000000 -0.000000 -1.000000
vn -0.000000 -0.000000 -1.000000
vn -0.000000 -0.000000 -1.000000
vn -0.000000 -0.000000 -1.000000
vn -0.000000 -0.000000 -1.000000
vn -0.000000 -0.000000 -1.000000
vn -0.000000 -0.000000 -1.000000
vn -0.000000 -0.000000 -1.000000
vn -0.000000 -0.000000 -1.000000
vn -0.000000 -0.000000 -1.000000
vn -0.000000 -0.000000 -1.000000
vn -0.000000 -0.000000 -1.000000
vn -0.000000 -0.000000 -1.000000
vn -0.000000 -0.000000 -1.000000
vn -0.000000 -0.000000 -1.000000
vn -0.000000 -0.000000 -1.000000
vn -0.000000 -0.000000 -1.000000
vn -0.000000 -0.000000 -1.000000
vn -0.000000 -0.000000 -1.000000
vn -0.000000 -0.000000 -1.000000
vn -0.000000 -0.000000 -1.000000
vn -0.000000 -0.000000 -1.000000
vn -0.000000 -0.000000 -1.000000
vn -0.000000 -0.000000 -1.000000
vn -0.000000 -0.000000 -1.000000
vn -0.000000 -0.000000 -1.000000
vn -0.000000 -0.000000 -1.000000
vn -0.000000 -0.000000 -1.000000
vn -0.000000 -0.000000 -1.000000
vn -0.000000 -0.000000 -1.000000
vn -0.000000 -0.000000 -1.000000
vn -0.000000 -0.000000 -1.000000
vn -0.000000 -0.000000 -1.000000
vn -0.000000 -0.000000 -1.000000
vn -0.000000 -0.000000 -1.000000
vn -0.000000 -0.000000 -1.000000
vn -0.000000 -0.000000 -1.000000
vn -0.000000 -0.000000 -1.000000
vn -0.000000 -0.000000 -1.000000
vn -0.000000 -0.000000 -1.000000
vn -0.000000 -0.000000 -1.000000
vn -0.000000 -0.000000 -1.000000
vn -0.000000 -0.000000 -1.000000
vn -0.000000 -0.000000 -1.000000
vn -0.000000 -0.000000 -1.000000
vn -0.000000 -0.000000 -1.000000
vn -0.000000 -0.000000 -1.000000
vn -0.000000 -0.000000 -1.000000
vn -0.000000 -0.000000 -1.000000
vn -0.000000 -0.000000 -1.000000
vn -0.000000 -0.000000 -1.000000
vn -0.000000 -0.000000 -1.000000
vn -0.000000 -0.000000 -1.000000
vn -0.000000 -0.000000 -1.000000
vn -0.000000 -0.000000 -1.000000
vn -0.000000 -0.000000 -1.000000
vn -0.000000 -0.000000 -1.000000
vn -0.000000 -0.000000 -1.000000
vn -0.000000 -0.000000 -1.000000
vn -0.000000 -0.000000 -1.000000
vn -0.000000 -0.000000 -1.000000
vn -0.000000 -0.000000 -1.000000
vn -0.000000 -0.000000 -1.000000
vn -0.000000 -0.000000 -1.000000
vn -0.000000 -0.000000 -1.000000
vn -0.000000 -0.000000 -1.000000
vn -0.000000 -0.000000 -1.000000
vn -0.000000 -0.000000 -1.000000
vn -0.000000 -0.000000 -1.000000
vn -0.000000 -0.000000 -1.000000
vn -0.000000 -0.000000 -1.000000
vn -0.000000 -0.000000 -1.000000
vn -0.000000 -0.000000 -1.000000
vn -0.000000 -0.000000 -1.000000
vn -0.000000 -0.000000 -1.000000
vn -0.000000 -0.000000 -1.000000
vn -0.000000 -0.000000 -1.000000
vn -0.000000 -0.000000 -1.000000
vn -0.000000 -0.000000 -1.000000
vn -0.000000 -0.000000 -1.000000
vn -0.000000 -0.000000 -1.000000
vn -0.000000 -0.000000 -1.000000
vn -0.000000 -0.000000 -1.000000
vn -0.000000 -0.000000 -1.000000
vn -0.000000 -0.000000 -1.000000
vn -0.000000 -0.000000 -1.000000
vn -0.000000 -0.000000 -1.000000
vn -0.000000 -0.000000 -1.000000
vn -0.000000 -0.000000 -1.000000
vn -0.000000 -0.000000 -1.000000
vn 0.000000 -1.000000 -0.000000
vn 0.000000 -1.000000 -0.000000
vn -0.258819 -0.965926 0.000000
vn -0.258819 -0.965926 0.000000
vn -0.500000 -0.866025 0.000000
vn -0.500000 -0.866025 0.000000
vn -0.707107 -0.707107 0.000000
vn -0.707107 -0.707107 0.000000
vn -0.866025 -0.500000 0.000000
vn -0.866025 -0.500000 0.000000
vn -0.965926 -0.258819 0.000000
vn -0.965926 -0.258819 0.000000
vn 0.000000 -1.000000 0.000000
vn 0.000000 -1.000000 0.000000
vn 0.965926 -0.258819 -0.000000
vn 0.965926 -0.258819 -0.000000
vn 0.866025 -0.500000 -0.000000
vn 0.866025 -0.500000 -0.000000
vn 0.707107 -0.707107 -0.000000
vn 0.707107 -0.707107 -0.000000
vn 0.500000 -0.866025 -0.000000
vn 0.500000 -0.866025 -0.000000
vn 0.258819 -0.965926 -0.000000
vn 0.258819 -0.965926 -0.000000
vn -0.841001 0.541034 0.000000
vn -0.841001 0.541034 0.000000
vn -0.947529 0.319669 0.000000
vn -0.947529 0.319669 0.000000
vn -0.996874 0.079011 0.000000
vn -0.996874 0.079011 0.000000
vn -0.986056 -0.166415 -0.000000
vn -0.986056 -0.166415 -0.000000
vn -0.915729 -0.401797 -0.000000
vn -0.915729 -0.401797 -0.000000
vn -0.790136 -0.612931 -0.000000
vn -0.790136 -0.612931 -0.000000
vn -0.616858 -0.787074 -0.000000
vn -0.616858 -0.787074 -0.000000
vn -0.406353 -0.913716 -0.000000
vn -0.406353 -0.913716 -0.000000
vn -0.171323 -0.985215 -0.000000
vn -0.171323 -0.985215 -0.000000
vn 0.074046 -0.997255 0.000000
vn 0.074046 -0.997255 0.000000
vn 0.314946 -0.949110 0.000000
vn 0.314946 -0.949110 0.000000
vn 0.536839 -0.843685 0.000000
vn 0.536839 -0.843685 0.000000
vn 0.726333 -0.687343 0.000000
vn 0.726333 -0.687343 0.000000
vn 0.871993 -0.489519 0.000000
vn 0.871993 -0.489519 0.000000
vn 0.965926 0.258819 0.000000
vn 0.965926 0.258819 0.000000
vn 1.000000 0.000000 0.000000
vn 1.000000 0.000000 0.000000
vn 0.965926 -0.258819 0.000000
vn 0.965926 -0.258819 0.000000
vn 0.866025 -0.500000 0.000000
vn 0.866025 -0.500000 0.000000
vn 0.707107 -0.707107 0.000000
vn 0.707107 -0.707107 0.000000
vn 0.500000 -0.866025 0.000000
vn 0.500000 -0.866025 0.000000
vn 0.258819 -0.965926 0.000000
vn 0.258819 -0.965926 0.000000
vn -0.000000 -1.000000 -0.000000
vn -0.000000 -1.000000 -0.000000
vn -0.258819 -0.965926 -0.000000
vn -0.258819 -0.965926 -0.000000
vn -0.500000 -0.866025 -0.000000
vn -0.500000 -0.866025 -0.000000
vn -0.707107 -0.707107 -0.000000
vn -0.707107 -0.707107 -0.000000
vn -0.866025 -0.500000 -0.000000
vn -0.866025 -0.500000 -0.000000
vn -0.965926 -0.258819 -0.000000
vn -0.965926 -0.258819 -0.000000
vn -1.000000 -0.000000 -0.000000
vn -1.000000 -0.000000 -0.000000
vn -0.965926 0.258819 0.000000
vn -0.965926 0.258819 0.000000
vn -0.866025 0.500000 0.000000
vn -0.866025 0.500000 0.000000
vn -0.707107 0.707107 0.000000
vn -0.707107 0.707107 0.000000
vn -0.500000 0.866025 0.000000
vn -0.500000 0.866025 0.000000
vn -0.258819 0.965926 0.000000
vn -0.258819 0.965926 0.000000
vn -0.000000 1.000000 0.000000
vn -0.000000 1.000000 0.000000
vn 0.258819 0.965926 0.000000
vn 0.258819 0.965926 0.000000
vn 0.500000 0.866025 0.000000
vn 0.500000 0.866025 0.000000
vn 0.707107 0.707107 0.000000
vn 0.707107 0.707107 0.000000
vn 0.866025 0.500000 0.000000
vn 0.866025 0.500000 0.000000
vn 0.965926 0.258819 0.000000
vn 0.965926 0.258819 0.000000
vn 1.000000 0.000000 0.000000
vn 1.000000 0.000000 0.000000
vn 0.965926 -0.258819 0.000000
vn 0.965926 -0.258819 0.000000
vn 0.866025 -0.500000 0.000000
vn 0.866025 -0.500000 0.000000
vn 0.707107 -0.707107 0.000000
vn 0.707107 -0.707107 0.000000
vn 0.500000 -0.866025 0.000000
vn 0.500000 -0.866025 0.000000
vn 0.258819 -0.965926 0.000000
vn 0.258819 -0.965926 0.000000
vn -0.000000 -1.000000 -0.000000
vn -0.000000 -1.000000 -0.000000
vn -0.258819 -0.965926 -0.000000
vn -0.258819 -0.965926 -0.000000
vn -0.500000 -0.866025 -0.000000
vn -0.500000 -0.866025 -0.000000
vn -0.707107 -0.707107 -0.000000
vn -0.707107 -0.707107 -0.000000
vn -0.866025 -0.500000 -0.000000
vn -0.866025 -0.500000 -0.000000
vn -0.965926 -0.258819 -0.000000
vn -0.965926 -0.258819 -0.000000
vn -1.000000 -0.000000 -0.000000
vn -1.000000 -0.000000 -0.000000
vn -0.965926 0.258819 0.000000
vn -0.965926 0.258819 0.000000
vn -0.866025 0.500000 0.000000
vn -0.866025 0.500000 0.000000
vn -0.707107 0.707107 0.000000
vn -0.707107 0.707107 0.000000
vn -0.500000 0.866025 0.000000
vn -0.500000 0.866025 0.000000
vn -0.258819 0.965926 0.000000
vn -0.258819 0.965926 0.000000
vn -0.000000 1.000000 0.000000
vn -0.000000 1.000000 0.000000
vn 0.258819 0.965926 0.000000
vn 0.258819 0.965926 0.000000
vn 0.500000 0.866025 0.000000
vn 0.500000 0.866025 0.000000
vn 0.707107 0.707107 0.000000
vn 0.707107 0.707107 0.000000
vn 0.866025 0.500000 0.000000
vn 0.866025 0.500000 0.000000
vn -1.000000 0.000000 0.000000
vn -1.000000 0.000000 0.000000
vn -1.000000 0.000000 0.000000
vn -1.000000 0.000000 0.000000
vn 0.000000 1.000000 0.000000
vn 0.000000 1.000000 0.000000
vn 0.000000 1.000000 0.000000
vn 0.000000 1.000000 0.000000
vn 0.000000 -1.000000 0.000000
vn 0.000000 -1.000000 0.000000
vn 0.000000 -1.000000 0.000000
vn 0.000000 -1.000000 0.000000
vn 0.000000 -1.000000 0.000000
vn 0.000000 -1.000000 0.000000
vn 0.000000 -1.000000 0.000000
vn 0.000000 -1.000000 0.000000
vn 1.000000 0.000000 0.000000
vn 1.000000 0.000000 0.000000
vn 1.000000 0.000000 0.000000
vn 1.000000 0.000000 0.000000
vn -0.871993 0.489519 0.000000
vn -0.871993 0.489519 0.000000
vn -0.726333 0.687343 0.000000
vn -0.726333 0.687343 0.000000
vn -0.536839 0.843685 0.000000
vn -0.536839 0.843685 0.000000
vn -0.314946 0.949110 0.000000
vn -0.314946 0.949110 0.000000
vn -0.074046 0.997255 0.000000
vn -0.074046 0.997255 0.000000
vn 0.171323 0.985215 -0.000000
vn 0.171323 0.985215 -0.000000
vn 0.406353 0.913716 -0.000000
vn 0.406353 0.913716 -0.000000
vn 0.616858 0.787074 -0.000000
vn 0.616858 0.787074 -0.000000
vn 0.790136 0.612931 -0.000000
vn 0.790136 0.612931 -0.000000
vn 0.915729 0.401797 -0.000000
vn 0.915729 0.401797 -0.000000
vn 0.986056 0.166415 -0.000000
vn 0.986056 0.166415 -0.000000
vn 0.996874 -0.079011 0.000000
vn 0.996874 -0.079011 0.000000
vn 0.947529 -0.319669 0.000000
vn 0.947529 -0.319669 0.000000
vn 0.841001 -0.541034 0.000000
vn 0.841001 -0.541034 0.000000
vn -0.099626 0.995025 0.000000
vn -0.099626 0.995025 0.000000
vn -0.335081 0.942189 0.000000
vn -0.335081 0.942189 0.000000
vn -0.551023 0.834490 0.000000
vn -0.551023 0.834490 0.000000
vn -0.734880 0.678197 0.000000
vn -0.734880 0.678197 0.000000
vn -0.875944 0.482413 0.000000
vn -0.875944 0.482413 0.000000
vn -0.966001 0.258538 0.000000
vn -0.966001 0.258538 0.000000
vn -0.999808 0.019608 0.000000
vn -0.999808 0.019608 0.000000
vn -0.975395 -0.220463 0.000000
vn -0.975395 -0.220463 0.000000
vn -0.894185 -0.447698 0.000000
vn -0.894185 -0.447698 0.000000
vn -0.760906 -0.648862 0.000000
vn -0.760906 -0.648862 0.000000
vn -0.583319 -0.812243 0.000000
vn -0.583319 -0.812243 0.000000
vn -0.371766 -0.928327 0.000000
vn -0.371766 -0.928327 0.000000
vn -0.138564 -0.990354 0.000000
vn -0.138564 -0.990354 0.000000
vn 0.102707 -0.994712 0.000000
vn 0.102707 -0.994712 0.000000
vn 0.000000 0.000000 1.000000
vn 0.000000 0.000000 1.000000
vn 0.000000 0.000000 1.000000
vn 0.000000 0.000000 1.000000
usemtl Steel_-_Satin
f 14/1/1 1/2/2 16/3/3
f 16/3/3 1/2/2 2/4/4
f 16/3/3 2/4/4 15/5/5
f 15/5/5 2/4/4 3/6/6
f 15/5/5 3/6/6 17/7/7
f 17/7/7 3/6/6 4/8/8
f 17/7/7 4/8/8 18/9/9
f 18/9/9 4/8/8 5/10/10
f 18/9/9 5/10/10 19/11/11
f 19/11/11 5/10/10 6/12/12
f 19/11/11 6/12/12 8/13/13
f 8/13/13 6/12/12 7/14/14
f 8/13/13 9/15/15 19/11/11
f 19/11/11 9/15/15 10/16/16
f 19/11/11 10/16/16 18/9/9
f 18/9/9 10/16/16 11/17/17
f 18/9/9 11/17/17 17/7/7
f 17/7/7 11/17/17 12/18/18
f 17/7/7 12/18/18 15/5/5
f 15/5/5 12/18/18 13/19/19
f 15/5/5 13/19/19 16/3/3
f 16/3/3 13/19/19 14/1/1
f 8/20/13 7/21/14 27/22/20
f 27/22/20 7/21/14 20/23/21
f 27/22/20 20/23/21 26/24/22
f 26/24/22 20/23/21 21/25/23
f 26/24/22 21/25/23 25/26/24
f 25/26/24 21/25/23 22/27/25
f 25/26/24 22/27/25 24/28/26
f 24/28/26 22/27/25 23/29/27
f 29/30/28 22/31/29 28/32/30
f 28/32/30 22/31/29 21/33/31
f 28/32/30 21/33/31 42/34/32
f 42/34/32 21/33/31 41/35/33
f 41/35/33 21/33/31 20/36/34
f 41/35/33 20/36/34 40/37/35
f 40/37/35 20/36/34 7/38/36
f 40/37/35 7/38/36 39/39/37
f 39/39/37 7/38/36 6/40/38
f 39/39/37 6/40/38 38/41/39
f 38/41/39 6/40/38 5/42/40
f 38/41/39 5/42/40 37/43/41
f 37/43/41 5/42/40 4/44/42
f 37/43/41 4/44/42 3/45/43
f 29/30/28 30/46/44 22/31/29
f 22/31/29 30/46/44 31/47/45
f 37/43/41 3/45/43 36/48/46
f 36/48/46 3/45/43 2/49/47
f 36/48/46 2/49/47 35/50/48
f 35/50/48 2/49/47 34/51/49
f 34/51/49 2/49/47 1/52/2
f 34/51/49 1/52/2 33/53/50
f 33/53/50 1/52/2 32/54/51
f 43/55/52 44/56/53 14/57/1
f 14/57/1 44/56/53 45/58/54
f 14/57/1 45/58/54 46/59/55
f 14/57/1 46/59/55 1/60/2
f 1/60/2 46/59/55 47/61/56
f 1/60/2 47/61/56 32/62/51
f 49/63/57 26/64/58 48/65/59
f 48/65/59 26/64/58 25/66/60
f 48/65/59 25/66/60 61/67/61
f 61/67/61 25/66/60 60/68/62
f 60/68/62 25/66/60 59/69/63
f 49/63/57 50/70/64 26/64/58
f 26/64/58 50/70/64 27/71/65
f 27/71/65 50/70/64 51/72/66
f 27/71/65 51/72/66 8/73/67
f 8/73/67 51/72/66 52/74/68
f 8/73/67 52/74/68 9/75/69
f 9/75/69 52/74/68 53/76/70
f 9/75/69 53/76/70 10/77/71
f 10/77/71 53/76/70 54/78/72
f 10/77/71 54/78/72 11/79/73
f 11/79/73 54/78/72 12/80/74
f 12/80/74 54/78/72 55/81/75
f 12/80/74 55/81/75 13/82/76
f 13/82/76 55/81/75 56/83/77
f 13/82/76 56/83/77 57/84/78
f 13/82/76 57/84/78 14/85/1
f 14/85/1 57/84/78 58/86/79
f 14/85/1 58/86/79 43/87/52
f 59/88/63 25/89/60 62/90/80
f 62/90/80 25/89/60 24/91/81
f 48/92/82 28/93/83 49/94/84
f 49/94/84 28/93/83 42/95/85
f 49/94/84 42/95/85 50/96/86
f 50/96/86 42/95/85 41/97/87
f 50/96/86 41/97/87 40/98/88
f 50/96/86 40/98/88 51/99/89
f 51/99/89 40/98/88 39/100/90
f 51/99/89 39/100/90 52/101/91
f 52/101/91 39/100/90 38/102/92
f 52/101/91 38/102/92 53/103/93
f 53/103/93 38/102/92 54/104/94
f 54/104/94 38/102/92 37/105/95
f 54/104/94 37/105/95 36/106/96
f 35/107/97 56/108/98 36/106/96
f 36/106/96 56/108/98 55/109/99
f 36/106/96 55/109/99 54/104/94
f 56/108/98 35/107/97 57/110/100
f 57/110/100 35/107/97 34/111/101
f 57/110/100 34/111/101 58/112/102
f 58/112/102 34/111/101 33/113/103
f 58/112/102 33/113/103 43/114/104
f 43/114/104 33/113/103 32/115/105
f 22/116/29 31/117/45 23/118/106
f 23/118/106 31/117/45 63/119/107
f 28/120/83 48/121/82 29/122/108
f 29/122/108 48/121/82 61/123/109
f 29/122/108 61/123/109 30/124/110
f 30/124/110 61/123/109 60/125/111
f 30/124/110 60/125/111 31/126/112
f 31/126/112 60/125/111 59/127/113
f 31/126/112 59/127/113 63/128/114
f 63/128/114 59/127/113 62/129/115
f 91/130/116 64/131/117 90/132/118
f 90/132/118 64/131/117 65/133/119
f 90/132/118 65/133/119 66/134/120
f 90/132/118 66/134/120 89/135/121
f 89/135/121 66/134/120 67/136/122
f 89/135/121 67/136/122 88/137/123
f 88/137/123 67/136/122 68/138/124
f 88/137/123 68/138/124 87/139/125
f 87/139/125 68/138/124 69/140/126
f 87/139/125 69/140/126 86/141/127
f 86/141/127 69/140/126 70/142/128
f 86/141/127 70/142/128 85/143/129
f 85/143/129 70/142/128 71/144/130
f 85/143/129 71/144/130 84/145/131
f 84/145/131 71/144/130 72/146/132
f 84/145/131 72/146/132 83/147/133
f 83/147/133 72/146/132 73/148/134
f 83/147/133 73/148/134 82/149/135
f 82/149/135 73/148/134 74/150/136
f 82/149/135 74/150/136 81/151/137
f 81/151/137 74/150/136 75/152/138
f 81/151/137 75/152/138 80/153/139
f 80/153/139 75/152/138 76/154/140
f 80/153/139 76/154/140 79/155/141
f 79/155/141 76/154/140 78/156/142
f 78/156/142 76/154/140 77/157/143
f 93/158/144 46/159/145 92/160/146
f 92/160/146 46/159/145 153/161/147
f 92/160/146 153/161/147 154/162/148
f 93/158/144 94/163/149 46/159/145
f 46/159/145 94/163/149 95/164/150
f 46/159/145 95/164/150 96/165/151
f 96/165/151 97/166/152 46/159/145
f 45/167/153 175/168/154 46/159/145
f 46/159/145 175/168/154 149/169/155
f 46/159/145 149/169/155 150/170/156
f 98/171/157 99/172/158 45/167/153
f 45/167/153 99/172/158 100/173/159
f 45/167/153 100/173/159 101/174/160
f 101/174/160 102/175/161 45/167/153
f 45/167/153 102/175/161 103/176/162
f 45/167/153 103/176/162 170/177/163
f 170/177/163 103/176/162 169/178/164
f 169/178/164 103/176/162 168/179/165
f 168/179/165 103/176/162 191/180/166
f 191/180/166 103/176/162 190/181/167
f 190/181/167 103/176/162 189/182/168
f 189/182/168 103/176/162 81/183/169
f 189/182/168 81/183/169 80/184/170
f 103/176/162 104/185/171 81/183/169
f 81/183/169 104/185/171 82/186/172
f 82/186/172 104/185/171 83/187/173
f 83/187/173 104/185/171 84/188/174
f 84/188/174 104/185/171 85/189/175
f 85/189/175 104/185/171 86/190/176
f 86/190/176 104/185/171 87/191/177
f 87/191/177 104/185/171 105/192/178
f 87/191/177 105/192/178 88/193/179
f 88/193/179 105/192/178 106/194/180
f 88/193/179 106/194/180 107/195/181
f 88/193/179 107/195/181 89/196/182
f 89/196/182 107/195/181 108/197/183
f 89/196/182 108/197/183 109/198/184
f 109/198/184 110/199/185 89/196/182
f 89/196/182 110/199/185 90/200/186
f 90/200/186 110/199/185 91/201/187
f 91/201/187 110/199/185 203/202/188
f 203/202/188 110/199/185 202/203/189
f 202/203/189 110/199/185 201/204/190
f 201/204/190 110/199/185 111/205/191
f 201/204/190 111/205/191 139/206/192
f 139/206/192 111/205/191 138/207/193
f 138/207/193 111/205/191 137/208/194
f 137/208/194 111/205/191 136/209/195
f 136/209/195 111/205/191 135/210/196
f 135/210/196 111/205/191 134/211/197
f 134/211/197 111/205/191 112/212/198
f 134/211/197 112/212/198 113/213/199
f 113/213/199 114/214/200 134/211/197
f 134/211/197 114/214/200 115/215/201
f 134/211/197 115/215/201 133/216/202
f 133/216/202 115/215/201 116/217/203
f 133/216/202 116/217/203 132/218/204
f 132/218/204 116/217/203 117/219/205
f 132/218/204 117/219/205 131/220/206
f 131/220/206 117/219/205 130/221/207
f 130/221/207 117/219/205 129/222/208
f 129/222/208 117/219/205 128/223/209
f 128/223/209 117/219/205 127/224/210
f 127/224/210 117/219/205 158/225/211
f 127/224/210 158/225/211 126/226/212
f 126/226/212 158/225/211 159/227/213
f 126/226/212 159/227/213 125/228/214
f 125/228/214 159/227/213 160/229/215
f 125/228/214 160/229/215 124/230/216
f 124/230/216 160/229/215 206/231/217
f 124/230/216 206/231/217 123/232/218
f 123/232/218 206/231/217 207/233/219
f 123/232/218 207/233/219 122/234/220
f 122/234/220 207/233/219 121/235/221
f 121/235/221 207/233/219 120/236/222
f 120/236/222 207/233/219 119/237/223
f 119/237/223 207/233/219 118/238/224
f 118/238/224 207/233/219 143/239/225
f 143/239/225 207/233/219 142/240/226
f 142/240/226 207/233/219 141/241/227
f 141/241/227 207/233/219 140/242/228
f 140/242/228 207/233/219 200/243/229
f 140/242/228 200/243/229 139/206/192
f 139/206/192 200/243/229 201/204/190
f 117/219/205 92/160/146 158/225/211
f 158/225/211 92/160/146 157/244/230
f 157/244/230 92/160/146 156/245/231
f 156/245/231 92/160/146 155/246/232
f 155/246/232 92/160/146 154/162/148
f 167/247/233 144/248/234 206/231/217
f 206/231/217 144/248/234 145/249/235
f 206/231/217 145/249/235 179/250/236
f 179/250/236 145/249/235 146/251/237
f 179/250/236 146/251/237 178/252/238
f 178/252/238 146/251/237 147/253/239
f 178/252/238 147/253/239 177/254/240
f 177/254/240 147/253/239 148/255/241
f 177/254/240 148/255/241 176/256/242
f 176/256/242 148/255/241 149/169/155
f 176/256/242 149/169/155 175/168/154
f 150/170/156 151/257/243 46/159/145
f 46/159/145 151/257/243 152/258/244
f 46/159/145 152/258/244 153/161/147
f 160/229/215 161/259/245 206/231/217
f 206/231/217 161/259/245 162/260/246
f 206/231/217 162/260/246 163/261/247
f 163/261/247 164/262/248 206/231/217
f 206/231/217 164/262/248 165/263/249
f 206/231/217 165/263/249 166/264/250
f 166/264/250 167/247/233 206/231/217
f 170/177/163 171/265/251 45/167/153
f 45/167/153 171/265/251 172/266/252
f 45/167/153 172/266/252 173/267/253
f 173/267/253 174/268/254 45/167/153
f 45/167/153 174/268/254 175/168/154
f 206/231/217 179/250/236 205/269/255
f 205/269/255 179/250/236 180/270/256
f 205/269/255 180/270/256 181/271/257
f 181/271/257 182/272/258 205/269/255
f 205/269/255 182/272/258 183/273/259
f 205/269/255 183/273/259 184/274/260
f 184/274/260 185/275/261 205/269/255
f 205/269/255 185/275/261 186/276/262
f 205/269/255 186/276/262 187/277/263
f 187/277/263 188/278/264 205/269/255
f 205/269/255 188/278/264 80/184/170
f 205/269/255 80/184/170 79/279/265
f 188/278/264 189/182/168 80/184/170
f 205/269/255 79/279/265 204/280/266
f 204/280/266 79/279/265 78/281/267
f 204/280/266 78/281/267 192/282/268
f 192/282/268 193/283/269 204/280/266
f 204/280/266 193/283/269 194/284/270
f 204/280/266 194/284/270 195/285/271
f 195/285/271 196/286/272 204/280/266
f 204/280/266 196/286/272 197/287/273
f 204/280/266 197/287/273 198/288/274
f 198/288/274 199/289/275 204/280/266
f 204/280/266 199/289/275 200/243/229
f 204/280/266 200/243/229 207/233/219
f 97/290/276 214/291/277 46/292/55
f 46/292/55 214/291/277 215/293/278
f 46/292/55 215/293/278 47/294/56
f 47/294/56 215/293/278 213/295/279
f 213/295/279 215/293/278 212/296/280
f 212/296/280 215/293/278 217/297/281
f 212/296/280 217/297/281 211/298/282
f 211/298/282 217/297/281 219/299/283
f 211/298/282 219/299/283 210/300/284
f 210/300/284 219/299/283 221/301/285
f 210/300/284 221/301/285 209/302/286
f 209/302/286 221/301/285 223/303/287
f 209/302/286 223/303/287 208/304/288
f 208/304/288 223/303/287 222/305/289
f 208/304/288 222/305/289 92/306/290
f 92/306/290 222/305/289 93/307/291
f 93/307/291 222/305/289 94/308/292
f 94/308/292 222/305/289 220/309/293
f 94/308/292 220/309/293 95/310/294
f 95/310/294 220/309/293 218/311/295
f 95/310/294 218/311/295 96/312/296
f 96/312/296 218/311/295 216/313/297
f 96/312/296 216/313/297 97/290/276
f 97/290/276 216/313/297 214/291/277
f 217/297/281 215/293/278 214/291/277
f 217/297/281 214/291/277 216/313/297
f 219/299/283 217/297/281 216/313/297
f 219/299/283 216/313/297 218/311/295
f 221/301/285 219/299/283 218/311/295
f 221/301/285 218/311/295 220/309/293
f 223/303/287 221/301/285 220/309/293
f 223/303/287 220/309/293 222/305/289
f 92/314/290 117/315/298 208/316/288
f 208/316/288 117/315/298 224/317/299
f 102/318/300 231/319/301 103/320/302
f 103/320/302 231/319/301 232/321/303
f 103/320/302 232/321/303 230/322/304
f 230/322/304 232/321/303 229/323/305
f 229/323/305 232/321/303 228/324/306
f 228/324/306 232/321/303 234/325/307
f 228/324/306 234/325/307 227/326/308
f 227/326/308 234/325/307 236/327/309
f 227/326/308 236/327/309 226/328/310
f 226/328/310 236/327/309 238/329/311
f 226/328/310 238/329/311 225/330/312
f 225/330/312 238/329/311 240/331/313
f 225/330/312 240/331/313 44/332/53
f 44/332/53 240/331/313 239/333/314
f 44/332/53 239/333/314 45/334/54
f 45/334/54 239/333/314 98/335/315
f 98/335/315 239/333/314 99/336/316
f 99/336/316 239/333/314 237/337/317
f 99/336/316 237/337/317 100/338/318
f 100/338/318 237/337/317 235/339/319
f 100/338/318 235/339/319 101/340/320
f 101/340/320 235/339/319 233/341/321
f 101/340/320 233/341/321 102/318/300
f 102/318/300 233/341/321 231/319/301
f 234/325/307 232/321/303 231/319/301
f 234/325/307 231/319/301 233/341/321
f 236/327/309 234/325/307 233/341/321
f 236/327/309 233/341/321 235/339/319
f 238/329/311 236/327/309 235/339/319
f 238/329/311 235/339/319 237/337/317
f 240/331/313 238/329/311 237/337/317
f 240/331/313 237/337/317 239/333/314
f 230/342/304 241/343/322 103/344/302
f 103/344/302 241/343/322 104/345/323
f 76/346/324 295/347/325 77/348/326
f 77/348/326 295/347/325 296/349/327
f 77/348/326 296/349/327 253/350/328
f 253/350/328 296/349/327 297/351/329
f 253/350/328 297/351/329 252/352/330
f 252/352/330 297/351/329 298/353/331
f 252/352/330 298/353/331 251/354/332
f 251/354/332 298/353/331 43/355/333
f 251/354/332 43/355/333 250/356/334
f 250/356/334 43/355/333 326/357/335
f 250/356/334 326/357/335 327/358/336
f 295/347/325 76/346/324 294/359/337
f 294/359/337 76/346/324 75/360/338
f 294/359/337 75/360/338 293/361/339
f 293/361/339 75/360/338 74/362/340
f 293/361/339 74/362/340 230/363/341
f 230/363/341 74/362/340 241/364/342
f 241/364/342 74/362/340 73/365/343
f 241/364/342 73/365/343 72/366/344
f 72/366/344 71/367/345 241/364/342
f 241/364/342 71/367/345 70/368/346
f 241/364/342 70/368/346 69/369/347
f 69/369/347 68/370/348 241/364/342
f 241/364/342 68/370/348 265/371/349
f 265/371/349 68/370/348 67/372/350
f 265/371/349 67/372/350 264/373/351
f 264/373/351 67/372/350 263/374/352
f 263/374/352 67/372/350 66/375/353
f 263/374/352 66/375/353 262/376/354
f 262/376/354 66/375/353 261/377/355
f 261/377/355 66/375/353 260/378/356
f 260/378/356 66/375/353 65/379/357
f 260/378/356 65/379/357 64/380/358
f 64/380/358 242/381/359 260/378/356
f 260/378/356 242/381/359 243/382/360
f 260/378/356 243/382/360 244/383/361
f 245/384/362 332/385/363 244/383/361
f 244/383/361 332/385/363 259/386/364
f 244/383/361 259/386/364 260/378/356
f 332/385/363 245/384/362 331/387/365
f 331/387/365 245/384/362 246/388/366
f 331/387/365 246/388/366 330/389/367
f 330/389/367 246/388/366 247/390/368
f 330/389/367 247/390/368 329/391/369
f 329/391/369 247/390/368 248/392/370
f 329/391/369 248/392/370 328/393/371
f 328/393/371 248/392/370 249/394/372
f 328/393/371 249/394/372 327/358/336
f 327/358/336 249/394/372 250/356/334
f 213/395/373 212/396/374 47/397/375
f 47/397/375 212/396/374 211/398/376
f 47/397/375 211/398/376 210/399/377
f 210/399/377 209/400/378 47/397/375
f 47/397/375 209/400/378 208/401/379
f 47/397/375 208/401/379 281/402/380
f 281/402/380 208/401/379 280/403/381
f 280/403/381 208/401/379 279/404/382
f 279/404/382 208/401/379 278/405/383
f 278/405/383 208/401/379 277/406/384
f 277/406/384 208/401/379 276/407/385
f 276/407/385 208/401/379 224/408/386
f 276/407/385 224/408/386 318/409/387
f 318/409/387 224/408/386 317/410/388
f 317/410/388 224/408/386 316/411/389
f 316/411/389 224/408/386 315/412/390
f 315/412/390 224/408/386 314/413/391
f 314/413/391 224/408/386 339/414/392
f 339/414/392 224/408/386 254/415/393
f 339/414/392 254/415/393 338/416/394
f 338/416/394 254/415/393 255/417/395
f 338/416/394 255/417/395 337/418/396
f 337/418/396 255/417/395 256/419/397
f 337/418/396 256/419/397 257/420/398
f 257/420/398 258/421/399 337/418/396
f 337/418/396 258/421/399 259/386/364
f 337/418/396 259/386/364 336/422/400
f 336/422/400 259/386/364 335/423/401
f 335/423/401 259/386/364 334/424/402
f 334/424/402 259/386/364 333/425/403
f 333/425/403 259/386/364 332/385/363
f 229/426/404 44/427/405 230/363/341
f 230/363/341 44/427/405 312/428/406
f 230/363/341 312/428/406 313/429/407
f 229/426/404 228/430/408 44/427/405
f 44/427/405 228/430/408 227/431/409
f 44/427/405 227/431/409 226/432/410
f 226/432/410 225/433/411 44/427/405
f 43/355/333 307/434/412 44/427/405
f 44/427/405 307/434/412 308/435/413
f 44/427/405 308/435/413 309/436/414
f 32/437/415 269/438/416 43/355/333
f 43/355/333 269/438/416 270/439/417
f 43/355/333 270/439/417 324/440/418
f 324/440/418 270/439/417 271/441/419
f 324/440/418 271/441/419 323/442/420
f 323/442/420 271/441/419 272/443/421
f 323/442/420 272/443/421 322/444/422
f 322/444/422 272/443/421 273/445/423
f 322/444/422 273/445/423 321/446/424
f 321/446/424 273/445/423 274/447/425
f 321/446/424 274/447/425 320/448/426
f 320/448/426 274/447/425 275/449/427
f 320/448/426 275/449/427 319/450/428
f 319/450/428 275/449/427 276/407/385
f 319/450/428 276/407/385 318/409/387
f 47/397/375 285/451/429 32/437/415
f 32/437/415 285/451/429 286/452/430
f 32/437/415 286/452/430 287/453/431
f 289/454/432 266/455/433 32/437/415
f 32/437/415 266/455/433 267/456/434
f 32/437/415 267/456/434 268/457/435
f 268/457/435 269/438/416 32/437/415
f 281/402/380 282/458/436 47/397/375
f 47/397/375 282/458/436 283/459/437
f 47/397/375 283/459/437 284/460/438
f 284/460/438 285/451/429 47/397/375
f 287/453/431 288/461/439 32/437/415
f 32/437/415 288/461/439 289/454/432
f 313/429/407 290/462/440 230/363/341
f 230/363/341 290/462/440 291/463/441
f 230/363/341 291/463/441 292/464/442
f 292/464/442 293/361/339 230/363/341
f 298/353/331 299/465/443 43/355/333
f 43/355/333 299/465/443 300/466/444
f 43/355/333 300/466/444 301/467/445
f 301/467/445 302/468/446 43/355/333
f 43/355/333 302/468/446 303/469/447
f 43/355/333 303/469/447 304/470/448
f 304/470/448 305/471/449 43/355/333
f 43/355/333 305/471/449 306/472/450
f 43/355/333 306/472/450 307/434/412
f 309/436/414 310/473/451 44/427/405
f 44/427/405 310/473/451 311/474/452
f 44/427/405 311/474/452 312/428/406
f 324/440/418 325/475/453 43/355/333
f 43/355/333 325/475/453 326/357/335
f 260/476/454 110/477/455 261/478/456
f 261/478/456 110/477/455 109/479/457
f 261/478/456 109/479/457 262/480/458
f 262/480/458 109/479/457 108/481/459
f 262/480/458 108/481/459 263/482/460
f 263/482/460 108/481/459 107/483/461
f 263/482/460 107/483/461 264/484/462
f 264/484/462 107/483/461 106/485/463
f 264/484/462 106/485/463 265/486/464
f 265/486/464 106/485/463 105/487/465
f 265/486/464 105/487/465 241/488/322
f 241/488/322 105/487/465 104/489/323
f 260/490/454 259/491/466 110/492/455
f 110/492/455 259/491/466 111/493/467
f 224/494/299 117/495/298 254/496/468
f 254/496/468 117/495/298 116/497/469
f 254/496/468 116/497/469 255/498/470
f 255/498/470 116/497/469 115/499/471
f 255/498/470 115/499/471 256/500/472
f 256/500/472 115/499/471 114/501/473
f 256/500/472 114/501/473 257/502/474
f 257/502/474 114/501/473 113/503/475
f 257/502/474 113/503/475 258/504/476
f 258/504/476 113/503/475 112/505/477
f 258/504/476 112/505/477 259/506/466
f 259/506/466 112/505/477 111/507/467
f 314/508/478 131/509/479 315/510/480
f 315/510/480 131/509/479 130/511/481
f 315/510/480 130/511/481 316/512/482
f 316/512/482 130/511/481 129/513/483
f 316/512/482 129/513/483 317/514/484
f 317/514/484 129/513/483 128/515/485
f 317/514/484 128/515/485 318/516/486
f 318/516/486 128/515/485 127/517/487
f 318/516/486 127/517/487 319/518/488
f 319/518/488 127/517/487 126/519/489
f 319/518/488 126/519/489 320/520/490
f 320/520/490 126/519/489 125/521/491
f 320/520/490 125/521/491 321/522/492
f 321/522/492 125/521/491 124/523/493
f 321/522/492 124/523/493 322/524/494
f 322/524/494 124/523/493 123/525/495
f 322/524/494 123/525/495 323/526/496
f 323/526/496 123/525/495 122/527/497
f 323/526/496 122/527/497 324/528/498
f 324/528/498 122/527/497 121/529/499
f 324/528/498 121/529/499 325/530/500
f 325/530/500 121/529/499 120/531/501
f 325/530/500 120/531/501 326/532/502
f 326/532/502 120/531/501 119/533/503
f 326/532/502 119/533/503 327/534/504
f 327/534/504 119/533/503 118/535/505
f 167/536/506 267/537/507 144/538/508
f 144/538/508 267/537/507 266/539/509
f 144/540/508 266/541/509 145/542/510
f 145/542/510 266/541/509 289/543/511
f 145/542/510 289/543/511 146/544/512
f 146/544/512 289/543/511 288/545/513
f 146/544/512 288/545/513 147/546/514
f 147/546/514 288/545/513 287/547/515
f 147/546/514 287/547/515 148/548/516
f 148/548/516 287/547/515 286/549/517
f 148/548/516 286/549/517 149/550/518
f 149/550/518 286/549/517 285/551/519
f 149/550/518 285/551/519 150/552/520
f 150/552/520 285/551/519 284/553/521
f 150/552/520 284/553/521 151/554/522
f 151/554/522 284/553/521 283/555/523
f 151/554/522 283/555/523 152/556/524
f 152/556/524 283/555/523 282/557/525
f 152/556/524 282/557/525 153/558/526
f 153/558/526 282/557/525 281/559/527
f 153/558/526 281/559/527 154/560/528
f 154/560/528 281/559/527 280/561/529
f 154/560/528 280/561/529 155/562/530
f 155/562/530 280/561/529 279/563/531
f 155/562/530 279/563/531 156/564/532
f 156/564/532 279/563/531 278/565/533
f 156/564/532 278/565/533 157/566/534
f 157/566/534 278/565/533 277/567/535
f 157/566/534 277/567/535 158/568/536
f 158/568/536 277/567/535 276/569/537
f 158/568/536 276/569/537 159/570/538
f 159/570/538 276/569/537 275/571/539
f 159/570/538 275/571/539 160/572/540
f 160/572/540 275/571/539 274/573/541
f 160/572/540 274/573/541 161/574/542
f 161/574/542 274/573/541 273/575/543
f 161/574/542 273/575/543 162/576/544
f 162/576/544 273/575/543 272/577/545
f 162/576/544 272/577/545 163/578/546
f 163/578/546 272/577/545 271/579/547
f 163/578/546 271/579/547 164/580/548
f 164/580/548 271/579/547 270/581/549
f 164/580/548 270/581/549 165/582/550
f 165/582/550 270/581/549 269/583/551
f 165/582/550 269/583/551 166/584/552
f 166/584/552 269/583/551 268/585/553
f 166/584/552 268/585/553 167/536/506
f 167/536/506 268/585/553 267/537/507
f 191/586/554 291/587/555 168/588/556
f 168/588/556 291/587/555 290/589/557
f 168/590/556 290/591/557 169/592/558
f 169/592/558 290/591/557 313/593/559
f 169/592/558 313/593/559 170/594/560
f 170/594/560 313/593/559 312/595/561
f 170/594/560 312/595/561 171/596/562
f 171/596/562 312/595/561 311/597/563
f 171/596/562 311/597/563 172/598/564
f 172/598/564 311/597/563 310/599/565
f 172/598/564 310/599/565 173/600/566
f 173/600/566 310/599/565 309/601/567
f 173/600/566 309/601/567 174/602/568
f 174/602/568 309/601/567 308/603/569
f 174/602/568 308/603/569 175/604/570
f 175/604/570 308/603/569 307/605/571
f 175/604/570 307/605/571 176/606/572
f 176/606/572 307/605/571 306/607/573
f 176/606/572 306/607/573 177/608/574
f 177/608/574 306/607/573 305/609/575
f 177/608/574 305/609/575 178/610/576
f 178/610/576 305/609/575 304/611/577
f 178/610/576 304/611/577 179/612/578
f 179/612/578 304/611/577 303/613/579
f 179/612/578 303/613/579 180/614/580
f 180/614/580 303/613/579 302/615/581
f 180/614/580 302/615/581 181/616/582
f 181/616/582 302/615/581 301/617/583
f 181/616/582 301/617/583 182/618/584
f 182/618/584 301/617/583 300/619/585
f 182/618/584 300/619/585 183/620/586
f 183/620/586 300/619/585 299/621/587
f 183/620/586 299/621/587 184/622/588
f 184/622/588 299/621/587 298/623/589
f 184/622/588 298/623/589 185/624/590
f 185/624/590 298/623/589 297/625/591
f 185/624/590 297/625/591 186/626/592
f 186/626/592 297/625/591 296/627/593
f 186/626/592 296/627/593 187/628/594
f 187/628/594 296/627/593 295/629/595
f 187/628/594 295/629/595 188/630/596
f 188/630/596 295/629/595 294/631/597
f 188/630/596 294/631/597 189/632/598
f 189/632/598 294/631/597 293/633/599
f 189/632/598 293/633/599 190/634/600
f 190/634/600 293/633/599 292/635/601
f 190/634/600 292/635/601 191/586/554
f 191/586/554 292/635/601 291/587/555
f 340/636/602 341/637/603 206/638/604
f 206/638/604 341/637/603 207/639/605
f 341/640/606 342/641/607 207/642/608
f 207/642/608 342/641/607 204/643/609
f 24/644/610 343/645/611 62/646/612
f 62/646/612 343/645/611 340/647/613
f 62/646/612 340/647/613 63/648/614
f 63/648/614 340/647/613 23/649/615
f 23/649/615 340/647/613 206/650/616
f 23/649/615 206/650/616 24/644/610
f 24/644/610 206/650/616 205/651/617
f 24/644/610 205/651/617 343/645/611
f 342/652/618 343/653/619 204/654/620
f 204/654/620 343/653/619 205/655/621
f 131/656/622 314/657/623 132/658/624
f 132/658/624 314/657/623 339/659/625
f 132/658/624 339/659/625 133/660/626
f 133/660/626 339/659/625 338/661/627
f 133/660/626 338/661/627 134/662/628
f 134/662/628 338/661/627 337/663/629
f 134/662/628 337/663/629 135/664/630
f 135/664/630 337/663/629 336/665/631
f 135/664/630 336/665/631 136/666/632
f 136/666/632 336/665/631 335/667/633
f 136/666/632 335/667/633 137/668/634
f 137/668/634 335/667/633 334/669/635
f 137/668/634 334/669/635 138/670/636
f 138/670/636 334/669/635 333/671/637
f 138/670/636 333/671/637 139/672/638
f 139/672/638 333/671/637 332/673/639
f 139/672/638 332/673/639 140/674/640
f 140/674/640 332/673/639 331/675/641
f 140/674/640 331/675/641 141/676/642
f 141/676/642 331/675/641 330/677/643
f 141/676/642 330/677/643 142/678/644
f 142/678/644 330/677/643 329/679/645
f 142/678/644 329/679/645 143/680/646
f 143/680/646 329/679/645 328/681/647
f 143/680/646 328/681/647 118/682/648
f 118/682/648 328/681/647 327/683/649
f 64/684/650 91/685/651 242/686/652
f 242/686/652 91/685/651 203/687/653
f 242/686/652 203/687/653 202/688/654
f 242/686/652 202/688/654 243/689/655
f 243/689/655 202/688/654 201/690/656
f 243/689/655 201/690/656 244/691/657
f 244/691/657 201/690/656 200/692/658
f 244/691/657 200/692/658 245/693/659
f 245/693/659 200/692/658 199/694/660
f 245/693/659 199/694/660 246/695/661
f 246/695/661 199/694/660 198/696/662
f 246/695/661 198/696/662 247/697/663
f 247/697/663 198/696/662 197/698/664
f 247/697/663 197/698/664 248/699/665
f 248/699/665 197/698/664 196/700/666
f 248/699/665 196/700/666 249/701/667
f 249/701/667 196/700/666 195/702/668
f 249/701/667 195/702/668 250/703/669
f 250/703/669 195/702/668 194/704/670
f 250/703/669 194/704/670 251/705/671
f 251/705/671 194/704/670 193/706/672
f 251/705/671 193/706/672 252/707/673
f 252/707/673 193/706/672 192/708/674
f 252/707/673 192/708/674 253/709/675
f 253/709/675 192/708/674 77/710/676
f 77/710/676 192/708/674 78/711/677
f 342/712/678 341/713/679 343/714/680
f 343/714/680 341/713/679 340/715/681
g Body3

v 12.835524 0.520905 1.100000
v 12.818226 0.490509 1.099518
v 12.805677 0.457852 1.098591
v 12.798049 0.423907 1.097708
v 12.795478 0.389679 1.097315
v 12.798052 0.355451 1.097708
v 12.805682 0.321506 1.098591
v 12.818234 0.288850 1.099518
v 12.835534 0.258456 1.100000
v 12.874925 0.213539 1.100000
v 12.924370 0.180007 1.100000
v 12.980672 0.160026 1.100000
v 13.040193 0.154889 1.100000
v 13.099087 0.164926 1.100000
v 13.153546 0.189490 1.100000
v 13.200051 0.226992 1.100000
v 13.235597 0.275010 1.100000
v 13.257886 0.330439 1.100000
v 13.265478 0.389697 1.100000
v 13.257881 0.448955 1.100000
v 13.235588 0.504382 1.100000
v 13.200039 0.552397 1.100000
v 13.153530 0.589895 1.100000
v 13.099069 0.614455 1.100000
v 13.040175 0.624488 1.100000
v 12.980654 0.619345 1.100000
v 12.924353 0.599360 1.100000
v 12.874911 0.565824 1.100000
v 12.795478 0.389688 0.800000
v 12.803485 0.450510 0.800000
v 12.826962 0.507188 0.800000
v 12.864308 0.555858 0.800000
v 12.912978 0.593204 0.800000
v 12.969655 0.616680 0.800000
v 13.030478 0.624688 0.800000
v 13.091300 0.616680 0.800000
v 13.147978 0.593204 0.800000
v 13.196648 0.555858 0.800000
v 13.233994 0.507188 0.800000
v 13.257470 0.450510 0.800000
v 13.265478 0.389688 0.800000
v 13.257470 0.328865 0.800000
v 13.233994 0.272188 0.800000
v 13.196648 0.223518 0.800000
v 13.147978 0.186172 0.800000
v 13.091300 0.162695 0.800000
v 13.030478 0.154688 0.800000
v 12.969655 0.162695 0.800000
v 12.912978 0.186172 0.800000
v 12.864308 0.223518 0.800000
v 12.826962 0.272188 0.800000
v 12.803485 0.328865 0.800000
v 14.688040 2.463487 1.100000
v 14.689744 2.476428 1.100000
v 14.694739 2.488487 1.100000
v 14.702685 2.498842 1.100000
v 14.713040 2.506788 1.100000
v 14.725099 2.511783 1.100000
v 14.738040 2.513487 1.100000
v 16.038040 2.513487 1.100000
v 16.050981 2.511783 1.100000
v 16.063040 2.506788 1.100000
v 16.073395 2.498842 1.100000
v 16.081341 2.488487 1.100000
v 16.086336 2.476428 1.100000
v 16.088040 2.463487 1.100000
v 16.088040 1.163487 1.100000
v 16.086336 1.150546 1.100000
v 16.081341 1.138487 1.100000
v 16.073395 1.128131 1.100000
v 16.063040 1.120186 1.100000
v 16.050981 1.115190 1.100000
v 16.038040 1.113487 1.100000
v 14.738040 1.113487 1.100000
v 14.725099 1.115190 1.100000
v 14.713040 1.120186 1.100000
v 14.702685 1.128131 1.100000
v 14.694739 1.138487 1.100000
v 14.689744 1.150546 1.100000
v 14.688040 1.163487 1.100000
v 18.498040 2.463487 1.100000
v 18.499744 2.476428 1.100000
v 18.504739 2.488487 1.100000
v 18.512685 2.498842 1.100000
v 18.523040 2.506788 1.100000
v 18.535099 2.511783 1.100000
v 18.548040 2.513487 1.100000
v 19.848040 2.513487 1.100000
v 19.860981 2.511783 1.100000
v 19.873040 2.506788 1.100000
v 19.883395 2.498842 1.100000
v 19.891341 2.488487 1.100000
v 19.896336 2.476428 1.100000
v 19.898040 2.463487 1.100000
v 19.898040 1.163487 1.100000
v 19.896336 1.150546 1.100000
v 19.891341 1.138487 1.100000
v 19.883395 1.128131 1.100000
v 19.873040 1.120186 1.100000
v 19.860981 1.115190 1.100000
v 19.848040 1.113487 1.100000
v 18.548040 1.113487 1.100000
v 18.535099 1.115190 1.100000
v 18.523040 1.120186 1.100000
v 18.512685 1.128131 1.100000
v 18.504739 1.138487 1.100000
v 18.499744 1.150546 1.100000
v 18.498040 1.163487 1.100000
v 20.403040 2.463487 1.100000
v 20.404744 2.476428 1.100000
v 20.409739 2.488487 1.100000
v 20.417685 2.498842 1.100000
v 20.428040 2.506788 1.100000
v 20.440099 2.511783 1.100000
v 20.453040 2.513487 1.100000
v 21.753040 2.513487 1.100000
v 21.765981 2.511783 1.100000
v 21.778040 2.506788 1.100000
v 21.788395 2.498842 1.100000
v 21.796341 2.488487 1.100000
v 21.801336 2.476428 1.100000
v 21.803040 2.463487 1.100000
v 21.803040 1.163487 1.100000
v 21.801336 1.150546 1.100000
v 21.796341 1.138487 1.100000
v 21.788395 1.128131 1.100000
v 21.778040 1.120186 1.100000
v 21.765981 1.115190 1.100000
v 21.753040 1.113487 1.100000
v 20.453040 1.113487 1.100000
v 20.440099 1.115190 1.100000
v 20.428040 1.120186 1.100000
v 20.417685 1.128131 1.100000
v 20.409739 1.138487 1.100000
v 20.404744 1.150546 1.100000
v 20.403040 1.163487 1.100000
v 16.593040 2.463487 1.100000
v 16.594744 2.476428 1.100000
v 16.599739 2.488487 1.100000
v 16.607685 2.498842 1.100000
v 16.618040 2.506788 1.100000
v 16.630099 2.511783 1.100000
v 16.643040 2.513487 1.100000
v 17.943040 2.513487 1.100000
v 17.955981 2.511783 1.100000
v 17.968040 2.506788 1.100000
v 17.978395 2.498842 1.100000
v 17.986341 2.488487 1.100000
v 17.991336 2.476428 1.100000
v 17.993040 2.463487 1.100000
v 17.993040 1.163487 1.100000
v 17.991336 1.150546 1.100000
v 17.986341 1.138487 1.100000
v 17.978395 1.128131 1.100000
v 17.968040 1.120186 1.100000
v 17.955981 1.115190 1.100000
v 17.943040 1.113487 1.100000
v 16.643040 1.113487 1.100000
v 16.630099 1.115190 1.100000
v 16.618040 1.120186 1.100000
v 16.607685 1.128131 1.100000
v 16.599739 1.138487 1.100000
v 16.594744 1.150546 1.100000
v 16.593040 1.163487 1.100000
v 12.835540 0.111168 1.100000
v 23.655540 0.111168 1.100000
v 23.655536 0.210969 1.100000
v 23.602282 0.182315 1.100000
v 23.543479 0.168200 1.100000
v 23.483021 0.169559 1.100000
v 23.424911 0.186301 1.100000
v 23.372998 0.217318 1.100000
v 23.330719 0.260556 1.100000
v 23.300874 0.313151 1.100000
v 23.285439 0.371622 1.100000
v 23.285437 0.432095 1.100000
v 23.300867 0.490567 1.100000
v 23.330708 0.543165 1.100000
v 23.372984 0.586406 1.100000
v 23.424894 0.617427 1.100000
v 23.483003 0.634173 1.100000
v 23.543461 0.635536 1.100000
v 23.602265 0.621426 1.100000
v 23.655521 0.592776 1.100000
v 23.655376 4.301610 1.100000
v 21.803040 4.301610 1.100000
v 21.803040 3.068487 1.100000
v 21.801336 3.055546 1.100000
v 21.796341 3.043487 1.100000
v 21.788395 3.033131 1.100000
v 21.778040 3.025186 1.100000
v 21.765981 3.020190 1.100000
v 21.753040 3.018487 1.100000
v 20.453040 3.018487 1.100000
v 20.440099 3.020190 1.100000
v 20.428040 3.025186 1.100000
v 20.417685 3.033131 1.100000
v 20.409739 3.043487 1.100000
v 20.404744 3.055546 1.100000
v 20.403040 3.068487 1.100000
v 20.403040 4.301610 1.100000
v 19.898040 4.301610 1.100000
v 19.898040 3.068487 1.100000
v 19.896336 3.055546 1.100000
v 19.891341 3.043487 1.100000
v 19.883395 3.033131 1.100000
v 19.873040 3.025186 1.100000
v 19.860981 3.020190 1.100000
v 19.848040 3.018487 1.100000
v 18.548040 3.018487 1.100000
v 18.535099 3.020190 1.100000
v 18.523040 3.025186 1.100000
v 18.512685 3.033131 1.100000
v 18.504739 3.043487 1.100000
v 18.499744 3.055546 1.100000
v 18.498040 3.068487 1.100000
v 18.498040 4.301610 1.100000
v 17.993040 4.301610 1.100000
v 17.993040 3.068487 1.100000
v 17.991336 3.055546 1.100000
v 17.986341 3.043487 1.100000
v 17.978395 3.033131 1.100000
v 17.968040 3.025186 1.100000
v 17.955981 3.020190 1.100000
v 17.943040 3.018487 1.100000
v 16.643040 3.018487 1.100000
v 16.630099 3.020190 1.100000
v 16.618040 3.025186 1.100000
v 16.607685 3.033131 1.100000
v 16.599739 3.043487 1.100000
v 16.594744 3.055546 1.100000
v 16.593040 3.068487 1.100000
v 16.593040 4.301610 1.100000
v 16.088040 4.301610 1.100000
v 16.088040 3.068487 1.100000
v 16.086336 3.055546 1.100000
v 16.081341 3.043487 1.100000
v 16.073395 3.033131 1.100000
v 16.063040 3.025186 1.100000
v 16.050981 3.020190 1.100000
v 16.038040 3.018487 1.100000
v 14.738040 3.018487 1.100000
v 14.725099 3.020190 1.100000
v 14.713040 3.025186 1.100000
v 14.702685 3.033131 1.100000
v 14.694739 3.043487 1.100000
v 14.689744 3.055546 1.100000
v 14.688040 3.068487 1.100000
v 14.688040 4.301610 1.100000
v 12.835376 4.301610 1.100000
v 23.825354 8.533278 0.900000
v 23.851237 8.529872 0.900000
v 23.875356 8.519882 0.900000
v 23.896067 8.503990 0.900000
v 23.911960 8.483280 0.900000
v 23.921950 8.459161 0.900000
v 23.925358 8.433278 0.900000
v 23.925358 8.433278 0.600000
v 23.921950 8.459161 0.600000
v 23.911960 8.483280 0.600000
v 23.896067 8.503990 0.600000
v 23.875356 8.519882 0.600000
v 23.851237 8.529872 0.600000
v 23.825354 8.533278 0.600000
v 23.265255 8.231400 0.900000
v 23.273263 8.292223 0.900000
v 23.296739 8.348900 0.900000
v 23.334085 8.397571 0.900000
v 23.382755 8.434916 0.900000
v 23.439433 8.458393 0.900000
v 23.500255 8.466400 0.900000
v 23.561078 8.458393 0.900000
v 23.617755 8.434916 0.900000
v 23.666425 8.397571 0.900000
v 23.703771 8.348900 0.900000
v 23.727248 8.292223 0.900000
v 23.735255 8.231400 0.900000
v 23.727248 8.170578 0.900000
v 23.703771 8.113900 0.900000
v 23.666425 8.065230 0.900000
v 23.617755 8.027885 0.900000
v 23.561078 8.004408 0.900000
v 23.500255 7.996400 0.900000
v 23.439433 8.004408 0.900000
v 23.382755 8.027885 0.900000
v 23.334085 8.065230 0.900000
v 23.296739 8.113900 0.900000
v 23.273263 8.170578 0.900000
v 12.743664 8.257118 0.900000
v 12.751671 8.317940 0.900000
v 12.775148 8.374618 0.900000
v 12.812494 8.423288 0.900000
v 12.861164 8.460634 0.900000
v 12.917842 8.484110 0.900000
v 12.978664 8.492118 0.900000
v 13.039487 8.484110 0.900000
v 13.096164 8.460634 0.900000
v 13.144834 8.423288 0.900000
v 13.182180 8.374618 0.900000
v 13.205657 8.317940 0.900000
v 13.213664 8.257118 0.900000
v 13.205657 8.196295 0.900000
v 13.182180 8.139618 0.900000
v 13.144834 8.090948 0.900000
v 13.096164 8.053602 0.900000
v 13.039487 8.030125 0.900000
v 12.978664 8.022118 0.900000
v 12.917842 8.030125 0.900000
v 12.861164 8.053602 0.900000
v 12.812494 8.090948 0.900000
v 12.775148 8.139618 0.900000
v 12.751671 8.196295 0.900000
v 19.605540 5.570987 0.900000
v 18.305540 5.570987 0.900000
v 18.305540 6.870987 0.900000
v 19.605540 6.870987 0.900000
v 17.718672 5.620263 0.900000
v 13.828551 5.620263 0.900000
v 13.828551 6.918331 0.900000
v 17.718672 6.918331 0.900000
v 12.605354 8.532871 0.900000
v 12.579473 8.529463 0.900000
v 12.555356 8.519473 0.900000
v 12.534646 8.503581 0.900000
v 12.518755 8.482870 0.900000
v 12.508765 8.458753 0.900000
v 12.505358 8.432871 0.900000
v 12.505358 4.759868 0.900000
v 12.505358 4.659868 0.900000
v 12.508765 4.633986 0.900000
v 12.518755 4.609868 0.900000
v 12.534647 4.589157 0.900000
v 12.555358 4.573265 0.900000
v 12.579476 4.563275 0.900000
v 12.605358 4.559868 0.900000
v 12.608120 4.559868 0.900000
v 12.653369 4.621407 0.900000
v 12.705951 4.664255 0.900000
v 12.736051 4.680251 0.900000
v 12.768038 4.692001 0.900000
v 12.801374 4.699192 0.900000
v 12.835370 4.701610 0.900000
v 23.655370 4.701610 0.900000
v 23.688444 4.699322 0.900000
v 23.720812 4.692542 0.900000
v 23.752091 4.681396 0.900000
v 23.781566 4.666223 0.900000
v 23.833658 4.625220 0.900000
v 23.874849 4.572973 0.900000
v 23.891922 4.585240 0.900000
v 23.906052 4.600805 0.900000
v 23.916617 4.618980 0.900000
v 23.923148 4.638962 0.900000
v 23.925358 4.659868 0.900000
v 12.605354 8.532871 0.600000
v 12.579473 8.529463 0.600000
v 12.555356 8.519473 0.600000
v 12.534646 8.503581 0.600000
v 12.518755 8.482870 0.600000
v 12.508765 8.458753 0.600000
v 12.505358 8.432871 0.600000
v 12.566423 4.567759 0.800000
v 12.583850 4.562212 0.853448
v 12.605358 4.559868 0.895697
v 12.505358 4.659868 0.600000
v 12.508765 4.633986 0.600000
v 12.518755 4.609868 0.600000
v 12.534647 4.589157 0.600000
v 12.555358 4.573265 0.600000
v 12.579476 4.563275 0.600000
v 12.605358 4.559868 0.600000
v 12.605358 4.559868 0.800000
v 12.592066 4.560755 0.800000
v 12.579011 4.563401 0.800000
v 23.925358 4.659868 0.600000
v 23.921951 4.633986 0.600000
v 23.911961 4.609868 0.600000
v 23.896069 4.589157 0.600000
v 23.875358 4.573265 0.600000
v 23.851240 4.563275 0.600000
v 23.825358 4.559868 0.600000
v 12.505358 4.759868 0.600000
v 13.828551 5.620263 0.600000
v 17.718672 5.620263 0.600000
v 17.718672 6.918331 0.600000
v 13.828551 6.918331 0.600000
v 18.305540 5.570987 0.600000
v 19.605540 5.570987 0.600000
v 19.605540 6.870987 0.600000
v 18.305540 6.870987 0.600000
v 12.743664 8.257118 0.600000
v 12.751671 8.196295 0.600000
v 12.775148 8.139618 0.600000
v 12.812494 8.090948 0.600000
v 12.861164 8.053602 0.600000
v 12.917842 8.030125 0.600000
v 12.978664 8.022118 0.600000
v 13.039487 8.030125 0.600000
v 13.096164 8.053602 0.600000
v 13.144834 8.090948 0.600000
v 13.182180 8.139618 0.600000
v 13.205657 8.196295 0.600000
v 13.213664 8.257118 0.600000
v 13.205657 8.317940 0.600000
v 13.182180 8.374618 0.600000
v 13.144834 8.423288 0.600000
v 13.096164 8.460634 0.600000
v 13.039487 8.484110 0.600000
v 12.978664 8.492118 0.600000
v 12.917842 8.484110 0.600000
v 12.861164 8.460634 0.600000
v 12.812494 8.423288 0.600000
v 12.775148 8.374618 0.600000
v 12.751671 8.317940 0.600000
v 23.265255 8.231400 0.600000
v 23.273263 8.170578 0.600000
v 23.296739 8.113900 0.600000
v 23.334085 8.065230 0.600000
v 23.382755 8.027885 0.600000
v 23.439433 8.004408 0.600000
v 23.500255 7.996400 0.600000
v 23.561078 8.004408 0.600000
v 23.617755 8.027885 0.600000
v 23.666425 8.065230 0.600000
v 23.703771 8.113900 0.600000
v 23.727248 8.170578 0.600000
v 23.735255 8.231400 0.600000
v 23.727248 8.292223 0.600000
v 23.703771 8.348900 0.600000
v 23.666425 8.397571 0.600000
v 23.617755 8.434916 0.600000
v 23.561078 8.458393 0.600000
v 23.500255 8.466400 0.600000
v 23.439433 8.458393 0.600000
v 23.382755 8.434916 0.600000
v 23.334085 8.397571 0.600000
v 23.296739 8.348900 0.600000
v 23.273263 8.292223 0.600000
v 23.825358 4.559868 0.800000
v 23.907861 4.603359 0.800000
v 23.891873 4.585197 0.800000
v 23.871990 4.571406 0.800000
v 23.849377 4.562795 0.800000
v 23.894103 4.587241 0.853171
v 12.835371 4.621971 0.983856
v 12.835372 4.525189 1.047165
v 12.835374 4.416486 1.086619
v 14.688040 4.323962 1.099500
v 14.688040 4.346269 1.098002
v 14.688040 4.368487 1.095507
v 14.688982 4.378078 1.094116
v 14.691823 4.387567 1.092556
v 14.696502 4.396295 1.090952
v 14.702599 4.403757 1.089455
v 14.710034 4.409891 1.088134
v 14.718794 4.414634 1.087058
v 14.728359 4.417527 1.086379
v 14.738040 4.418487 1.086148
v 16.038040 4.418487 1.086148
v 16.047721 4.417527 1.086379
v 16.057286 4.414634 1.087058
v 16.066046 4.409891 1.088134
v 16.073480 4.403757 1.089455
v 16.079578 4.396295 1.090952
v 16.084256 4.387567 1.092556
v 16.087098 4.378078 1.094116
v 16.088040 4.368487 1.095507
v 16.088040 4.346269 1.098002
v 16.088040 4.323962 1.099500
v 16.593040 4.323962 1.099500
v 16.593040 4.346269 1.098002
v 16.593040 4.368487 1.095507
v 16.593982 4.378078 1.094116
v 16.596823 4.387567 1.092556
v 16.601502 4.396295 1.090952
v 16.607599 4.403757 1.089455
v 16.615034 4.409891 1.088134
v 16.623794 4.414634 1.087058
v 16.633359 4.417527 1.086379
v 16.643040 4.418487 1.086148
v 17.943040 4.418487 1.086148
v 17.952721 4.417527 1.086379
v 17.962286 4.414634 1.087058
v 17.971046 4.409891 1.088134
v 17.978480 4.403757 1.089455
v 17.984578 4.396295 1.090952
v 17.989256 4.387567 1.092556
v 17.992098 4.378078 1.094116
v 17.993040 4.368487 1.095507
v 17.993040 4.346269 1.098002
v 17.993040 4.323962 1.099500
v 18.498040 4.323962 1.099500
v 18.498040 4.346269 1.098002
v 18.498040 4.368487 1.095507
v 18.498982 4.378078 1.094116
v 18.501823 4.387567 1.092556
v 18.506502 4.396295 1.090952
v 18.512599 4.403757 1.089455
v 18.520034 4.409891 1.088134
v 18.528794 4.414634 1.087058
v 18.538359 4.417527 1.086379
v 18.548040 4.418487 1.086148
v 19.848040 4.418487 1.086148
v 19.857721 4.417527 1.086379
v 19.867286 4.414634 1.087058
v 19.876046 4.409891 1.088134
v 19.883480 4.403757 1.089455
v 19.889578 4.396295 1.090952
v 19.894256 4.387567 1.092556
v 19.897098 4.378078 1.094116
v 19.898040 4.368487 1.095507
v 19.898040 4.346269 1.098002
v 19.898040 4.323962 1.099500
v 20.403040 4.323962 1.099500
v 20.403040 4.346269 1.098002
v 20.403040 4.368487 1.095507
v 20.403982 4.378078 1.094116
v 20.406823 4.387567 1.092556
v 20.411502 4.396295 1.090952
v 20.417599 4.403757 1.089455
v 20.425034 4.409891 1.088134
v 20.433794 4.414634 1.087058
v 20.443359 4.417527 1.086379
v 20.453040 4.418487 1.086148
v 21.753040 4.418487 1.086148
v 21.762721 4.417527 1.086379
v 21.772286 4.414634 1.087058
v 21.781046 4.409891 1.088134
v 21.788480 4.403757 1.089455
v 21.794578 4.396295 1.090952
v 21.799256 4.387567 1.092556
v 21.802098 4.378078 1.094116
v 21.803040 4.368487 1.095507
v 21.803040 4.346269 1.098002
v 21.803040 4.323962 1.099500
v 23.655374 4.416486 1.086619
v 23.655372 4.525189 1.047165
v 23.655371 4.621971 0.983856
v 14.999371 4.621986 0.983874
v 17.163372 4.621986 0.983874
v 19.327373 4.621986 0.983874
v 21.491375 4.621986 0.983874
v 14.999371 4.525214 1.047215
v 17.163372 4.525214 1.047215
v 19.327373 4.525214 1.047215
v 21.491375 4.525214 1.047215
v 12.563412 4.559868 0.800000
v 12.544697 4.489190 0.800000
v 12.537306 4.423104 0.800000
v 12.535376 4.301598 0.800000
v 12.545598 4.301599 0.877646
v 12.575568 4.301600 0.950000
v 12.623244 4.301602 1.012132
v 12.685376 4.301604 1.059808
v 12.757730 4.301607 1.089778
v 12.542984 4.362957 0.859918
v 12.542980 4.472714 0.805030
v 12.555181 4.498437 0.835850
v 12.572888 4.522808 0.865051
v 12.595727 4.545365 0.892078
v 12.623236 4.565666 0.916401
v 12.660692 4.586009 0.940774
v 12.700538 4.601455 0.959280
v 12.743631 4.612756 0.972819
v 12.788943 4.619643 0.981069
v 12.542982 4.421019 0.838845
v 12.555183 4.438971 0.874748
v 12.572891 4.455980 0.908765
v 12.595729 4.471723 0.940249
v 12.623238 4.485891 0.968584
v 12.660695 4.500088 0.996977
v 12.700540 4.510869 1.018535
v 12.743633 4.518756 1.034307
v 12.788945 4.523564 1.043918
v 12.788947 4.415650 1.083085
v 12.743635 4.413179 1.072626
v 12.700543 4.409125 1.055463
v 12.660697 4.403585 1.032002
v 12.623241 4.396290 1.001104
v 12.595732 4.389010 0.970269
v 12.572893 4.380921 0.936007
v 12.555185 4.372181 0.898989
v 23.283485 0.401867 0.800000
v 23.291492 0.341045 0.800000
v 23.314969 0.284367 0.800000
v 23.352315 0.235697 0.800000
v 23.400985 0.198351 0.800000
v 23.457662 0.174875 0.800000
v 23.518485 0.166867 0.800000
v 23.579307 0.174875 0.800000
v 23.635985 0.198351 0.800000
v 23.684655 0.235697 0.800000
v 23.722001 0.284367 0.800000
v 23.745477 0.341045 0.800000
v 23.753485 0.401867 0.800000
v 23.745477 0.462690 0.800000
v 23.722001 0.519367 0.800000
v 23.684655 0.568037 0.800000
v 23.635985 0.605383 0.800000
v 23.579307 0.628860 0.800000
v 23.518485 0.636867 0.800000
v 23.457662 0.628860 0.800000
v 23.400985 0.605383 0.800000
v 23.352315 0.568037 0.800000
v 23.314969 0.519367 0.800000
v 23.291492 0.462690 0.800000
v 16.643040 2.513487 0.800000
v 16.630099 2.511783 0.800000
v 16.618040 2.506788 0.800000
v 16.607685 2.498842 0.800000
v 16.599739 2.488487 0.800000
v 16.594744 2.476428 0.800000
v 16.593040 2.463487 0.800000
v 16.593040 1.163487 0.800000
v 16.594744 1.150546 0.800000
v 16.599739 1.138487 0.800000
v 16.607685 1.128131 0.800000
v 16.618040 1.120186 0.800000
v 16.630099 1.115190 0.800000
v 16.643040 1.113487 0.800000
v 17.943040 1.113487 0.800000
v 17.955981 1.115190 0.800000
v 17.968040 1.120186 0.800000
v 17.978395 1.128131 0.800000
v 17.986341 1.138487 0.800000
v 17.991336 1.150546 0.800000
v 17.993040 1.163487 0.800000
v 17.993040 2.463487 0.800000
v 17.991336 2.476428 0.800000
v 17.986341 2.488487 0.800000
v 17.978395 2.498842 0.800000
v 17.968040 2.506788 0.800000
v 17.955981 2.511783 0.800000
v 17.943040 2.513487 0.800000
v 18.548040 4.418487 0.800000
v 18.535099 4.416783 0.800000
v 18.523040 4.411788 0.800000
v 18.512685 4.403842 0.800000
v 18.504739 4.393487 0.800000
v 18.499744 4.381428 0.800000
v 18.498040 4.368487 0.800000
v 18.498040 3.068487 0.800000
v 18.499744 3.055546 0.800000
v 18.504739 3.043487 0.800000
v 18.512685 3.033131 0.800000
v 18.523040 3.025186 0.800000
v 18.535099 3.020190 0.800000
v 18.548040 3.018487 0.800000
v 19.848040 3.018487 0.800000
v 19.860981 3.020190 0.800000
v 19.873040 3.025186 0.800000
v 19.883395 3.033131 0.800000
v 19.891341 3.043487 0.800000
v 19.896336 3.055546 0.800000
v 19.898040 3.068487 0.800000
v 19.898040 4.368487 0.800000
v 19.896336 4.381428 0.800000
v 19.891341 4.393487 0.800000
v 19.883395 4.403842 0.800000
v 19.873040 4.411788 0.800000
v 19.860981 4.416783 0.800000
v 19.848040 4.418487 0.800000
v 14.738040 4.418487 0.800000
v 14.725099 4.416783 0.800000
v 14.713040 4.411788 0.800000
v 14.702685 4.403842 0.800000
v 14.694739 4.393487 0.800000
v 14.689744 4.381428 0.800000
v 14.688040 4.368487 0.800000
v 14.688040 3.068487 0.800000
v 14.689744 3.055546 0.800000
v 14.694739 3.043487 0.800000
v 14.702685 3.033131 0.800000
v 14.713040 3.025186 0.800000
v 14.725099 3.020190 0.800000
v 14.738040 3.018487 0.800000
v 16.038040 3.018487 0.800000
v 16.050981 3.020190 0.800000
v 16.063040 3.025186 0.800000
v 16.073395 3.033131 0.800000
v 16.081341 3.043487 0.800000
v 16.086336 3.055546 0.800000
v 16.088040 3.068487 0.800000
v 16.088040 4.368487 0.800000
v 16.086336 4.381428 0.800000
v 16.081341 4.393487 0.800000
v 16.073395 4.403842 0.800000
v 16.063040 4.411788 0.800000
v 16.050981 4.416783 0.800000
v 16.038040 4.418487 0.800000
v 20.453040 2.513487 0.800000
v 20.440099 2.511783 0.800000
v 20.428040 2.506788 0.800000
v 20.417685 2.498842 0.800000
v 20.409739 2.488487 0.800000
v 20.404744 2.476428 0.800000
v 20.403040 2.463487 0.800000
v 20.403040 1.163487 0.800000
v 20.404744 1.150546 0.800000
v 20.409739 1.138487 0.800000
v 20.417685 1.128131 0.800000
v 20.428040 1.120186 0.800000
v 20.440099 1.115190 0.800000
v 20.453040 1.113487 0.800000
v 21.753040 1.113487 0.800000
v 21.765981 1.115190 0.800000
v 21.778040 1.120186 0.800000
v 21.788395 1.128131 0.800000
v 21.796341 1.138487 0.800000
v 21.801336 1.150546 0.800000
v 21.803040 1.163487 0.800000
v 21.803040 2.463487 0.800000
v 21.801336 2.476428 0.800000
v 21.796341 2.488487 0.800000
v 21.788395 2.498842 0.800000
v 21.778040 2.506788 0.800000
v 21.765981 2.511783 0.800000
v 21.753040 2.513487 0.800000
v 18.548040 2.513487 0.800000
v 18.535099 2.511783 0.800000
v 18.523040 2.506788 0.800000
v 18.512685 2.498842 0.800000
v 18.504739 2.488487 0.800000
v 18.499744 2.476428 0.800000
v 18.498040 2.463487 0.800000
v 18.498040 1.163487 0.800000
v 18.499744 1.150546 0.800000
v 18.504739 1.138487 0.800000
v 18.512685 1.128131 0.800000
v 18.523040 1.120186 0.800000
v 18.535099 1.115190 0.800000
v 18.548040 1.113487 0.800000
v 19.848040 1.113487 0.800000
v 19.860981 1.115190 0.800000
v 19.873040 1.120186 0.800000
v 19.883395 1.128131 0.800000
v 19.891341 1.138487 0.800000
v 19.896336 1.150546 0.800000
v 19.898040 1.163487 0.800000
v 19.898040 2.463487 0.800000
v 19.896336 2.476428 0.800000
v 19.891341 2.488487 0.800000
v 19.883395 2.498842 0.800000
v 19.873040 2.506788 0.800000
v 19.860981 2.511783 0.800000
v 19.848040 2.513487 0.800000
v 16.643040 4.418487 0.800000
v 16.630099 4.416783 0.800000
v 16.618040 4.411788 0.800000
v 16.607685 4.403842 0.800000
v 16.599739 4.393487 0.800000
v 16.594744 4.381428 0.800000
v 16.593040 4.368487 0.800000
v 16.593040 3.068487 0.800000
v 16.594744 3.055546 0.800000
v 16.599739 3.043487 0.800000
v 16.607685 3.033131 0.800000
v 16.618040 3.025186 0.800000
v 16.630099 3.020190 0.800000
v 16.643040 3.018487 0.800000
v 17.943040 3.018487 0.800000
v 17.955981 3.020190 0.800000
v 17.968040 3.025186 0.800000
v 17.978395 3.033131 0.800000
v 17.986341 3.043487 0.800000
v 17.991336 3.055546 0.800000
v 17.993040 3.068487 0.800000
v 17.993040 4.368487 0.800000
v 17.991336 4.381428 0.800000
v 17.986341 4.393487 0.800000
v 17.978395 4.403842 0.800000
v 17.968040 4.411788 0.800000
v 17.955981 4.416783 0.800000
v 17.943040 4.418487 0.800000
v 20.453040 4.418487 0.800000
v 20.440099 4.416783 0.800000
v 20.428040 4.411788 0.800000
v 20.417685 4.403842 0.800000
v 20.409739 4.393487 0.800000
v 20.404744 4.381428 0.800000
v 20.403040 4.368487 0.800000
v 20.403040 3.068487 0.800000
v 20.404744 3.055546 0.800000
v 20.409739 3.043487 0.800000
v 20.417685 3.033131 0.800000
v 20.428040 3.025186 0.800000
v 20.440099 3.020190 0.800000
v 20.453040 3.018487 0.800000
v 21.753040 3.018487 0.800000
v 21.765981 3.020190 0.800000
v 21.778040 3.025186 0.800000
v 21.788395 3.033131 0.800000
v 21.796341 3.043487 0.800000
v 21.801336 3.055546 0.800000
v 21.803040 3.068487 0.800000
v 21.803040 4.368487 0.800000
v 21.801336 4.381428 0.800000
v 21.796341 4.393487 0.800000
v 21.788395 4.403842 0.800000
v 21.778040 4.411788 0.800000
v 21.765981 4.416783 0.800000
v 21.753040 4.418487 0.800000
v 14.738040 2.513487 0.800000
v 14.725099 2.511783 0.800000
v 14.713040 2.506788 0.800000
v 14.702685 2.498842 0.800000
v 14.694739 2.488487 0.800000
v 14.689744 2.476428 0.800000
v 14.688040 2.463487 0.800000
v 14.688040 1.163487 0.800000
v 14.689744 1.150546 0.800000
v 14.694739 1.138487 0.800000
v 14.702685 1.128131 0.800000
v 14.713040 1.120186 0.800000
v 14.725099 1.115190 0.800000
v 14.738040 1.113487 0.800000
v 16.038040 1.113487 0.800000
v 16.050981 1.115190 0.800000
v 16.063040 1.120186 0.800000
v 16.073395 1.128131 0.800000
v 16.081341 1.138487 0.800000
v 16.086336 1.150546 0.800000
v 16.088040 1.163487 0.800000
v 16.088040 2.463487 0.800000
v 16.086336 2.476428 0.800000
v 16.081341 2.488487 0.800000
v 16.073395 2.498842 0.800000
v 16.063040 2.506788 0.800000
v 16.050981 2.511783 0.800000
v 16.038040 2.513487 0.800000
v 23.925358 4.565092 0.800000
v 23.945298 4.493400 0.800000
v 23.953344 4.424668 0.800000
v 23.955376 4.301622 0.800000
v 23.955540 0.111179 0.800000
v 23.945320 0.033531 0.800000
v 23.915351 -0.038826 0.800000
v 23.867676 -0.100960 0.800000
v 23.805543 -0.148638 0.800000
v 23.733187 -0.178610 0.800000
v 23.655540 -0.188832 0.800000
v 12.835540 -0.188832 0.800000
v 12.757896 -0.178611 0.800000
v 12.685543 -0.148642 0.800000
v 12.623412 -0.100969 0.800000
v 12.575736 -0.038839 0.800000
v 12.545764 0.033512 0.800000
v 12.535540 0.111156 0.800000
v 12.545762 0.111156 0.877646
v 12.575732 0.111157 0.950000
v 12.623408 0.111159 1.012132
v 12.685540 0.111162 1.059808
v 12.757894 0.111165 1.089778
v 12.757785 2.904793 1.089778
v 12.757839 1.507979 1.089778
v 12.685430 2.904790 1.059808
v 12.685485 1.507976 1.059808
v 12.623298 2.904788 1.012132
v 12.623353 1.507973 1.012132
v 12.575623 2.904786 0.950000
v 12.575677 1.507972 0.950000
v 12.545653 2.904785 0.877646
v 12.545707 1.507970 0.877646
v 12.835540 -0.178610 0.877646
v 12.835540 -0.148640 0.950000
v 12.835540 -0.100964 1.012132
v 12.835540 -0.038832 1.059808
v 12.835540 0.033522 1.089778
v 12.759196 -0.067314 1.028727
v 12.686922 -0.044497 1.009001
v 12.624777 -0.011073 0.975032
v 12.576994 0.030682 0.929136
v 12.546830 0.077921 0.874439
v 12.546829 0.036732 0.833250
v 12.576993 -0.017965 0.880489
v 12.624776 -0.063862 0.922242
v 12.686921 -0.097832 0.955666
v 12.759195 -0.117559 0.978481
v 12.586941 -0.055112 0.823444
v 12.635571 -0.104173 0.860339
v 12.697828 -0.138559 0.893123
v 12.769469 -0.155928 0.919561
v 12.718946 -0.164083 0.825360
v 12.789365 -0.179973 0.855723
v 12.769472 -0.008394 1.067096
v 12.697830 0.018045 1.049728
v 12.635573 0.050830 1.015343
v 12.586943 0.087726 0.966284
v 12.789368 0.055443 1.091141
v 12.718950 0.085807 1.075252
v 23.655540 -0.178610 0.877646
v 23.655540 -0.148640 0.950000
v 23.655540 -0.100964 1.012132
v 23.655540 -0.038832 1.059808
v 23.655540 0.033522 1.089778
v 14.381254 0.033522 1.089778
v 15.926968 0.033522 1.089778
v 17.472682 0.033522 1.089778
v 19.018397 0.033522 1.089778
v 20.564111 0.033522 1.089778
v 22.109825 0.033522 1.089778
v 14.381254 -0.038832 1.059808
v 15.926968 -0.038832 1.059808
v 17.472682 -0.038832 1.059808
v 19.018397 -0.038832 1.059808
v 20.564111 -0.038832 1.059808
v 22.109825 -0.038832 1.059808
v 14.381254 -0.100964 1.012132
v 15.926968 -0.100964 1.012132
v 17.472682 -0.100964 1.012132
v 19.018397 -0.100964 1.012132
v 20.564111 -0.100964 1.012132
v 22.109825 -0.100964 1.012132
v 14.381254 -0.148640 0.950000
v 15.926968 -0.148640 0.950000
v 17.472682 -0.148640 0.950000
v 19.018397 -0.148640 0.950000
v 20.564111 -0.148640 0.950000
v 22.109825 -0.148640 0.950000
v 14.381254 -0.178610 0.877646
v 15.926968 -0.178610 0.877646
v 17.472682 -0.178610 0.877646
v 19.018397 -0.178610 0.877646
v 20.564111 -0.178610 0.877646
v 22.109825 -0.178610 0.877646
v 23.945317 0.111179 0.877646
v 23.915347 0.111178 0.950000
v 23.867672 0.111176 1.012132
v 23.805540 0.111173 1.059808
v 23.733185 0.111171 1.089778
v 23.834024 0.034828 1.028726
v 23.811208 -0.037448 1.009000
v 23.777783 -0.099596 0.975029
v 23.736027 -0.147380 0.929131
v 23.688786 -0.177544 0.874432
v 23.729974 -0.177544 0.833243
v 23.784674 -0.147380 0.880484
v 23.830572 -0.099596 0.922239
v 23.864543 -0.037448 0.955664
v 23.884269 0.034829 0.978480
v 23.821820 -0.137431 0.823439
v 23.870883 -0.088799 0.860336
v 23.905270 -0.026540 0.893121
v 23.922637 0.045105 0.919560
v 23.930793 -0.005420 0.825357
v 23.946682 0.065001 0.855721
v 23.775104 0.045103 1.067095
v 23.748665 -0.026541 1.049728
v 23.715880 -0.088801 1.015341
v 23.678983 -0.137432 0.966279
v 23.711266 0.064999 1.091141
v 23.680902 -0.005422 1.075252
v 23.696413 0.555336 1.097189
v 23.727509 0.509219 1.091229
v 23.746995 0.456461 1.085753
v 23.753485 0.401877 1.083557
v 23.746999 0.347291 1.085753
v 23.727517 0.294532 1.091229
v 23.696425 0.248412 1.097189
v 23.945154 4.301621 0.877646
v 23.915183 4.301620 0.950000
v 23.867508 4.301618 1.012132
v 23.805376 4.301616 1.059808
v 23.733022 4.301613 1.089778
v 23.733131 1.507985 1.089778
v 23.733076 2.904799 1.089778
v 23.805485 1.507988 1.059808
v 23.805430 2.904802 1.059808
v 23.867617 1.507990 1.012132
v 23.867562 2.904804 1.012132
v 23.915293 1.507992 0.950000
v 23.915238 2.904806 0.950000
v 23.945263 1.507993 0.877646
v 23.945208 2.904807 0.877646
v 23.947763 4.366753 0.858999
v 23.701797 4.635973 0.966847
v 23.701798 4.536380 1.037267
v 23.747109 4.531298 1.027798
v 23.790201 4.522959 1.012262
v 23.830046 4.511559 0.991026
v 23.867502 4.496544 0.963059
v 23.895012 4.481561 0.935149
v 23.917850 4.464911 0.904137
v 23.935559 4.446922 0.870630
v 23.947760 4.427935 0.835266
v 23.935556 4.508562 0.827046
v 23.917848 4.534182 0.855157
v 23.895009 4.557895 0.881174
v 23.867500 4.579235 0.904589
v 23.830044 4.600620 0.928053
v 23.790199 4.616857 0.945869
v 23.747107 4.628735 0.958903
v 23.701800 4.422667 1.081376
v 23.747112 4.420047 1.070953
v 23.790204 4.415748 1.053851
v 23.830049 4.409870 1.030472
v 23.867505 4.402129 0.999684
v 23.895014 4.394404 0.968958
v 23.917853 4.385819 0.934818
v 23.935561 4.376544 0.897931
vt -3.249518 -0.634063 0.000000
vt -2.950000 -0.615229 0.000000
vt -3.250000 -0.599056 0.000000
vt -2.950000 -0.553706 0.000000
vt -3.250000 -0.539151 0.000000
vt -2.950000 -0.492183 0.000000
vt -3.250000 -0.479247 0.000000
vt -2.950000 -0.430660 0.000000
vt -3.250000 -0.419342 0.000000
vt -2.950000 -0.369137 0.000000
vt -3.250000 -0.359437 0.000000
vt -2.950000 -0.307614 0.000000
vt -3.250000 -0.299533 0.000000
vt -2.950000 -0.246091 0.000000
vt -3.250000 -0.239628 0.000000
vt -2.950000 -0.184569 0.000000
vt -3.250000 -0.179723 0.000000
vt -2.950000 -0.123046 0.000000
vt -3.250000 -0.119819 0.000000
vt -2.950000 -0.061523 0.000000
vt -3.250000 -0.059914 0.000000
vt -2.950000 0.000000 0.000000
vt -3.250000 -0.000009 0.000000
vt -3.250000 0.059895 0.000000
vt -2.950000 0.061523 0.000000
vt -3.250000 0.119800 0.000000
vt -2.950000 0.123046 0.000000
vt -3.250000 0.179705 0.000000
vt -2.950000 0.184569 0.000000
vt -3.250000 0.239609 0.000000
vt -2.950000 0.246091 0.000000
vt -3.250000 0.299514 0.000000
vt -2.950000 0.307614 0.000000
vt -3.250000 0.359419 0.000000
vt -2.950000 0.369137 0.000000
vt -3.250000 0.419324 0.000000
vt -2.950000 0.430660 0.000000
vt -3.250000 0.479228 0.000000
vt -2.950000 0.492183 0.000000
vt -3.250000 0.539133 0.000000
vt -2.950000 0.553706 0.000000
vt -3.250000 0.599038 0.000000
vt -2.950000 0.615229 0.000000
vt -3.249518 0.634044 0.000000
vt -2.950000 0.676751 0.000000
vt -3.248591 0.669070 0.000000
vt -3.247708 0.703905 0.000000
vt -2.950000 0.738274 0.000000
vt -3.247315 0.738265 0.000000
vt -3.247708 0.772625 0.000000
vt -3.247708 -0.703924 0.000000
vt -2.950000 -0.738274 0.000000
vt -2.950000 -0.676751 0.000000
vt -3.248591 -0.669089 0.000000
vt -3.555711 0.190910 0.000000
vt -5.410079 2.016092 0.000000
vt -3.557415 0.177969 0.000000
vt -5.321101 -1.686157 0.000000
vt -5.264801 -1.666172 0.000000
vt -3.555711 0.770028 0.000000
vt -3.550716 0.202969 0.000000
vt -3.550716 0.757969 0.000000
vt -3.542770 0.213325 0.000000
vt -3.542770 0.747614 0.000000
vt -3.532415 0.739668 0.000000
vt -3.532415 0.221270 0.000000
vt -3.520356 0.734673 0.000000
vt -3.520356 0.226266 0.000000
vt -3.507415 0.732969 0.000000
vt -3.507415 0.227969 0.000000
vt -2.207415 0.227969 0.000000
vt -2.207415 0.732969 0.000000
vt -2.194474 0.226266 0.000000
vt -2.194474 0.734673 0.000000
vt -1.615356 0.226266 0.000000
vt -1.615356 0.734673 0.000000
vt -1.602415 0.732969 0.000000
vt -1.602415 0.227969 0.000000
vt -0.302415 0.227969 0.000000
vt -1.627415 0.221270 0.000000
vt -2.182415 0.221270 0.000000
vt -1.637770 0.213325 0.000000
vt -2.172059 0.213325 0.000000
vt -1.645716 0.202969 0.000000
vt -2.164113 0.202969 0.000000
vt -1.650711 0.190910 0.000000
vt -2.159118 0.190910 0.000000
vt -1.652415 0.177969 0.000000
vt -2.157415 0.177969 0.000000
vt -1.652415 -1.122031 0.000000
vt -2.157415 -1.122031 0.000000
vt -1.650711 -1.134972 0.000000
vt -2.159118 -1.134972 0.000000
vt -1.645716 -1.147031 0.000000
vt -2.164113 -1.147031 0.000000
vt -1.637770 -1.157386 0.000000
vt -2.172059 -1.157386 0.000000
vt -1.627415 -1.165332 0.000000
vt -2.182415 -1.165332 0.000000
vt -1.615356 -1.170327 0.000000
vt -2.194474 -1.170327 0.000000
vt -1.602415 -1.172031 0.000000
vt -2.207415 -1.172031 0.000000
vt -5.045403 -2.058525 0.000000
vt -5.009858 -2.010508 0.000000
vt -4.987569 -1.955079 0.000000
vt -4.979977 -1.895821 0.000000
vt -3.507415 -1.172031 0.000000
vt -4.987573 -1.836563 0.000000
vt -5.009866 -1.781136 0.000000
vt -5.045416 -1.733121 0.000000
vt -3.520356 -1.170327 0.000000
vt -5.091924 -1.695622 0.000000
vt -3.532415 -1.165332 0.000000
vt -5.146385 -1.671063 0.000000
vt -3.542770 -1.157386 0.000000
vt -3.550716 -1.147031 0.000000
vt -5.205280 -1.661030 0.000000
vt -3.555711 -1.134972 0.000000
vt -3.557415 -1.122031 0.000000
vt 0.254289 0.190910 0.000000
vt -0.254118 0.190910 0.000000
vt 0.252585 0.177969 0.000000
vt -0.252415 0.177969 0.000000
vt 0.252585 -1.122031 0.000000
vt -0.252415 -1.122031 0.000000
vt 0.254289 -1.134972 0.000000
vt -0.254118 -1.134972 0.000000
vt 0.259284 -1.147031 0.000000
vt -0.259113 -1.147031 0.000000
vt 0.267230 -1.157386 0.000000
vt -0.267059 -1.157386 0.000000
vt 0.277585 -1.165332 0.000000
vt -0.277415 -1.165332 0.000000
vt 0.289644 -1.170327 0.000000
vt -0.289474 -1.170327 0.000000
vt 0.302585 -1.172031 0.000000
vt -0.302415 -1.172031 0.000000
vt -5.091909 -2.096028 0.000000
vt -0.259113 0.202969 0.000000
vt 0.259284 0.202969 0.000000
vt -0.267059 0.213325 0.000000
vt 0.267230 0.213325 0.000000
vt -0.277415 0.221270 0.000000
vt 0.277585 0.221270 0.000000
vt -0.289474 0.226266 0.000000
vt 0.289644 0.226266 0.000000
vt -0.289474 0.734673 0.000000
vt 0.289644 0.734673 0.000000
vt -0.277415 0.739668 0.000000
vt 0.277585 0.739668 0.000000
vt -0.267059 0.747614 0.000000
vt 0.267230 0.747614 0.000000
vt -0.259113 0.757969 0.000000
vt 0.259284 0.757969 0.000000
vt -0.254118 0.770028 0.000000
vt 0.254289 0.770028 0.000000
vt -0.252415 0.782969 0.000000
vt 0.252585 0.782969 0.000000
vt -0.252415 2.016092 0.000000
vt 0.252585 2.016092 0.000000
vt 0.302585 0.732969 0.000000
vt 0.302585 0.227969 0.000000
vt 1.602585 0.227969 0.000000
vt 1.602585 0.732969 0.000000
vt 1.615526 0.226266 0.000000
vt 1.615526 0.734673 0.000000
vt 2.194644 0.226266 0.000000
vt 2.194644 0.734673 0.000000
vt 2.207585 0.732969 0.000000
vt 2.207585 0.227969 0.000000
vt 3.507585 0.227969 0.000000
vt 2.182585 0.221270 0.000000
vt 1.627585 0.221270 0.000000
vt 2.172230 0.213325 0.000000
vt 1.637941 0.213325 0.000000
vt 2.164284 0.202969 0.000000
vt 1.645887 0.202969 0.000000
vt 2.159289 0.190910 0.000000
vt 1.650882 0.190910 0.000000
vt 2.157585 0.177969 0.000000
vt 1.652585 0.177969 0.000000
vt 2.157585 -1.122031 0.000000
vt 1.652585 -1.122031 0.000000
vt 2.159289 -1.134972 0.000000
vt 1.650882 -1.134972 0.000000
vt 2.164284 -1.147031 0.000000
vt 1.645887 -1.147031 0.000000
vt 2.172230 -1.157386 0.000000
vt 1.637941 -1.157386 0.000000
vt 2.182585 -1.165332 0.000000
vt 1.627585 -1.165332 0.000000
vt 2.194644 -1.170327 0.000000
vt 1.615526 -1.170327 0.000000
vt 2.207585 -1.172031 0.000000
vt 1.602585 -1.172031 0.000000
vt 5.085264 -2.024962 0.000000
vt 5.127543 -2.068200 0.000000
vt 5.179457 -2.099217 0.000000
vt -5.146368 -2.120592 0.000000
vt 3.507585 0.732969 0.000000
vt 3.520526 0.226266 0.000000
vt 3.520526 0.734673 0.000000
vt 3.532585 0.221270 0.000000
vt 3.532585 0.739668 0.000000
vt 3.542941 0.213325 0.000000
vt 3.542941 0.747614 0.000000
vt 3.550887 0.757969 0.000000
vt 3.550887 0.202969 0.000000
vt 3.555882 0.770028 0.000000
vt 3.555882 0.190910 0.000000
vt 5.409921 2.016092 0.000000
vt 3.557585 0.177969 0.000000
vt 5.356810 -1.664092 0.000000
vt 5.298006 -1.649981 0.000000
vt 3.557585 -1.122031 0.000000
vt 5.237548 -1.651344 0.000000
vt 3.555882 -1.134972 0.000000
vt 3.550887 -1.147031 0.000000
vt 3.542941 -1.157386 0.000000
vt 5.179440 -1.668091 0.000000
vt 3.532585 -1.165332 0.000000
vt 3.520526 -1.170327 0.000000
vt 3.507585 -1.172031 0.000000
vt 5.085253 -1.742353 0.000000
vt 5.127529 -1.699112 0.000000
vt 5.039985 -1.913896 0.000000
vt 5.039982 -1.853423 0.000000
vt 5.055412 -1.794951 0.000000
vt -0.302415 0.732969 0.000000
vt -5.409931 -1.764613 0.000000
vt -5.370543 -1.719693 0.000000
vt -5.205261 -2.130629 0.000000
vt -5.409915 -2.174350 0.000000
vt 5.410085 -2.174350 0.000000
vt 5.237566 -2.115959 0.000000
vt 5.298024 -2.117317 0.000000
vt 5.356827 -2.103202 0.000000
vt 5.410081 -2.074548 0.000000
vt -5.264783 -2.125491 0.000000
vt -5.321085 -2.105511 0.000000
vt -5.370530 -2.071978 0.000000
vt -5.409921 -2.027062 0.000000
vt 5.055419 -1.972366 0.000000
vt 5.410066 -1.692741 0.000000
vt 3.557585 2.016092 0.000000
vt 3.557585 0.782969 0.000000
vt 1.627585 0.739668 0.000000
vt 2.182585 0.739668 0.000000
vt 1.637941 0.747614 0.000000
vt 2.172230 0.747614 0.000000
vt 1.645887 0.757969 0.000000
vt 2.164284 0.757969 0.000000
vt 1.650882 0.770028 0.000000
vt 2.159289 0.770028 0.000000
vt 1.652585 0.782969 0.000000
vt 2.157585 0.782969 0.000000
vt 1.652585 2.016092 0.000000
vt 2.157585 2.016092 0.000000
vt -2.182415 0.739668 0.000000
vt -1.627415 0.739668 0.000000
vt -2.172059 0.747614 0.000000
vt -1.637770 0.747614 0.000000
vt -2.164113 0.757969 0.000000
vt -1.645716 0.757969 0.000000
vt -2.159118 0.770028 0.000000
vt -1.650711 0.770028 0.000000
vt -2.157415 0.782969 0.000000
vt -1.652415 0.782969 0.000000
vt -2.157415 2.016092 0.000000
vt -1.652415 2.016092 0.000000
vt -3.557415 0.782969 0.000000
vt -3.557415 2.016092 0.000000
vt -0.000000 0.078542 0.000000
vt -0.300000 0.078542 0.000000
vt -0.000000 0.052361 0.000000
vt -0.300000 0.052361 0.000000
vt -0.000000 0.026181 0.000000
vt -0.300000 0.026181 0.000000
vt -0.000000 -0.000000 0.000000
vt -0.300000 -0.000000 0.000000
vt -0.000000 -0.026181 0.000000
vt -0.300000 -0.026181 0.000000
vt -0.000000 -0.052361 0.000000
vt -0.300000 -0.052361 0.000000
vt -0.000000 -0.078542 0.000000
vt -0.300000 -0.078542 0.000000
vt 4.727905 1.524003 0.000000
vt 4.719897 1.584826 0.000000
vt 1.060182 0.224412 0.000000
vt 4.727905 1.645648 0.000000
vt -0.239818 0.224412 0.000000
vt -0.826686 0.271756 0.000000
vt -0.826686 -1.026312 0.000000
vt 4.751381 1.702326 0.000000
vt -5.363178 1.728043 0.000000
vt -5.339701 1.671366 0.000000
vt 4.788727 1.750996 0.000000
vt -5.400524 1.776713 0.000000
vt 4.837397 1.788342 0.000000
vt -5.449194 1.814059 0.000000
vt 4.894075 1.811818 0.000000
vt -5.505871 1.837536 0.000000
vt 5.279996 1.886704 0.000000
vt -5.566694 1.845543 0.000000
vt -5.940004 1.886296 0.000000
vt -5.627516 1.837536 0.000000
vt -5.684194 1.814059 0.000000
vt -6.010712 1.857006 0.000000
vt -6.026603 1.836295 0.000000
vt 4.954897 1.819826 0.000000
vt 5.015720 1.811818 0.000000
vt 5.072397 1.788342 0.000000
vt 5.121067 1.750996 0.000000
vt 5.380000 1.786704 0.000000
vt 5.376592 1.812586 0.000000
vt 5.366602 1.836705 0.000000
vt 5.158413 1.702326 0.000000
vt 5.181890 1.645648 0.000000
vt 5.189897 1.584826 0.000000
vt 5.181890 1.524003 0.000000
vt 5.158413 1.467326 0.000000
vt 5.380000 -1.986707 0.000000
vt 5.121067 1.418656 0.000000
vt 5.072397 1.381310 0.000000
vt 5.015720 1.357833 0.000000
vt 5.143086 -1.947253 0.000000
vt 5.175454 -1.954033 0.000000
vt 4.954897 1.349826 0.000000
vt 5.110012 -1.944965 0.000000
vt 1.060182 -1.075588 0.000000
vt 4.894075 1.357833 0.000000
vt 4.837397 1.381310 0.000000
vt 4.788727 1.418656 0.000000
vt 4.751381 1.467326 0.000000
vt -5.793686 1.549721 0.000000
vt -5.801694 1.610543 0.000000
vt -6.040000 1.786296 0.000000
vt -5.793686 1.671366 0.000000
vt -5.770210 1.728043 0.000000
vt -5.732864 1.776713 0.000000
vt -6.036593 1.812178 0.000000
vt -5.331694 1.610543 0.000000
vt -5.339701 1.549721 0.000000
vt -5.363178 1.493043 0.000000
vt -5.400524 1.444373 0.000000
vt -4.716807 0.271756 0.000000
vt -5.449194 1.407027 0.000000
vt -5.505871 1.383551 0.000000
vt -5.566694 1.375543 0.000000
vt -5.627516 1.383551 0.000000
vt -5.684194 1.407027 0.000000
vt -6.040000 -1.886707 0.000000
vt -5.732864 1.444373 0.000000
vt -5.770210 1.493043 0.000000
vt -0.239818 -1.075588 0.000000
vt -5.709988 -1.944965 0.000000
vt -4.716807 -1.026312 0.000000
vt 5.350709 1.857416 0.000000
vt 5.329998 1.873307 0.000000
vt 5.305879 1.883297 0.000000
vt -5.965885 1.882888 0.000000
vt -5.990002 1.872898 0.000000
vt -6.040000 -1.986707 0.000000
vt -5.809307 -1.966324 0.000000
vt -5.777320 -1.954574 0.000000
vt -5.743984 -1.947383 0.000000
vt -6.036593 -2.012589 0.000000
vt -5.891989 -2.025168 0.000000
vt -5.839407 -1.982319 0.000000
vt -6.026603 -2.036707 0.000000
vt -6.010711 -2.057418 0.000000
vt -5.990000 -2.073310 0.000000
vt -5.937238 -2.086707 0.000000
vt -5.965882 -2.083300 0.000000
vt -5.940000 -2.086707 0.000000
vt 5.206733 -1.965179 0.000000
vt 5.236208 -1.980352 0.000000
vt 5.377790 -2.007613 0.000000
vt 5.288300 -2.021355 0.000000
vt 5.371259 -2.027595 0.000000
vt 5.360694 -2.045770 0.000000
vt 5.346564 -2.061335 0.000000
vt 5.329491 -2.073602 0.000000
vt 0.100004 0.000000 0.000000
vt 11.320004 0.000000 0.000000
vt 0.100004 0.300000 0.000000
vt 11.320004 0.300000 0.000000
vt -0.000000 0.078538 0.000000
vt -0.300000 0.078538 0.000000
vt -0.000000 0.052359 0.000000
vt -0.300000 0.052359 0.000000
vt -0.000000 0.026179 0.000000
vt -0.300000 0.026179 0.000000
vt -0.000000 0.000000 0.000000
vt -0.300000 -0.000000 0.000000
vt -0.000000 -0.026179 0.000000
vt -0.300000 -0.026179 0.000000
vt -0.000000 -0.052359 0.000000
vt -0.300000 -0.052359 0.000000
vt -0.000000 -0.078538 0.000000
vt -0.300000 -0.078538 0.000000
vt 0.103448 -0.056862 0.000000
vt 0.150000 -0.052360 0.000000
vt 0.050000 -0.038547 0.000000
vt 0.150000 -0.026180 0.000000
vt -0.150000 -0.026180 0.000000
vt -0.150000 -0.000000 0.000000
vt 0.150000 -0.000000 0.000000
vt -0.150000 0.026180 0.000000
vt 0.150000 0.026180 0.000000
vt -0.150000 0.052360 0.000000
vt 0.150000 0.052360 0.000000
vt -0.150000 0.078540 0.000000
vt 0.150000 0.078540 0.000000
vt 0.145697 -0.078540 0.000000
vt 0.150000 -0.078540 0.000000
vt -0.150000 -0.052360 0.000000
vt 0.050000 -0.051878 0.000000
vt 0.050000 -0.065209 0.000000
vt -0.150000 -0.078540 0.000000
vt 0.050000 -0.078540 0.000000
vt 5.635879 -1.883297 0.000000
vt 5.659998 -1.873307 0.000000
vt 5.609996 -1.886704 0.000000
vt 5.680709 -1.857416 0.000000
vt 5.402397 -1.788342 0.000000
vt 5.696602 -1.836705 0.000000
vt 5.706592 -1.812586 0.000000
vt 5.710000 -1.786704 0.000000
vt 5.451067 -1.750996 0.000000
vt 5.488413 -1.702326 0.000000
vt 5.511890 -1.645648 0.000000
vt 5.519897 -1.584826 0.000000
vt 5.511890 -1.524003 0.000000
vt 5.488413 -1.467326 0.000000
vt 5.710000 1.986707 0.000000
vt 5.451067 -1.418656 0.000000
vt 5.402397 -1.381310 0.000000
vt 5.345720 -1.357833 0.000000
vt 5.284897 -1.349826 0.000000
vt 1.390182 -0.224412 0.000000
vt 5.224075 -1.357833 0.000000
vt 5.167397 -1.381310 0.000000
vt 5.118727 -1.418656 0.000000
vt 5.081381 -1.467326 0.000000
vt 5.057905 -1.524003 0.000000
vt 5.049897 -1.584826 0.000000
vt 5.057905 -1.645648 0.000000
vt 0.090182 -0.224412 0.000000
vt -0.496686 -0.271756 0.000000
vt -0.496686 1.026312 0.000000
vt 0.090182 1.075588 0.000000
vt -5.610000 2.086707 0.000000
vt 5.610000 2.086707 0.000000
vt 1.390182 1.075588 0.000000
vt 5.706593 2.012589 0.000000
vt 5.696603 2.036707 0.000000
vt 5.680711 2.057418 0.000000
vt 5.660000 2.073310 0.000000
vt 5.635882 2.083300 0.000000
vt -5.635882 2.083300 0.000000
vt -5.660000 2.073310 0.000000
vt -5.680711 2.057418 0.000000
vt -5.696603 2.036707 0.000000
vt -5.706593 2.012589 0.000000
vt -5.710000 1.986707 0.000000
vt -5.710000 1.886707 0.000000
vt -5.710000 -1.786296 0.000000
vt -5.402864 -1.444373 0.000000
vt -5.354194 -1.407027 0.000000
vt -4.386807 -0.271756 0.000000
vt -5.297516 -1.383551 0.000000
vt -5.236694 -1.375543 0.000000
vt -5.706593 -1.812178 0.000000
vt -5.402864 -1.776713 0.000000
vt -5.440210 -1.728043 0.000000
vt -5.463686 -1.671366 0.000000
vt -5.696603 -1.836295 0.000000
vt -5.354194 -1.814059 0.000000
vt -5.680712 -1.857006 0.000000
vt -5.610004 -1.886296 0.000000
vt -5.660002 -1.872898 0.000000
vt -5.635885 -1.882888 0.000000
vt -5.236694 -1.845543 0.000000
vt -5.297516 -1.837536 0.000000
vt -4.386807 1.026312 0.000000
vt -5.070524 -1.444373 0.000000
vt -5.033178 -1.493043 0.000000
vt -5.009701 -1.549721 0.000000
vt -5.471694 -1.610543 0.000000
vt -5.463686 -1.549721 0.000000
vt -5.440210 -1.493043 0.000000
vt -5.175871 -1.383551 0.000000
vt -5.119194 -1.407027 0.000000
vt -5.001694 -1.610543 0.000000
vt -5.009701 -1.671366 0.000000
vt -5.033178 -1.728043 0.000000
vt -5.070524 -1.776713 0.000000
vt 5.118727 -1.750996 0.000000
vt 5.081381 -1.702326 0.000000
vt 5.167397 -1.788342 0.000000
vt -5.119194 -1.814059 0.000000
vt 5.224075 -1.811818 0.000000
vt -5.175871 -1.837536 0.000000
vt 5.345720 -1.811818 0.000000
vt 5.284897 -1.819826 0.000000
vt 0.300000 0.100000 0.000000
vt 0.000000 0.100000 0.000000
vt 0.300000 0.000000 0.000000
vt -0.000000 0.000000 0.000000
vt -0.300000 0.100000 0.000000
vt -0.295697 0.100000 0.000000
vt -0.300000 0.102762 0.000000
vt -0.200000 0.100000 0.000000
vt 0.000000 0.100000 0.000000
vt -0.200000 11.320000 0.000000
vt 0.000000 11.320000 0.000000
vt -0.200000 -0.005770 0.000000
vt -0.000000 -0.000000 0.000000
vt -0.200000 0.018486 0.000000
vt -0.000000 0.026180 0.000000
vt -0.300000 0.015356 0.000000
vt -0.300000 0.036417 0.000000
vt -0.000000 0.052360 0.000000
vt -0.300000 0.057479 0.000000
vt -0.000000 0.078540 0.000000
vt -0.300000 0.078540 0.000000
vt -0.000000 -0.026180 0.000000
vt -0.200000 -0.030027 0.000000
vt -0.000000 -0.052360 0.000000
vt -0.200000 -0.054283 0.000000
vt -0.000000 -0.078540 0.000000
vt -0.200000 -0.078540 0.000000
vt -0.253171 -0.002745 0.000000
vt -0.300000 -0.005705 0.000000
vt -0.300000 -0.026767 0.000000
vt 3.673411 0.300000 0.000000
vt -0.100000 0.300000 0.000000
vt 3.673411 0.000000 0.000000
vt -0.100000 0.000000 0.000000
vt -0.300012 0.115992 0.000000
vt -4.628014 0.231901 0.000000
vt -11.120012 0.115992 0.000000
vt -6.792015 0.231901 0.000000
vt -8.956017 0.231901 0.000000
vt -8.956017 0.347819 0.000000
vt -11.120013 0.231901 0.000000
vt -11.120014 0.347819 0.000000
vt -9.217682 0.461672 0.000000
vt -11.120016 0.463727 0.000000
vt -9.227363 0.462659 0.000000
vt -9.236928 0.465630 0.000000
vt -2.464013 0.231901 0.000000
vt -0.300013 0.231901 0.000000
vt -2.464013 0.347819 0.000000
vt -0.300014 0.347819 0.000000
vt -2.202682 0.461672 0.000000
vt -0.300016 0.463727 0.000000
vt -2.193001 0.462659 0.000000
vt -2.183436 0.465630 0.000000
vt -2.174676 0.470494 0.000000
vt -2.167241 0.476769 0.000000
vt -2.161144 0.484379 0.000000
vt -2.156465 0.493254 0.000000
vt -2.153624 0.502870 0.000000
vt -2.152682 0.512562 0.000000
vt -0.300018 0.579640 0.000000
vt -2.152682 0.534921 0.000000
vt -2.152682 0.557280 0.000000
vt -2.152682 0.579640 0.000000
vt -3.502682 0.461672 0.000000
vt -4.628014 0.347819 0.000000
vt -3.512363 0.462659 0.000000
vt -4.098001 0.462659 0.000000
vt -4.107682 0.461672 0.000000
vt -5.407682 0.461672 0.000000
vt -6.792015 0.347819 0.000000
vt -6.012682 0.461672 0.000000
vt -7.312682 0.461672 0.000000
vt -4.088436 0.465630 0.000000
vt -3.521928 0.465630 0.000000
vt -4.079676 0.470494 0.000000
vt -3.530688 0.470494 0.000000
vt -4.072241 0.476769 0.000000
vt -3.538122 0.476769 0.000000
vt -4.066144 0.484379 0.000000
vt -3.544220 0.484379 0.000000
vt -4.061465 0.493254 0.000000
vt -3.548898 0.493254 0.000000
vt -4.058624 0.502870 0.000000
vt -3.551740 0.502870 0.000000
vt -4.057682 0.512562 0.000000
vt -3.552682 0.512562 0.000000
vt -4.057682 0.534921 0.000000
vt -3.552682 0.534921 0.000000
vt -4.057682 0.557280 0.000000
vt -3.552682 0.557280 0.000000
vt -4.057682 0.579640 0.000000
vt -3.552682 0.579640 0.000000
vt -6.003001 0.462659 0.000000
vt -5.417363 0.462659 0.000000
vt -5.993436 0.465630 0.000000
vt -5.426928 0.465630 0.000000
vt -5.984676 0.470494 0.000000
vt -5.435688 0.470494 0.000000
vt -5.977241 0.476769 0.000000
vt -5.443122 0.476769 0.000000
vt -5.971144 0.484379 0.000000
vt -5.449220 0.484379 0.000000
vt -5.966465 0.493254 0.000000
vt -5.453898 0.493254 0.000000
vt -5.963624 0.502870 0.000000
vt -5.456740 0.502870 0.000000
vt -5.962682 0.512562 0.000000
vt -5.457682 0.512562 0.000000
vt -5.962682 0.534921 0.000000
vt -5.457682 0.534921 0.000000
vt -5.962682 0.557280 0.000000
vt -5.457682 0.557280 0.000000
vt -5.962682 0.579640 0.000000
vt -5.457682 0.579640 0.000000
vt -7.322363 0.462659 0.000000
vt -7.908001 0.462659 0.000000
vt -7.917682 0.461672 0.000000
vt -7.898436 0.465630 0.000000
vt -7.331928 0.465630 0.000000
vt -7.889676 0.470494 0.000000
vt -7.340688 0.470494 0.000000
vt -7.882241 0.476769 0.000000
vt -7.348122 0.476769 0.000000
vt -7.876144 0.484379 0.000000
vt -7.354220 0.484379 0.000000
vt -7.871465 0.493254 0.000000
vt -7.358898 0.493254 0.000000
vt -7.868624 0.502870 0.000000
vt -7.361740 0.502870 0.000000
vt -7.867682 0.512562 0.000000
vt -7.362682 0.512562 0.000000
vt -7.867682 0.534921 0.000000
vt -7.362682 0.534921 0.000000
vt -7.867682 0.557280 0.000000
vt -7.362682 0.557280 0.000000
vt -7.867682 0.579640 0.000000
vt -7.362682 0.579640 0.000000
vt -9.245688 0.470494 0.000000
vt -9.253122 0.476769 0.000000
vt -9.259220 0.484379 0.000000
vt -9.263898 0.493254 0.000000
vt -9.266740 0.502870 0.000000
vt -9.267682 0.512562 0.000000
vt -11.120018 0.579640 0.000000
vt -9.267682 0.534921 0.000000
vt -9.267682 0.557280 0.000000
vt -9.267682 0.579640 0.000000
vt -0.437184 0.266403 0.000000
vt -0.403351 0.270028 0.000000
vt -0.471244 0.265208 0.000000
vt -0.424628 0.360751 0.000000
vt -0.471244 0.360751 0.000000
vt -0.424628 0.456293 0.000000
vt -0.471244 0.456294 0.000000
vt -0.424628 0.551836 0.000000
vt -0.471244 0.551836 0.000000
vt -0.471244 0.647378 0.000000
vt -0.392707 0.647378 0.000000
vt -0.378012 0.551836 0.000000
vt -0.331396 0.551836 0.000000
vt -0.378012 0.456293 0.000000
vt -0.331396 0.456293 0.000000
vt -0.378012 0.360751 0.000000
vt -0.331396 0.360751 0.000000
vt -0.337447 0.284835 0.000000
vt -0.275691 0.310524 0.000000
vt -0.370036 0.276136 0.000000
vt -0.213410 0.354443 0.000000
vt -0.235622 0.360751 0.000000
vt -0.284780 0.360751 0.000000
vt -0.284780 0.456293 0.000000
vt -0.284780 0.551836 0.000000
vt -0.314160 0.647378 0.000000
vt -0.193626 0.360751 0.000000
vt -0.209142 0.351496 0.000000
vt -0.172952 0.317945 0.000000
vt -0.151630 0.360751 0.000000
vt -0.137755 0.265580 0.000000
vt -0.130790 0.271561 0.000000
vt -0.109634 0.360751 0.000000
vt -0.074986 0.336879 0.000000
vt -0.067638 0.360751 0.000000
vt -0.034121 0.422379 0.000000
vt -0.067638 0.456293 0.000000
vt -0.067638 0.551836 0.000000
vt -0.109634 0.456293 0.000000
vt -0.109634 0.551836 0.000000
vt -0.151630 0.456293 0.000000
vt -0.151630 0.551836 0.000000
vt -0.193626 0.456293 0.000000
vt -0.193626 0.551836 0.000000
vt -0.235622 0.456293 0.000000
vt -0.235622 0.551836 0.000000
vt -0.000000 0.647378 0.000000
vt -0.078537 0.647378 0.000000
vt -0.157084 0.647378 0.000000
vt -0.235622 0.647378 0.000000
vt -5.046038 -1.822828 0.000000
vt -5.038030 -1.883650 0.000000
vt -3.507585 -1.172031 0.000000
vt -5.046038 -1.944473 0.000000
vt -2.207585 -1.172031 0.000000
vt -5.069514 -2.001150 0.000000
vt -5.106860 -2.049820 0.000000
vt -5.155530 -2.087166 0.000000
vt -5.410085 -2.474350 0.000000
vt -1.602585 -1.172031 0.000000
vt -2.194644 -1.170327 0.000000
vt -1.615526 -1.170327 0.000000
vt -2.182585 -1.165332 0.000000
vt -1.627585 -1.165332 0.000000
vt -2.172230 -1.157386 0.000000
vt -1.637941 -1.157386 0.000000
vt -2.164284 -1.147031 0.000000
vt -1.645887 -1.147031 0.000000
vt -2.159289 -1.134972 0.000000
vt -1.650882 -1.134972 0.000000
vt -2.157585 -1.122031 0.000000
vt -1.652585 -1.122031 0.000000
vt -2.157585 0.177969 0.000000
vt -1.652585 0.177969 0.000000
vt -2.159289 0.190910 0.000000
vt -1.650882 0.190910 0.000000
vt -2.164284 0.202969 0.000000
vt -1.645887 0.202969 0.000000
vt -2.172230 0.213325 0.000000
vt -1.637941 0.213325 0.000000
vt -2.182585 0.221270 0.000000
vt -1.627585 0.221270 0.000000
vt -2.194644 0.226266 0.000000
vt -1.615526 0.226266 0.000000
vt -2.194644 0.734673 0.000000
vt -1.615526 0.734673 0.000000
vt -2.182585 0.739668 0.000000
vt -1.627585 0.739668 0.000000
vt -2.172230 0.747614 0.000000
vt -1.637941 0.747614 0.000000
vt -2.164284 0.757969 0.000000
vt -1.645887 0.757969 0.000000
vt -2.159289 0.770028 0.000000
vt -1.650882 0.770028 0.000000
vt -2.157585 0.782969 0.000000
vt -1.652585 0.782969 0.000000
vt -2.157585 2.082969 0.000000
vt -1.652585 2.082969 0.000000
vt -2.159289 2.095910 0.000000
vt -1.650882 2.095910 0.000000
vt -2.164284 2.107969 0.000000
vt -1.645887 2.107969 0.000000
vt -2.172230 2.118325 0.000000
vt -1.637941 2.118325 0.000000
vt -2.182585 2.126270 0.000000
vt -1.627585 2.126270 0.000000
vt -2.194644 2.131266 0.000000
vt -1.615526 2.131266 0.000000
vt -2.207585 2.132969 0.000000
vt -1.602585 2.132969 0.000000
vt -5.579903 2.274350 0.000000
vt -0.302585 2.132969 0.000000
vt 0.302415 2.132969 0.000000
vt 0.289474 2.131266 0.000000
vt -0.289644 2.131266 0.000000
vt 0.277415 2.126270 0.000000
vt -0.277585 2.126270 0.000000
vt 0.267059 2.118325 0.000000
vt -0.267230 2.118325 0.000000
vt 0.259113 2.107969 0.000000
vt -0.259284 2.107969 0.000000
vt 0.254118 2.095910 0.000000
vt -0.254289 2.095910 0.000000
vt 0.252415 2.082969 0.000000
vt -0.252585 2.082969 0.000000
vt 0.252415 0.782969 0.000000
vt -0.252585 0.782969 0.000000
vt 0.254118 0.770028 0.000000
vt -0.254289 0.770028 0.000000
vt 0.259113 0.757969 0.000000
vt -0.259284 0.757969 0.000000
vt 0.267059 0.747614 0.000000
vt -0.267230 0.747614 0.000000
vt 0.277415 0.739668 0.000000
vt -0.277585 0.739668 0.000000
vt 0.289474 0.734673 0.000000
vt -0.289644 0.734673 0.000000
vt 0.289474 0.226266 0.000000
vt -0.289644 0.226266 0.000000
vt 0.277415 0.221270 0.000000
vt -0.277585 0.221270 0.000000
vt 0.267059 0.213325 0.000000
vt -0.267230 0.213325 0.000000
vt 0.259113 0.202969 0.000000
vt -0.259284 0.202969 0.000000
vt 0.254118 0.190910 0.000000
vt -0.254289 0.190910 0.000000
vt 0.252415 0.177969 0.000000
vt -0.252585 0.177969 0.000000
vt 0.252415 -1.122031 0.000000
vt -0.252585 -1.122031 0.000000
vt 0.254118 -1.134972 0.000000
vt -0.254289 -1.134972 0.000000
vt 0.259113 -1.147031 0.000000
vt -0.259284 -1.147031 0.000000
vt 0.267059 -1.157386 0.000000
vt -0.267230 -1.157386 0.000000
vt 0.277415 -1.165332 0.000000
vt -0.277585 -1.165332 0.000000
vt 0.289474 -1.170327 0.000000
vt -0.289644 -1.170327 0.000000
vt 0.302415 -1.172031 0.000000
vt -0.302585 -1.172031 0.000000
vt -5.212208 -2.110643 0.000000
vt -5.273030 -2.118650 0.000000
vt -5.622221 -2.386478 0.000000
vt -5.669896 -2.324343 0.000000
vt -5.699865 -2.251986 0.000000
vt -5.333853 -2.110643 0.000000
vt -5.710085 -2.174338 0.000000
vt -5.390530 -2.087166 0.000000
vt -5.439200 -2.049820 0.000000
vt -5.476546 -2.001150 0.000000
vt -5.500023 -1.944473 0.000000
vt -5.508030 -1.883650 0.000000
vt -5.500023 -1.822828 0.000000
vt -5.476546 -1.766150 0.000000
vt -5.709921 2.016104 0.000000
vt -5.439200 -1.717480 0.000000
vt -5.390530 -1.680134 0.000000
vt -5.333853 -1.656658 0.000000
vt -3.557585 0.177969 0.000000
vt -3.555882 0.190910 0.000000
vt -5.273030 -1.648650 0.000000
vt -3.557585 -1.122031 0.000000
vt -5.212208 -1.656658 0.000000
vt -3.555882 -1.134972 0.000000
vt -3.550887 -1.147031 0.000000
vt -3.542941 -1.157386 0.000000
vt -5.155530 -1.680134 0.000000
vt -3.532585 -1.165332 0.000000
vt -3.520526 -1.170327 0.000000
vt -5.106860 -1.717480 0.000000
vt -5.069514 -1.766150 0.000000
vt 1.615356 0.226266 0.000000
vt 1.602415 0.732969 0.000000
vt 1.602415 0.227969 0.000000
vt 0.302415 0.732969 0.000000
vt 0.302415 0.227969 0.000000
vt 1.627415 0.221270 0.000000
vt 2.182415 0.221270 0.000000
vt 2.194474 0.226266 0.000000
vt 1.615356 0.734673 0.000000
vt 2.194474 0.734673 0.000000
vt 1.627415 0.739668 0.000000
vt 2.182415 0.739668 0.000000
vt 1.637770 0.747614 0.000000
vt 2.172059 0.747614 0.000000
vt 1.645716 0.757969 0.000000
vt 2.164113 0.757969 0.000000
vt 1.650711 0.770028 0.000000
vt 2.159118 0.770028 0.000000
vt 1.652415 0.782969 0.000000
vt 2.157415 0.782969 0.000000
vt 1.652415 2.082969 0.000000
vt 2.157415 2.082969 0.000000
vt 1.650711 2.095910 0.000000
vt 2.159118 2.095910 0.000000
vt 1.645716 2.107969 0.000000
vt 2.164113 2.107969 0.000000
vt 1.637770 2.118325 0.000000
vt 2.172059 2.118325 0.000000
vt 1.627415 2.126270 0.000000
vt 2.182415 2.126270 0.000000
vt 1.615356 2.131266 0.000000
vt 2.194474 2.131266 0.000000
vt 1.602415 2.132969 0.000000
vt 2.207415 2.132969 0.000000
vt 5.640097 2.274350 0.000000
vt 3.507415 2.132969 0.000000
vt 3.520356 2.131266 0.000000
vt 2.172059 0.213325 0.000000
vt 1.637770 0.213325 0.000000
vt 2.164113 0.202969 0.000000
vt 1.645716 0.202969 0.000000
vt 2.159118 0.190910 0.000000
vt 1.650711 0.190910 0.000000
vt 2.157415 0.177969 0.000000
vt 1.652415 0.177969 0.000000
vt 2.157415 -1.122031 0.000000
vt 1.652415 -1.122031 0.000000
vt 2.159118 -1.134972 0.000000
vt 1.650711 -1.134972 0.000000
vt 2.164113 -1.147031 0.000000
vt 1.645716 -1.147031 0.000000
vt 2.172059 -1.157386 0.000000
vt 1.637770 -1.157386 0.000000
vt 2.182415 -1.165332 0.000000
vt 1.627415 -1.165332 0.000000
vt 2.194474 -1.170327 0.000000
vt 1.615356 -1.170327 0.000000
vt 2.207415 -1.172031 0.000000
vt 1.602415 -1.172031 0.000000
vt 5.048807 -2.062000 0.000000
vt 5.409915 -2.474350 0.000000
vt 5.097477 -2.099346 0.000000
vt 5.154154 -2.122822 0.000000
vt 5.214977 -2.130830 0.000000
vt 5.622043 -2.386486 0.000000
vt 5.669719 -2.324357 0.000000
vt -0.302585 0.732969 0.000000
vt -0.302585 0.227969 0.000000
vt -1.602585 0.732969 0.000000
vt -1.602585 0.227969 0.000000
vt 3.532415 2.126270 0.000000
vt 3.542770 2.118325 0.000000
vt 3.550716 2.107969 0.000000
vt 3.555711 2.095910 0.000000
vt 5.708148 2.137587 0.000000
vt 5.700758 2.203673 0.000000
vt 3.557415 2.082969 0.000000
vt 5.710079 2.016081 0.000000
vt 3.557415 0.782969 0.000000
vt 3.555711 0.770028 0.000000
vt 3.550716 0.757969 0.000000
vt 3.550716 0.202969 0.000000
vt 3.555711 0.190910 0.000000
vt 3.557415 0.177969 0.000000
vt 5.332477 -1.692314 0.000000
vt 5.275799 -1.668837 0.000000
vt 5.214977 -1.660830 0.000000
vt 3.557415 -1.122031 0.000000
vt 3.555711 -1.134972 0.000000
vt 3.542770 0.213325 0.000000
vt 3.542770 0.747614 0.000000
vt 3.532415 0.739668 0.000000
vt 3.532415 0.221270 0.000000
vt 3.520356 0.734673 0.000000
vt 3.520356 0.226266 0.000000
vt 3.507415 0.732969 0.000000
vt 3.507415 0.227969 0.000000
vt 2.207415 0.732969 0.000000
vt 2.207415 0.227969 0.000000
vt -2.207585 0.732969 0.000000
vt -2.207585 0.227969 0.000000
vt -3.507585 0.732969 0.000000
vt -3.507585 0.227969 0.000000
vt -3.520526 0.226266 0.000000
vt -3.520526 0.734673 0.000000
vt -3.532585 0.221270 0.000000
vt -3.532585 0.739668 0.000000
vt -3.542941 0.213325 0.000000
vt -3.542941 0.747614 0.000000
vt -3.550887 0.757969 0.000000
vt -3.555882 0.770028 0.000000
vt -3.550887 0.202969 0.000000
vt -3.557585 0.782969 0.000000
vt -3.557585 2.082969 0.000000
vt -5.707889 2.139150 0.000000
vt -5.699844 2.207882 0.000000
vt -5.603923 2.277277 0.000000
vt -5.679903 2.279574 0.000000
vt -5.626536 2.285889 0.000000
vt -5.646418 2.299679 0.000000
vt -3.555882 2.095910 0.000000
vt -3.550887 2.107969 0.000000
vt -3.542941 2.118325 0.000000
vt -3.532585 2.126270 0.000000
vt -3.520526 2.131266 0.000000
vt -3.507585 2.132969 0.000000
vt 5.154154 -1.668837 0.000000
vt 3.550716 -1.147031 0.000000
vt 3.542770 -1.157386 0.000000
vt 3.532415 -1.165332 0.000000
vt 5.097477 -1.692314 0.000000
vt 3.520356 -1.170327 0.000000
vt 5.048807 -1.729660 0.000000
vt 5.011461 -1.778330 0.000000
vt 3.507415 -1.172031 0.000000
vt 4.987984 -1.835007 0.000000
vt 4.979977 -1.895830 0.000000
vt 4.987984 -1.956652 0.000000
vt 5.011461 -2.013330 0.000000
vt -5.662407 2.317842 0.000000
vt -5.560088 -2.434156 0.000000
vt -5.487733 -2.464127 0.000000
vt 5.487559 -2.464128 0.000000
vt 5.559912 -2.434160 0.000000
vt 5.275799 -2.122822 0.000000
vt 5.699690 -2.252005 0.000000
vt 5.709915 -2.174362 0.000000
vt 5.418493 -1.778330 0.000000
vt 5.441969 -1.835007 0.000000
vt 5.449977 -1.895830 0.000000
vt 5.653388 2.275237 0.000000
vt 5.682043 2.274350 0.000000
vt 5.666444 2.277883 0.000000
vt 5.679032 2.282241 0.000000
vt 5.441969 -1.956652 0.000000
vt 5.418493 -2.013330 0.000000
vt 5.381147 -2.062000 0.000000
vt 5.332477 -2.099346 0.000000
vt 5.381147 -1.729660 0.000000
vt -2.950000 -0.676751 0.000000
vt -3.250000 -0.676751 0.000000
vt -2.950000 -0.738274 0.000000
vt -3.250000 -0.738274 0.000000
vt -2.950000 0.738274 0.000000
vt -3.250000 0.738274 0.000000
vt -2.950000 0.676751 0.000000
vt -3.250000 0.676751 0.000000
vt -2.950000 0.615229 0.000000
vt -3.250000 0.615229 0.000000
vt -2.950000 0.553706 0.000000
vt -3.250000 0.553706 0.000000
vt -2.950000 0.492183 0.000000
vt -3.250000 0.492183 0.000000
vt -2.950000 0.430660 0.000000
vt -3.250000 0.430660 0.000000
vt -2.950000 0.369137 0.000000
vt -3.250000 0.369137 0.000000
vt -2.950000 0.307614 0.000000
vt -3.250000 0.307614 0.000000
vt -2.950000 0.246091 0.000000
vt -3.250000 0.246091 0.000000
vt -2.950000 0.184569 0.000000
vt -3.250000 0.184569 0.000000
vt -2.950000 0.123046 0.000000
vt -3.250000 0.123046 0.000000
vt -2.950000 0.061523 0.000000
vt -3.250000 0.061523 0.000000
vt -2.950000 0.000000 0.000000
vt -3.250000 0.000000 0.000000
vt -2.950000 -0.061523 0.000000
vt -3.250000 -0.061523 0.000000
vt -2.950000 -0.123046 0.000000
vt -3.250000 -0.123046 0.000000
vt -2.950000 -0.184569 0.000000
vt -3.250000 -0.184569 0.000000
vt -2.950000 -0.246091 0.000000
vt -3.250000 -0.246091 0.000000
vt -2.950000 -0.307614 0.000000
vt -3.250000 -0.307614 0.000000
vt -2.950000 -0.369137 0.000000
vt -3.250000 -0.369137 0.000000
vt -2.950000 -0.430660 0.000000
vt -3.250000 -0.430660 0.000000
vt -2.950000 -0.492183 0.000000
vt -3.250000 -0.492183 0.000000
vt -2.950000 -0.553706 0.000000
vt -3.250000 -0.553706 0.000000
vt -2.950000 -0.615229 0.000000
vt -3.250000 -0.615229 0.000000
vt -2.950000 -0.676751 0.000000
vt -3.250000 -0.676751 0.000000
vt -2.950000 -0.738274 0.000000
vt -3.250000 -0.738274 0.000000
vt -2.950000 0.738274 0.000000
vt -3.250000 0.738274 0.000000
vt -2.950000 0.676751 0.000000
vt -3.250000 0.676751 0.000000
vt -2.950000 0.615229 0.000000
vt -3.250000 0.615229 0.000000
vt -2.950000 0.553706 0.000000
vt -3.250000 0.553706 0.000000
vt -2.950000 0.492183 0.000000
vt -3.250000 0.492183 0.000000
vt -2.950000 0.430660 0.000000
vt -3.250000 0.430660 0.000000
vt -2.950000 0.369137 0.000000
vt -3.250000 0.369137 0.000000
vt -2.950000 0.307614 0.000000
vt -3.250000 0.307614 0.000000
vt -2.950000 0.246091 0.000000
vt -3.250000 0.246091 0.000000
vt -2.950000 0.184569 0.000000
vt -3.250000 0.184569 0.000000
vt -2.950000 0.123046 0.000000
vt -3.250000 0.123046 0.000000
vt -2.950000 0.061523 0.000000
vt -3.250000 0.061523 0.000000
vt -2.950000 0.000000 0.000000
vt -3.250000 0.000000 0.000000
vt -2.950000 -0.061523 0.000000
vt -3.250000 -0.061523 0.000000
vt -2.950000 -0.123046 0.000000
vt -3.250000 -0.123046 0.000000
vt -2.950000 -0.184569 0.000000
vt -3.250000 -0.184569 0.000000
vt -2.950000 -0.246091 0.000000
vt -3.250000 -0.246091 0.000000
vt -2.950000 -0.307614 0.000000
vt -3.250000 -0.307614 0.000000
vt -2.950000 -0.369137 0.000000
vt -3.250000 -0.369137 0.000000
vt -2.950000 -0.430660 0.000000
vt -3.250000 -0.430660 0.000000
vt -2.950000 -0.492183 0.000000
vt -3.250000 -0.492183 0.000000
vt -2.950000 -0.553706 0.000000
vt -3.250000 -0.553706 0.000000
vt -2.950000 -0.615229 0.000000
vt -3.250000 -0.615229 0.000000
vt 0.000000 0.000000 0.000000
vt 1.298068 0.000000 0.000000
vt 0.000000 0.300000 0.000000
vt 1.298068 0.300000 0.000000
vt 0.000000 0.000000 0.000000
vt 3.890121 0.000000 0.000000
vt 0.000000 0.300000 0.000000
vt 3.890121 0.300000 0.000000
vt 0.000000 0.000000 0.000000
vt 1.298068 0.000000 0.000000
vt 0.000000 0.300000 0.000000
vt 1.298068 0.300000 0.000000
vt 0.000000 0.000000 0.000000
vt 3.890121 0.000000 0.000000
vt 0.000000 0.300000 0.000000
vt 3.890121 0.300000 0.000000
vt 0.000000 0.000000 0.000000
vt 1.300000 0.000000 0.000000
vt 0.000000 0.300000 0.000000
vt 1.300000 0.300000 0.000000
vt 0.000000 0.000000 0.000000
vt 1.300000 0.000000 0.000000
vt 0.000000 0.300000 0.000000
vt 1.300000 0.300000 0.000000
vt 0.000000 0.000000 0.000000
vt 1.300000 0.000000 0.000000
vt 0.000000 0.300000 0.000000
vt 1.300000 0.300000 0.000000
vt 0.000000 0.000000 0.000000
vt 1.300000 0.000000 0.000000
vt 0.000000 0.300000 0.000000
vt 1.300000 0.300000 0.000000
vt 0.099996 0.000000 0.000000
vt 3.773000 0.000000 0.000000
vt 0.099996 0.300000 0.000000
vt 3.773000 0.300000 0.000000
vt -3.264137 -0.235619 0.000000
vt -3.233742 -0.218312 0.000000
vt -3.411425 -0.235619 0.000000
vt -3.201085 -0.205729 0.000000
vt -3.167141 -0.198050 0.000000
vt -3.411425 -0.157080 0.000000
vt -3.132913 -0.195449 0.000000
vt -2.014611 -0.157080 0.000000
vt 0.779017 -0.235619 0.000000
vt -0.617797 -0.157080 0.000000
vt 0.779017 -0.157080 0.000000
vt -0.617797 -0.078540 0.000000
vt 0.779017 -0.078540 0.000000
vt -0.617797 0.000000 0.000000
vt 0.779017 0.000000 0.000000
vt -0.617797 0.078540 0.000000
vt 0.779017 0.078540 0.000000
vt -0.617797 0.157080 0.000000
vt 0.779017 0.157080 0.000000
vt 0.779017 0.235619 0.000000
vt -3.098685 -0.198050 0.000000
vt -3.064740 -0.205729 0.000000
vt -3.032083 -0.218312 0.000000
vt -3.001688 -0.235619 0.000000
vt -3.411425 0.235619 0.000000
vt -2.014611 0.157080 0.000000
vt -2.014611 0.078540 0.000000
vt -2.014611 -0.000000 0.000000
vt -2.014611 -0.078540 0.000000
vt -3.411425 0.157080 0.000000
vt -3.411425 0.078540 0.000000
vt -3.411425 -0.000000 0.000000
vt -3.411425 -0.078540 0.000000
vt -0.225558 -0.074891 0.000000
vt -0.208051 -0.037422 0.000000
vt -0.286589 -0.000014 0.000000
vt -0.208051 0.037433 0.000000
vt -0.225561 0.074874 0.000000
vt -0.158113 0.124601 0.000000
vt -0.129513 0.037433 0.000000
vt -0.129513 0.112289 0.000000
vt -0.050974 0.037433 0.000000
vt -0.050974 0.112289 0.000000
vt 0.027564 0.037433 0.000000
vt 0.027564 0.112289 0.000000
vt 0.106103 0.037433 0.000000
vt 0.106103 0.112289 0.000000
vt 0.177472 0.093765 0.000000
vt 0.157075 0.181990 0.000000
vt -0.158108 -0.124610 0.000000
vt -0.129513 -0.037422 0.000000
vt -0.129513 -0.112278 0.000000
vt -0.087848 -0.162466 0.000000
vt -0.050974 -0.112278 0.000000
vt -0.016413 -0.195211 0.000000
vt 0.027564 -0.112278 0.000000
vt 0.027564 -0.187133 0.000000
vt 0.106103 -0.187133 0.000000
vt 0.055217 -0.227097 0.000000
vt 0.126161 -0.261989 0.000000
vt 0.157079 -0.181978 0.000000
vt 0.106103 -0.112278 0.000000
vt 0.027564 -0.037422 0.000000
vt -0.050974 -0.037422 0.000000
vt 0.177474 -0.093751 0.000000
vt 0.106103 -0.037422 0.000000
vt 0.184641 0.000007 0.000000
vt 0.106103 0.187144 0.000000
vt 0.126156 0.262000 0.000000
vt 0.055212 0.227104 0.000000
vt 0.027564 0.187144 0.000000
vt -0.016419 0.195213 0.000000
vt -0.087853 0.162463 0.000000
vt 2.554963 -0.157080 0.000000
vt 1.009249 -0.157080 0.000000
vt 2.554963 -0.235619 0.000000
vt -0.536465 -0.157080 0.000000
vt -2.082179 -0.157080 0.000000
vt -2.082179 -0.078540 0.000000
vt -3.627894 -0.078540 0.000000
vt -3.627894 0.000000 0.000000
vt -5.173608 0.000000 0.000000
vt -5.173608 0.078540 0.000000
vt -6.719322 0.078540 0.000000
vt -6.719322 0.157080 0.000000
vt -8.265037 0.157080 0.000000
vt -8.265037 0.235619 0.000000
vt -5.173608 0.157080 0.000000
vt -3.627894 0.157080 0.000000
vt -3.627894 0.078540 0.000000
vt -2.082179 0.078540 0.000000
vt -2.082179 0.000000 0.000000
vt -0.536465 0.000000 0.000000
vt -0.536465 -0.078540 0.000000
vt 1.009249 -0.078540 0.000000
vt 2.554963 -0.078540 0.000000
vt 1.009249 0.000000 0.000000
vt -0.536465 0.078540 0.000000
vt -2.082179 0.157080 0.000000
vt 2.554963 0.000000 0.000000
vt 1.009249 0.078540 0.000000
vt -0.536465 0.157080 0.000000
vt 2.554963 0.235619 0.000000
vt 2.554963 0.078540 0.000000
vt 1.009249 0.157080 0.000000
vt 2.554963 0.157080 0.000000
vt -8.265037 0.078540 0.000000
vt -6.719322 0.000000 0.000000
vt -5.173608 -0.078540 0.000000
vt -3.627894 -0.157080 0.000000
vt -8.265037 0.000000 0.000000
vt -6.719322 -0.078540 0.000000
vt -5.173608 -0.157080 0.000000
vt -8.265037 -0.235619 0.000000
vt -8.265037 -0.078540 0.000000
vt -6.719322 -0.157080 0.000000
vt -8.265037 -0.157080 0.000000
vt -0.225568 -0.074887 0.000000
vt -0.208059 -0.037431 0.000000
vt -0.286601 0.000000 0.000000
vt -0.208059 0.037425 0.000000
vt -0.225569 0.074885 0.000000
vt -0.158119 0.124609 0.000000
vt -0.129518 0.037425 0.000000
vt -0.129518 0.112281 0.000000
vt -0.050977 0.037425 0.000000
vt -0.050977 0.112281 0.000000
vt 0.027564 0.037425 0.000000
vt 0.027564 0.112281 0.000000
vt 0.106105 0.037425 0.000000
vt 0.106105 0.112281 0.000000
vt 0.177476 0.093759 0.000000
vt 0.157078 0.181984 0.000000
vt -0.158115 -0.124611 0.000000
vt -0.129518 -0.037431 0.000000
vt -0.129518 -0.112287 0.000000
vt -0.087852 -0.162470 0.000000
vt -0.050977 -0.112287 0.000000
vt -0.016414 -0.195217 0.000000
vt 0.027564 -0.112287 0.000000
vt 0.027564 -0.187143 0.000000
vt 0.106105 -0.187143 0.000000
vt 0.055220 -0.227105 0.000000
vt 0.126167 -0.261998 0.000000
vt 0.157086 -0.181987 0.000000
vt 0.106105 -0.112287 0.000000
vt 0.027564 -0.037431 0.000000
vt -0.050977 -0.037431 0.000000
vt 0.177480 -0.093760 0.000000
vt 0.106105 -0.037431 0.000000
vt 0.184647 -0.000000 0.000000
vt 0.106105 0.187137 0.000000
vt 0.126157 0.261993 0.000000
vt 0.055211 0.227101 0.000000
vt 0.027564 0.187137 0.000000
vt -0.016421 0.195214 0.000000
vt -0.087858 0.162467 0.000000
vt 0.455666 -0.235619 0.000000
vt 0.493108 -0.194600 0.000000
vt -3.253168 -0.235619 0.000000
vt -3.253168 -0.157080 0.000000
vt -1.856353 -0.157080 0.000000
vt -3.253168 -0.078540 0.000000
vt -1.856353 -0.078540 0.000000
vt -3.253168 0.000000 0.000000
vt -1.856353 0.000000 0.000000
vt -3.253168 0.078540 0.000000
vt -1.856353 0.078540 0.000000
vt -3.253168 0.157080 0.000000
vt -1.856353 0.157080 0.000000
vt -3.253168 0.235619 0.000000
vt -0.459539 0.157080 0.000000
vt 0.937275 0.235619 0.000000
vt 0.937275 0.157080 0.000000
vt 0.937275 0.078540 0.000000
vt -0.459539 0.078540 0.000000
vt 0.937275 0.000000 0.000000
vt -0.459539 0.000000 0.000000
vt 0.937275 -0.078540 0.000000
vt -0.459539 -0.078540 0.000000
vt 0.646570 -0.135833 0.000000
vt -0.459539 -0.157080 0.000000
vt 0.591985 -0.142682 0.000000
vt 0.539226 -0.162924 0.000000
vt 0.937275 -0.157080 0.000000
vt 0.701154 -0.142682 0.000000
vt 0.753913 -0.162924 0.000000
vt 0.800032 -0.194600 0.000000
vt 0.937275 -0.235619 0.000000
vt 0.837473 -0.235619 0.000000
vt -0.280322 -0.308094 0.000000
vt -0.235617 -0.342766 0.000000
vt -0.225038 -0.344332 0.000000
vt -0.235617 -0.444302 0.000000
vt -0.193622 -0.444302 0.000000
vt -0.193622 -0.545837 0.000000
vt -0.151627 -0.545837 0.000000
vt -0.157080 -0.647372 0.000000
vt -0.109632 -0.545837 0.000000
vt -0.078535 -0.647372 0.000000
vt -0.067637 -0.545837 0.000000
vt -0.000000 -0.647372 0.000000
vt -0.034930 -0.420065 0.000000
vt -0.340998 -0.283743 0.000000
vt -0.331389 -0.342766 0.000000
vt -0.284774 -0.342766 0.000000
vt -0.378004 -0.342766 0.000000
vt -0.372771 -0.275532 0.000000
vt -0.405277 -0.269753 0.000000
vt -0.424618 -0.342766 0.000000
vt -0.438100 -0.266337 0.000000
vt -0.471233 -0.360748 0.000000
vt -0.471233 -0.265201 0.000000
vt -0.424618 -0.444302 0.000000
vt -0.471233 -0.456289 0.000000
vt -0.424618 -0.545837 0.000000
vt -0.471233 -0.551831 0.000000
vt -0.471233 -0.647372 0.000000
vt -0.392698 -0.647372 0.000000
vt -0.378004 -0.545837 0.000000
vt -0.378004 -0.444302 0.000000
vt -0.331389 -0.545837 0.000000
vt -0.314153 -0.647372 0.000000
vt -0.284774 -0.545837 0.000000
vt -0.235617 -0.647372 0.000000
vt -0.235617 -0.545837 0.000000
vt -0.067637 -0.444302 0.000000
vt -0.077961 -0.332333 0.000000
vt -0.109632 -0.444302 0.000000
vt -0.109632 -0.342766 0.000000
vt -0.151627 -0.342766 0.000000
vt -0.135368 -0.267589 0.000000
vt -0.171197 -0.241231 0.000000
vt -0.195159 -0.298891 0.000000
vt -0.193622 -0.342766 0.000000
vt -0.151627 -0.444302 0.000000
vt -0.331389 -0.444302 0.000000
vt -0.284774 -0.444302 0.000000
vt -3.247189 0.167237 0.000000
vt -2.950000 0.184569 0.000000
vt -3.250000 0.222813 0.000000
vt -2.950000 0.246091 0.000000
vt -3.250000 0.283454 0.000000
vt -2.950000 0.307614 0.000000
vt -3.250000 0.344096 0.000000
vt -2.950000 0.369137 0.000000
vt -3.250000 0.404737 0.000000
vt -2.950000 0.430660 0.000000
vt -3.250000 0.465379 0.000000
vt -2.950000 0.492183 0.000000
vt -3.250000 0.526020 0.000000
vt -2.950000 0.553706 0.000000
vt -3.250000 0.586661 0.000000
vt -2.950000 0.615229 0.000000
vt -3.250000 0.647303 0.000000
vt -2.950000 0.676751 0.000000
vt -3.250000 0.707944 0.000000
vt -2.950000 0.738274 0.000000
vt -3.250000 0.768586 0.000000
vt -3.250000 -0.707963 0.000000
vt -2.950000 -0.738274 0.000000
vt -2.950000 -0.676751 0.000000
vt -3.250000 -0.647321 0.000000
vt -2.950000 -0.615229 0.000000
vt -3.250000 -0.586680 0.000000
vt -2.950000 -0.553706 0.000000
vt -3.250000 -0.526038 0.000000
vt -2.950000 -0.492183 0.000000
vt -3.250000 -0.465397 0.000000
vt -2.950000 -0.430660 0.000000
vt -3.250000 -0.404756 0.000000
vt -2.950000 -0.369137 0.000000
vt -3.250000 -0.344114 0.000000
vt -2.950000 -0.307614 0.000000
vt -3.250000 -0.283473 0.000000
vt -2.950000 -0.246091 0.000000
vt -3.250000 -0.222831 0.000000
vt -2.950000 -0.184569 0.000000
vt -3.247189 -0.167256 0.000000
vt -2.950000 -0.123046 0.000000
vt -3.241229 -0.111497 0.000000
vt -2.950000 -0.061523 0.000000
vt -3.235753 -0.055111 0.000000
vt -2.950000 0.000000 0.000000
vt -3.233557 -0.000009 0.000000
vt -3.235753 0.055093 0.000000
vt -2.950000 0.061523 0.000000
vt -3.241229 0.111479 0.000000
vt -2.950000 0.123046 0.000000
vt 0.044525 0.299500 0.000000
vt 0.022218 0.298002 0.000000
vt 0.066877 0.300000 0.000000
vt 0.000000 0.295507 0.000000
vt 0.000000 0.000000 0.000000
vt 1.300000 0.000000 0.000000
vt 1.300000 0.300000 0.000000
vt 0.295507 0.000000 0.000000
vt 0.294116 0.009653 0.000000
vt -0.000000 0.000000 0.000000
vt -0.000000 0.013090 0.000000
vt 0.292556 0.019576 0.000000
vt -0.000000 0.026180 0.000000
vt 0.290952 0.029497 0.000000
vt 0.000000 0.039270 0.000000
vt 0.289455 0.039149 0.000000
vt 0.288134 0.048804 0.000000
vt 0.000000 0.052360 0.000000
vt 0.287058 0.058784 0.000000
vt 0.000000 0.065450 0.000000
vt 0.286379 0.068795 0.000000
vt 0.000000 0.078540 0.000000
vt 0.286148 0.078540 0.000000
vt 1.300000 0.286148 0.000000
vt 0.000000 0.286148 0.000000
vt 1.300000 0.000000 0.000000
vt 0.000000 0.000000 0.000000
vt 0.286148 0.000000 0.000000
vt 0.286379 0.009745 0.000000
vt 0.000000 0.000000 0.000000
vt 0.000000 0.013090 0.000000
vt 0.287058 0.019756 0.000000
vt 0.000000 0.026180 0.000000
vt 0.288134 0.029736 0.000000
vt 0.000000 0.039270 0.000000
vt 0.289455 0.039391 0.000000
vt 0.290952 0.049043 0.000000
vt 0.000000 0.052360 0.000000
vt 0.292556 0.058964 0.000000
vt -0.000000 0.065450 0.000000
vt 0.294116 0.068886 0.000000
vt -0.000000 0.078540 0.000000
vt 0.295507 0.078540 0.000000
vt 1.300000 0.000000 0.000000
vt 1.300000 0.295507 0.000000
vt 1.233123 0.300000 0.000000
vt 1.277782 0.298002 0.000000
vt 1.255475 0.299500 0.000000
vt 0.000000 0.300000 0.000000
vt 0.000000 0.000000 0.000000
vt 0.044525 0.299500 0.000000
vt 0.022218 0.298002 0.000000
vt 0.066877 0.300000 0.000000
vt 0.000000 0.295507 0.000000
vt 0.000000 0.000000 0.000000
vt 1.300000 0.000000 0.000000
vt 1.300000 0.300000 0.000000
vt 0.295507 0.000000 0.000000
vt 0.294116 0.009653 0.000000
vt -0.000000 0.000000 0.000000
vt -0.000000 0.013090 0.000000
vt 0.292556 0.019576 0.000000
vt -0.000000 0.026180 0.000000
vt 0.290952 0.029497 0.000000
vt 0.000000 0.039270 0.000000
vt 0.289455 0.039149 0.000000
vt 0.288134 0.048804 0.000000
vt 0.000000 0.052360 0.000000
vt 0.287058 0.058784 0.000000
vt 0.000000 0.065450 0.000000
vt 0.286379 0.068795 0.000000
vt 0.000000 0.078540 0.000000
vt 0.286148 0.078540 0.000000
vt 1.300000 0.286148 0.000000
vt 0.000000 0.286148 0.000000
vt 1.300000 0.000000 0.000000
vt 0.000000 0.000000 0.000000
vt 0.286148 0.000000 0.000000
vt 0.286379 0.009745 0.000000
vt 0.000000 0.000000 0.000000
vt -0.000000 0.013090 0.000000
vt 0.287058 0.019756 0.000000
vt -0.000000 0.026180 0.000000
vt 0.288134 0.029736 0.000000
vt -0.000000 0.039270 0.000000
vt 0.289455 0.039391 0.000000
vt 0.290952 0.049043 0.000000
vt 0.000000 0.052360 0.000000
vt 0.292556 0.058964 0.000000
vt -0.000000 0.065450 0.000000
vt 0.294116 0.068886 0.000000
vt 0.000000 0.078540 0.000000
vt 0.295507 0.078540 0.000000
vt 1.300000 0.000000 0.000000
vt 1.300000 0.295507 0.000000
vt 1.233123 0.300000 0.000000
vt 1.277782 0.298002 0.000000
vt 1.255475 0.299500 0.000000
vt 0.000000 0.300000 0.000000
vt 0.000000 0.000000 0.000000
vt 0.000000 0.000000 0.000000
vt 1.300000 0.000000 0.000000
vt 0.000000 0.300000 0.000000
vt 1.300000 0.300000 0.000000
vt 0.300000 0.078540 0.000000
vt 0.000000 0.078540 0.000000
vt 0.300000 0.065450 0.000000
vt -0.000000 0.065450 0.000000
vt 0.300000 0.052360 0.000000
vt -0.000000 0.052360 0.000000
vt 0.300000 0.039270 0.000000
vt -0.000000 0.039270 0.000000
vt 0.300000 0.026180 0.000000
vt 0.000000 0.026180 0.000000
vt 0.300000 0.013090 0.000000
vt -0.000000 0.013090 0.000000
vt 0.300000 0.000000 0.000000
vt 0.000000 0.000000 0.000000
vt -0.000000 0.000000 0.000000
vt 1.300000 0.000000 0.000000
vt -0.000000 0.300000 0.000000
vt 1.300000 0.300000 0.000000
vt 0.300000 0.078540 0.000000
vt -0.000000 0.078540 0.000000
vt 0.300000 0.065450 0.000000
vt -0.000000 0.065450 0.000000
vt 0.300000 0.052360 0.000000
vt 0.000000 0.052360 0.000000
vt 0.300000 0.039270 0.000000
vt -0.000000 0.039270 0.000000
vt 0.300000 0.026180 0.000000
vt 0.000000 0.026180 0.000000
vt 0.300000 0.013090 0.000000
vt 0.000000 0.013090 0.000000
vt 0.300000 0.000000 0.000000
vt 0.000000 0.000000 0.000000
vt 0.000000 0.000000 0.000000
vt 1.300000 0.000000 0.000000
vt 0.000000 0.300000 0.000000
vt 1.300000 0.300000 0.000000
vt 0.300000 0.078540 0.000000
vt 0.000000 0.078540 0.000000
vt 0.300000 0.065450 0.000000
vt 0.000000 0.065450 0.000000
vt 0.300000 0.052360 0.000000
vt 0.000000 0.052360 0.000000
vt 0.300000 0.039270 0.000000
vt 0.000000 0.039270 0.000000
vt 0.300000 0.026180 0.000000
vt 0.000000 0.026180 0.000000
vt 0.300000 0.013090 0.000000
vt -0.000000 0.013090 0.000000
vt 0.300000 0.000000 0.000000
vt -0.000000 0.000000 0.000000
vt 0.000000 0.000000 0.000000
vt 1.300000 0.000000 0.000000
vt 0.000000 0.300000 0.000000
vt 1.300000 0.300000 0.000000
vt 0.300000 0.078540 0.000000
vt 0.000000 0.078540 0.000000
vt 0.300000 0.065450 0.000000
vt -0.000000 0.065450 0.000000
vt 0.300000 0.052360 0.000000
vt 0.000000 0.052360 0.000000
vt 0.300000 0.039270 0.000000
vt -0.000000 0.039270 0.000000
vt 0.300000 0.026180 0.000000
vt -0.000000 0.026180 0.000000
vt 0.300000 0.013090 0.000000
vt -0.000000 0.013090 0.000000
vt 0.300000 0.000000 0.000000
vt 0.000000 0.000000 0.000000
vt 1.300000 0.000000 0.000000
vt 1.300000 0.295507 0.000000
vt 1.233123 0.300000 0.000000
vt 1.277782 0.298002 0.000000
vt 1.255475 0.299500 0.000000
vt 0.000000 0.300000 0.000000
vt 0.000000 0.000000 0.000000
vt 0.300000 0.078540 0.000000
vt 0.000000 0.078540 0.000000
vt 0.300000 0.065450 0.000000
vt 0.000000 0.065450 0.000000
vt 0.300000 0.052360 0.000000
vt 0.000000 0.052360 0.000000
vt 0.300000 0.039270 0.000000
vt -0.000000 0.039270 0.000000
vt 0.300000 0.026180 0.000000
vt 0.000000 0.026180 0.000000
vt 0.300000 0.013090 0.000000
vt 0.000000 0.013090 0.000000
vt 0.300000 0.000000 0.000000
vt -0.000000 0.000000 0.000000
vt -0.000000 0.000000 0.000000
vt 1.300000 0.000000 0.000000
vt -0.000000 0.300000 0.000000
vt 1.300000 0.300000 0.000000
vt 0.300000 0.078540 0.000000
vt 0.000000 0.078540 0.000000
vt 0.300000 0.065450 0.000000
vt -0.000000 0.065450 0.000000
vt 0.300000 0.052360 0.000000
vt 0.000000 0.052360 0.000000
vt 0.300000 0.039270 0.000000
vt 0.000000 0.039270 0.000000
vt 0.300000 0.026180 0.000000
vt 0.000000 0.026180 0.000000
vt 0.300000 0.013090 0.000000
vt 0.000000 0.013090 0.000000
vt 0.300000 -0.000000 0.000000
vt 0.000000 -0.000000 0.000000
vt 0.044525 0.299500 0.000000
vt 0.022218 0.298002 0.000000
vt 0.066877 0.300000 0.000000
vt 0.000000 0.295507 0.000000
vt 0.000000 0.000000 0.000000
vt 1.300000 0.000000 0.000000
vt 1.300000 0.300000 0.000000
vt 0.295507 0.000000 0.000000
vt 0.294116 0.009653 0.000000
vt 0.000000 0.000000 0.000000
vt 0.000000 0.013090 0.000000
vt 0.292556 0.019576 0.000000
vt 0.000000 0.026180 0.000000
vt 0.290952 0.029497 0.000000
vt -0.000000 0.039270 0.000000
vt 0.289455 0.039149 0.000000
vt 0.288134 0.048804 0.000000
vt -0.000000 0.052360 0.000000
vt 0.287058 0.058784 0.000000
vt -0.000000 0.065450 0.000000
vt 0.286379 0.068795 0.000000
vt 0.000000 0.078540 0.000000
vt 0.286148 0.078540 0.000000
vt 1.300000 0.286148 0.000000
vt 0.000000 0.286148 0.000000
vt 1.300000 0.000000 0.000000
vt 0.000000 0.000000 0.000000
vt 0.286148 0.000000 0.000000
vt 0.286379 0.009745 0.000000
vt 0.000000 0.000000 0.000000
vt 0.000000 0.013090 0.000000
vt 0.287058 0.019756 0.000000
vt 0.000000 0.026180 0.000000
vt 0.288134 0.029736 0.000000
vt 0.000000 0.039270 0.000000
vt 0.289455 0.039391 0.000000
vt 0.290952 0.049043 0.000000
vt 0.000000 0.052360 0.000000
vt 0.292556 0.058964 0.000000
vt -0.000000 0.065450 0.000000
vt 0.294116 0.068886 0.000000
vt -0.000000 0.078540 0.000000
vt 0.295507 0.078540 0.000000
vt 0.300000 0.078540 0.000000
vt 0.000000 0.078540 0.000000
vt 0.300000 0.065450 0.000000
vt 0.000000 0.065450 0.000000
vt 0.300000 0.052360 0.000000
vt 0.000000 0.052360 0.000000
vt 0.300000 0.039270 0.000000
vt 0.000000 0.039270 0.000000
vt 0.300000 0.026180 0.000000
vt 0.000000 0.026180 0.000000
vt 0.300000 0.013090 0.000000
vt -0.000000 0.013090 0.000000
vt 0.300000 0.000000 0.000000
vt -0.000000 0.000000 0.000000
vt -0.000000 0.000000 0.000000
vt 1.300000 0.000000 0.000000
vt -0.000000 0.300000 0.000000
vt 1.300000 0.300000 0.000000
vt 0.300000 0.078540 0.000000
vt -0.000000 0.078540 0.000000
vt 0.300000 0.065450 0.000000
vt -0.000000 0.065450 0.000000
vt 0.300000 0.052360 0.000000
vt 0.000000 0.052360 0.000000
vt 0.300000 0.039270 0.000000
vt 0.000000 0.039270 0.000000
vt 0.300000 0.026180 0.000000
vt 0.000000 0.026180 0.000000
vt 0.300000 0.013090 0.000000
vt 0.000000 0.013090 0.000000
vt 0.300000 0.000000 0.000000
vt 0.000000 0.000000 0.000000
vt 0.000000 0.000000 0.000000
vt 1.300000 0.000000 0.000000
vt 0.000000 0.300000 0.000000
vt 1.300000 0.300000 0.000000
vt 0.300000 0.078540 0.000000
vt 0.000000 0.078540 0.000000
vt 0.300000 0.065450 0.000000
vt 0.000000 0.065450 0.000000
vt 0.300000 0.052360 0.000000
vt 0.000000 0.052360 0.000000
vt 0.300000 0.039270 0.000000
vt 0.000000 0.039270 0.000000
vt 0.300000 0.026180 0.000000
vt -0.000000 0.026180 0.000000
vt 0.300000 0.013090 0.000000
vt -0.000000 0.013090 0.000000
vt 0.300000 0.000000 0.000000
vt -0.000000 0.000000 0.000000
vt -0.000000 0.000000 0.000000
vt 1.300000 0.000000 0.000000
vt -0.000000 0.300000 0.000000
vt 1.300000 0.300000 0.000000
vt 0.300000 0.078540 0.000000
vt -0.000000 0.078540 0.000000
vt 0.300000 0.065450 0.000000
vt -0.000000 0.065450 0.000000
vt 0.300000 0.052360 0.000000
vt 0.000000 0.052360 0.000000
vt 0.300000 0.039270 0.000000
vt -0.000000 0.039270 0.000000
vt 0.300000 0.026180 0.000000
vt 0.000000 0.026180 0.000000
vt 0.300000 0.013090 0.000000
vt 0.000000 0.013090 0.000000
vt 0.300000 0.000000 0.000000
vt 0.000000 0.000000 0.000000
vt 0.000000 0.000000 0.000000
vt 1.300000 0.000000 0.000000
vt 0.000000 0.300000 0.000000
vt 1.300000 0.300000 0.000000
vt 0.300000 0.078540 0.000000
vt 0.000000 0.078540 0.000000
vt 0.300000 0.065450 0.000000
vt 0.000000 0.065450 0.000000
vt 0.300000 0.052360 0.000000
vt 0.000000 0.052360 0.000000
vt 0.300000 0.039270 0.000000
vt -0.000000 0.039270 0.000000
vt 0.300000 0.026180 0.000000
vt 0.000000 0.026180 0.000000
vt 0.300000 0.013090 0.000000
vt 0.000000 0.013090 0.000000
vt 0.300000 0.000000 0.000000
vt -0.000000 0.000000 0.000000
vt 0.000000 0.000000 0.000000
vt 1.300000 0.000000 0.000000
vt 0.000000 0.300000 0.000000
vt 1.300000 0.300000 0.000000
vt 0.300000 0.078540 0.000000
vt -0.000000 0.078540 0.000000
vt 0.300000 0.065450 0.000000
vt -0.000000 0.065450 0.000000
vt 0.300000 0.052360 0.000000
vt 0.000000 0.052360 0.000000
vt 0.300000 0.039270 0.000000
vt 0.000000 0.039270 0.000000
vt 0.300000 0.026180 0.000000
vt 0.000000 0.026180 0.000000
vt 0.300000 0.013090 0.000000
vt 0.000000 0.013090 0.000000
vt 0.300000 0.000000 0.000000
vt 0.000000 0.000000 0.000000
vt 0.000000 0.000000 0.000000
vt 1.300000 0.000000 0.000000
vt 0.000000 0.300000 0.000000
vt 1.300000 0.300000 0.000000
vt 0.300000 0.078540 0.000000
vt 0.000000 0.078540 0.000000
vt 0.300000 0.065450 0.000000
vt 0.000000 0.065450 0.000000
vt 0.300000 0.052360 0.000000
vt 0.000000 0.052360 0.000000
vt 0.300000 0.039270 0.000000
vt -0.000000 0.039270 0.000000
vt 0.300000 0.026180 0.000000
vt 0.000000 0.026180 0.000000
vt 0.300000 0.013090 0.000000
vt 0.000000 0.013090 0.000000
vt 0.300000 0.000000 0.000000
vt -0.000000 0.000000 0.000000
vt -0.000000 0.000000 0.000000
vt 1.300000 0.000000 0.000000
vt -0.000000 0.300000 0.000000
vt 1.300000 0.300000 0.000000
vt 0.300000 0.078540 0.000000
vt 0.000000 0.078540 0.000000
vt 0.300000 0.065450 0.000000
vt -0.000000 0.065450 0.000000
vt 0.300000 0.052360 0.000000
vt 0.000000 0.052360 0.000000
vt 0.300000 0.039270 0.000000
vt 0.000000 0.039270 0.000000
vt 0.300000 0.026180 0.000000
vt 0.000000 0.026180 0.000000
vt 0.300000 0.013090 0.000000
vt 0.000000 0.013090 0.000000
vt 0.300000 -0.000000 0.000000
vt 0.000000 -0.000000 0.000000
vt 0.000000 0.000000 0.000000
vt 1.300000 0.000000 0.000000
vt 0.000000 0.300000 0.000000
vt 1.300000 0.300000 0.000000
vt 0.300000 0.078540 0.000000
vt 0.000000 0.078540 0.000000
vt 0.300000 0.065450 0.000000
vt -0.000000 0.065450 0.000000
vt 0.300000 0.052360 0.000000
vt -0.000000 0.052360 0.000000
vt 0.300000 0.039270 0.000000
vt -0.000000 0.039270 0.000000
vt 0.300000 0.026180 0.000000
vt 0.000000 0.026180 0.000000
vt 0.300000 0.013090 0.000000
vt 0.000000 0.013090 0.000000
vt 0.300000 0.000000 0.000000
vt 0.000000 0.000000 0.000000
vt 0.000000 0.000000 0.000000
vt 1.300000 0.000000 0.000000
vt 0.000000 0.300000 0.000000
vt 1.300000 0.300000 0.000000
vt 0.300000 0.078540 0.000000
vt -0.000000 0.078540 0.000000
vt 0.300000 0.065450 0.000000
vt -0.000000 0.065450 0.000000
vt 0.300000 0.052360 0.000000
vt 0.000000 0.052360 0.000000
vt 0.300000 0.039270 0.000000
vt 0.000000 0.039270 0.000000
vt 0.300000 0.026180 0.000000
vt 0.000000 0.026180 0.000000
vt 0.300000 0.013090 0.000000
vt 0.000000 0.013090 0.000000
vt 0.300000 0.000000 0.000000
vt 0.000000 0.000000 0.000000
vt 0.300000 0.078540 0.000000
vt 0.000000 0.078540 0.000000
vt 0.300000 0.065450 0.000000
vt -0.000000 0.065450 0.000000
vt 0.300000 0.052360 0.000000
vt -0.000000 0.052360 0.000000
vt 0.300000 0.039270 0.000000
vt -0.000000 0.039270 0.000000
vt 0.300000 0.026180 0.000000
vt 0.000000 0.026180 0.000000
vt 0.300000 0.013090 0.000000
vt -0.000000 0.013090 0.000000
vt 0.300000 0.000000 0.000000
vt 0.000000 0.000000 0.000000
vt -0.000000 0.000000 0.000000
vt 1.300000 0.000000 0.000000
vt -0.000000 0.300000 0.000000
vt 1.300000 0.300000 0.000000
vt 0.300000 0.078540 0.000000
vt -0.000000 0.078540 0.000000
vt 0.300000 0.065450 0.000000
vt -0.000000 0.065450 0.000000
vt 0.300000 0.052360 0.000000
vt 0.000000 0.052360 0.000000
vt 0.300000 0.039270 0.000000
vt -0.000000 0.039270 0.000000
vt 0.300000 0.026180 0.000000
vt 0.000000 0.026180 0.000000
vt 0.300000 0.013090 0.000000
vt 0.000000 0.013090 0.000000
vt 0.300000 0.000000 0.000000
vt 0.000000 0.000000 0.000000
vt 1.300000 0.000000 0.000000
vt 1.300000 0.295507 0.000000
vt 1.233123 0.300000 0.000000
vt 1.277782 0.298002 0.000000
vt 1.255475 0.299500 0.000000
vt 0.000000 0.300000 0.000000
vt 0.000000 0.000000 0.000000
vt 0.300000 0.078540 0.000000
vt 0.000000 0.078540 0.000000
vt 0.300000 0.065450 0.000000
vt 0.000000 0.065450 0.000000
vt 0.300000 0.052360 0.000000
vt 0.000000 0.052360 0.000000
vt 0.300000 0.039270 0.000000
vt 0.000000 0.039270 0.000000
vt 0.300000 0.026180 0.000000
vt -0.000000 0.026180 0.000000
vt 0.300000 0.013090 0.000000
vt -0.000000 0.013090 0.000000
vt 0.300000 0.000000 0.000000
vt -0.000000 0.000000 0.000000
vt -0.000000 0.000000 0.000000
vt 1.300000 0.000000 0.000000
vt -0.000000 0.300000 0.000000
vt 1.300000 0.300000 0.000000
vt 0.300000 0.078540 0.000000
vt -0.000000 0.078540 0.000000
vt 0.300000 0.065450 0.000000
vt -0.000000 0.065450 0.000000
vt 0.300000 0.052360 0.000000
vt 0.000000 0.052360 0.000000
vt 0.300000 0.039270 0.000000
vt 0.000000 0.039270 0.000000
vt 0.300000 0.026180 0.000000
vt 0.000000 0.026180 0.000000
vt 0.300000 0.013090 0.000000
vt 0.000000 0.013090 0.000000
vt 0.300000 0.000000 0.000000
vt 0.000000 0.000000 0.000000
vt 0.044525 0.299500 0.000000
vt 0.022218 0.298002 0.000000
vt 0.066877 0.300000 0.000000
vt 0.000000 0.295507 0.000000
vt 0.000000 0.000000 0.000000
vt 1.300000 0.000000 0.000000
vt 1.300000 0.300000 0.000000
vt 0.295507 0.000000 0.000000
vt 0.294116 0.009653 0.000000
vt -0.000000 0.000000 0.000000
vt 0.000000 0.013090 0.000000
vt 0.292556 0.019576 0.000000
vt 0.000000 0.026180 0.000000
vt 0.290952 0.029497 0.000000
vt -0.000000 0.039270 0.000000
vt 0.289455 0.039149 0.000000
vt 0.288134 0.048804 0.000000
vt 0.000000 0.052360 0.000000
vt 0.287058 0.058784 0.000000
vt 0.000000 0.065450 0.000000
vt 0.286379 0.068795 0.000000
vt 0.000000 0.078540 0.000000
vt 0.286148 0.078540 0.000000
vt 1.300000 0.286148 0.000000
vt 0.000000 0.286148 0.000000
vt 1.300000 0.000000 0.000000
vt 0.000000 0.000000 0.000000
vt 0.286148 0.000000 0.000000
vt 0.286379 0.009745 0.000000
vt 0.000000 0.000000 0.000000
vt 0.000000 0.013090 0.000000
vt 0.287058 0.019756 0.000000
vt 0.000000 0.026180 0.000000
vt 0.288134 0.029736 0.000000
vt 0.000000 0.039270 0.000000
vt 0.289455 0.039391 0.000000
vt 0.290952 0.049043 0.000000
vt 0.000000 0.052360 0.000000
vt 0.292556 0.058964 0.000000
vt -0.000000 0.065450 0.000000
vt 0.294116 0.068886 0.000000
vt -0.000000 0.078540 0.000000
vt 0.295507 0.078540 0.000000
vt 0.000000 0.000000 0.000000
vt 1.300000 0.000000 0.000000
vt 0.000000 0.300000 0.000000
vt 1.300000 0.300000 0.000000
vt 0.300000 0.078540 0.000000
vt 0.000000 0.078540 0.000000
vt 0.300000 0.065450 0.000000
vt 0.000000 0.065450 0.000000
vt 0.300000 0.052360 0.000000
vt 0.000000 0.052360 0.000000
vt 0.300000 0.039270 0.000000
vt 0.000000 0.039270 0.000000
vt 0.300000 0.026180 0.000000
vt 0.000000 0.026180 0.000000
vt 0.300000 0.013090 0.000000
vt -0.000000 0.013090 0.000000
vt 0.300000 0.000000 0.000000
vt -0.000000 0.000000 0.000000
vt -0.000000 0.000000 0.000000
vt 1.300000 0.000000 0.000000
vt -0.000000 0.300000 0.000000
vt 1.300000 0.300000 0.000000
vt 0.300000 0.078540 0.000000
vt -0.000000 0.078540 0.000000
vt 0.300000 0.065450 0.000000
vt -0.000000 0.065450 0.000000
vt 0.300000 0.052360 0.000000
vt 0.000000 0.052360 0.000000
vt 0.300000 0.039270 0.000000
vt -0.000000 0.039270 0.000000
vt 0.300000 0.026180 0.000000
vt 0.000000 0.026180 0.000000
vt 0.300000 0.013090 0.000000
vt 0.000000 0.013090 0.000000
vt 0.300000 0.000000 0.000000
vt 0.000000 0.000000 0.000000
vt 0.000000 0.000000 0.000000
vt 1.300000 0.000000 0.000000
vt 0.000000 0.300000 0.000000
vt 1.300000 0.300000 0.000000
vt 0.300000 0.078540 0.000000
vt 0.000000 0.078540 0.000000
vt 0.300000 0.065450 0.000000
vt 0.000000 0.065450 0.000000
vt 0.300000 0.052360 0.000000
vt 0.000000 0.052360 0.000000
vt 0.300000 0.039270 0.000000
vt 0.000000 0.039270 0.000000
vt 0.300000 0.026180 0.000000
vt 0.000000 0.026180 0.000000
vt 0.300000 0.013090 0.000000
vt -0.000000 0.013090 0.000000
vt 0.300000 0.000000 0.000000
vt -0.000000 0.000000 0.000000
vt 0.000000 0.000000 0.000000
vt 1.300000 0.000000 0.000000
vt 0.000000 0.300000 0.000000
vt 1.300000 0.300000 0.000000
vt 0.300000 0.078540 0.000000
vt -0.000000 0.078540 0.000000
vt 0.300000 0.065450 0.000000
vt -0.000000 0.065450 0.000000
vt 0.300000 0.052360 0.000000
vt 0.000000 0.052360 0.000000
vt 0.300000 0.039270 0.000000
vt 0.000000 0.039270 0.000000
vt 0.300000 0.026180 0.000000
vt 0.000000 0.026180 0.000000
vt 0.300000 0.013090 0.000000
vt 0.000000 0.013090 0.000000
vt 0.300000 0.000000 0.000000
vt 0.000000 0.000000 0.000000
vn 0.903275 -0.429062 0.000000
vn 0.866025 -0.500000 0.000000
vn 0.829593 -0.558369 0.000000
vn 0.707107 -0.707107 0.000000
vn 0.661985 -0.749517 0.000000
vn 0.500000 -0.866025 0.000000
vn 0.451594 -0.892224 0.000000
vn 0.258819 -0.965926 0.000000
vn 0.212016 -0.977266 0.000000
vn -0.000000 -1.000000 -0.000000
vn -0.041265 -0.999148 -0.000000
vn -0.258819 -0.965926 -0.000000
vn -0.291878 -0.956456 -0.000000
vn -0.500000 -0.866025 -0.000000
vn -0.523628 -0.851947 -0.000000
vn -0.707107 -0.707107 -0.000000
vn -0.721535 -0.692378 -0.000000
vn -0.866025 -0.500000 -0.000000
vn -0.872810 -0.488060 -0.000000
vn -0.965926 -0.258819 -0.000000
vn -0.967675 -0.252199 -0.000000
vn -1.000000 -0.000000 -0.000000
vn -1.000000 -0.000039 -0.000000
vn -0.967695 0.252124 0.000000
vn -0.965926 0.258819 0.000000
vn -0.872848 0.487992 0.000000
vn -0.866025 0.500000 0.000000
vn -0.721589 0.692322 0.000000
vn -0.707107 0.707107 0.000000
vn -0.523694 0.851906 0.000000
vn -0.500000 0.866025 0.000000
vn -0.291953 0.956433 0.000000
vn -0.258819 0.965926 0.000000
vn -0.041343 0.999145 0.000000
vn -0.000000 1.000000 0.000000
vn 0.211939 0.977283 0.000000
vn 0.258819 0.965926 0.000000
vn 0.451524 0.892259 0.000000
vn 0.500000 0.866025 0.000000
vn 0.661926 0.749569 0.000000
vn 0.707107 0.707107 0.000000
vn 0.829549 0.558434 0.000000
vn 0.866025 0.500000 0.000000
vn 0.903241 0.429133 0.000000
vn 0.965926 0.258819 0.000000
vn 0.956952 0.290247 0.000000
vn 0.989324 0.145730 0.000000
vn 1.000000 0.000000 0.000000
vn 1.000000 0.000039 0.000000
vn 0.989336 -0.145653 0.000000
vn 0.965926 -0.258819 0.000000
vn 0.956974 -0.290173 0.000000
vn 0.000000 0.000000 1.000000
vn 0.000000 0.000000 1.000000
vn 0.000000 0.000000 1.000000
vn 0.000000 0.000000 1.000000
vn 0.000000 0.000000 1.000000
vn 0.000000 0.000000 1.000000
vn 0.000000 0.000000 1.000000
vn 0.000000 0.000000 1.000000
vn 0.000000 0.000000 1.000000
vn 0.000000 0.000000 1.000000
vn 0.000000 0.000000 1.000000
vn 0.000000 0.000000 1.000000
vn 0.000000 0.000000 1.000000
vn 0.000000 0.000000 1.000000
vn 0.000000 0.000000 1.000000
vn 0.000000 0.000000 1.000000
vn 0.000000 0.000000 1.000000
vn 0.000000 0.000000 1.000000
vn 0.000000 0.000000 1.000000
vn 0.000000 0.000000 1.000000
vn 0.000000 0.000000 1.000000
vn 0.000000 0.000000 1.000000
vn 0.000000 0.000000 1.000000
vn 0.000000 0.000000 1.000000
vn 0.000000 0.000000 1.000000
vn 0.000000 0.000000 1.000000
vn 0.000000 0.000000 1.000000
vn 0.000000 0.000000 1.000000
vn 0.000000 0.000000 1.000000
vn 0.000000 0.000000 1.000000
vn 0.000000 0.000000 1.000000
vn 0.000000 0.000000 1.000000
vn 0.000000 0.000000 1.000000
vn 0.000000 0.000000 1.000000
vn 0.000000 0.000000 1.000000
vn 0.000000 0.000000 1.000000
vn 0.000000 0.000000 1.000000
vn 0.000000 0.000000 1.000000
vn 0.000000 0.000000 1.000000
vn 0.000000 0.000000 1.000000
vn 0.000000 0.000000 1.000000
vn 0.000000 0.000000 1.000000
vn 0.000000 0.000000 1.000000
vn 0.000000 0.000000 1.000000
vn 0.000000 0.000000 1.000000
vn 0.000000 0.000000 1.000000
vn 0.000000 0.000000 1.000000
vn 0.000000 0.000000 1.000000
vn 0.000000 0.000000 1.000000
vn 0.000000 0.000000 1.000000
vn 0.000000 0.000000 1.000000
vn 0.000000 0.000000 1.000000
vn 0.000000 0.000000 1.000000
vn 0.000000 0.000000 1.000000
vn 0.000000 0.000000 1.000000
vn 0.000000 0.000000 1.000000
vn 0.000000 0.000000 1.000000
vn 0.000000 0.000000 1.000000
vn 0.000000 0.000000 1.000000
vn 0.000000 0.000000 1.000000
vn 0.000000 0.000000 1.000000
vn 0.000000 0.000000 1.000000
vn 0.000000 0.000000 1.000000
vn 0.000000 0.000000 1.000000
vn 0.000000 0.000000 1.000000
vn 0.000000 0.000000 1.000000
vn 0.000000 0.000000 1.000000
vn 0.000000 0.000000 1.000000
vn 0.000000 0.000000 1.000000
vn 0.000000 0.000000 1.000000
vn 0.000000 0.000000 1.000000
vn 0.000000 0.000000 1.000000
vn 0.000000 0.000000 1.000000
vn 0.000000 0.000000 1.000000
vn 0.000000 0.000000 1.000000
vn 0.000000 0.000000 1.000000
vn 0.000000 0.000000 1.000000
vn 0.000000 0.000000 1.000000
vn 0.000000 0.000000 1.000000
vn 0.000000 0.000000 1.000000
vn 0.000000 0.000000 1.000000
vn 0.000000 0.000000 1.000000
vn 0.000000 0.000000 1.000000
vn 0.000000 0.000000 1.000000
vn 0.000000 0.000000 1.000000
vn 0.000000 0.000000 1.000000
vn 0.000000 0.000000 1.000000
vn 0.000000 0.000000 1.000000
vn 0.000000 0.000000 1.000000
vn 0.000000 0.000000 1.000000
vn 0.000000 0.000000 1.000000
vn 0.000000 0.000000 1.000000
vn 0.000000 0.000000 1.000000
vn 0.000000 0.000000 1.000000
vn 0.000000 0.000000 1.000000
vn 0.000000 0.000000 1.000000
vn 0.000000 0.000000 1.000000
vn 0.000000 0.000000 1.000000
vn 0.000000 0.000000 1.000000
vn 0.000000 0.000000 1.000000
vn 0.000000 0.000000 1.000000
vn 0.000000 0.000000 1.000000
vn 0.000000 0.000000 1.000000
vn 0.000000 0.000000 1.000000
vn 0.000000 0.000000 1.000000
vn 0.000000 0.000000 1.000000
vn 0.000000 0.000000 1.000000
vn 0.000000 0.000000 1.000000
vn 0.000000 0.000000 1.000000
vn 0.000000 0.000000 1.000000
vn 0.000000 0.000000 1.000000
vn 0.000000 0.000000 1.000000
vn 0.000000 0.000000 1.000000
vn 0.000000 0.000000 1.000000
vn 0.000000 0.000000 1.000000
vn 0.000000 0.000000 1.000000
vn 0.000000 0.000000 1.000000
vn 0.000000 0.000000 1.000000
vn 0.000000 0.000000 1.000000
vn 0.000000 0.000000 1.000000
vn 0.000000 0.000000 1.000000
vn 0.000000 0.000000 1.000000
vn 0.000000 0.000000 1.000000
vn 0.000000 0.000000 1.000000
vn 0.000000 0.000000 1.000000
vn 0.000000 0.000000 1.000000
vn 0.000000 0.000000 1.000000
vn 0.000000 0.000000 1.000000
vn 0.000000 0.000000 1.000000
vn 0.000000 0.000000 1.000000
vn 0.000000 0.000000 1.000000
vn 0.000000 0.000000 1.000000
vn 0.000000 0.000000 1.000000
vn 0.000000 0.000000 1.000000
vn 0.000000 0.000000 1.000000
vn 0.000000 0.000000 1.000000
vn 0.000000 0.000000 1.000000
vn 0.000000 0.000000 1.000000
vn 0.000000 0.000000 1.000000
vn 0.000000 0.000000 1.000000
vn 0.000000 0.000000 1.000000
vn 0.000000 0.000000 1.000000
vn 0.000000 0.000000 1.000000
vn 0.000000 0.000000 1.000000
vn 0.000000 0.000000 1.000000
vn 0.000000 0.000000 1.000000
vn 0.000000 0.000000 1.000000
vn 0.000000 0.000000 1.000000
vn 0.000000 0.000000 1.000000
vn 0.000000 0.000000 1.000000
vn 0.000000 0.000000 1.000000
vn 0.000000 0.000000 1.000000
vn 0.000000 0.000000 1.000000
vn 0.000000 0.000000 1.000000
vn 0.000000 0.000000 1.000000
vn 0.000000 0.000000 1.000000
vn 0.000000 0.000000 1.000000
vn 0.000000 0.000000 1.000000
vn 0.000000 0.000000 1.000000
vn 0.000000 0.000000 1.000000
vn 0.000000 0.000000 1.000000
vn 0.000000 0.000000 1.000000
vn 0.000000 0.000000 1.000000
vn 0.000000 0.000000 1.000000
vn 0.000000 0.000000 1.000000
vn 0.000000 0.000000 1.000000
vn 0.000000 0.000000 1.000000
vn 0.000000 0.000000 1.000000
vn 0.000000 0.000000 1.000000
vn 0.000000 0.000000 1.000000
vn 0.000000 0.000000 1.000000
vn 0.000000 0.000000 1.000000
vn 0.000000 0.000000 1.000000
vn 0.000000 0.000000 1.000000
vn 0.000000 0.000000 1.000000
vn 0.000000 0.000000 1.000000
vn 0.000000 0.000000 1.000000
vn 0.000000 0.000000 1.000000
vn 0.000000 0.000000 1.000000
vn 0.000000 0.000000 1.000000
vn 0.000000 0.000000 1.000000
vn 0.000000 0.000000 1.000000
vn 0.000000 0.000000 1.000000
vn 0.000000 0.000000 1.000000
vn 0.000000 0.000000 1.000000
vn 0.000000 0.000000 1.000000
vn 0.000000 0.000000 1.000000
vn 0.000000 0.000000 1.000000
vn 0.000000 0.000000 1.000000
vn 0.000000 0.000000 1.000000
vn 0.000000 0.000000 1.000000
vn 0.000000 0.000000 1.000000
vn 0.000000 0.000000 1.000000
vn 0.000000 0.000000 1.000000
vn 0.000000 0.000000 1.000000
vn 0.000000 0.000000 1.000000
vn 0.000000 0.000000 1.000000
vn 0.000000 0.000000 1.000000
vn 0.000000 0.000000 1.000000
vn 0.000000 0.000000 1.000000
vn 0.000000 0.000000 1.000000
vn 0.000000 0.000000 1.000000
vn 0.000000 0.000000 1.000000
vn 0.000000 0.000000 1.000000
vn 0.000000 0.000000 1.000000
vn 0.000000 0.000000 1.000000
vn 0.000000 0.000000 1.000000
vn 0.000000 0.000000 1.000000
vn 0.000000 0.000000 1.000000
vn 0.000000 0.000000 1.000000
vn 0.000000 0.000000 1.000000
vn 0.000000 0.000000 1.000000
vn 0.000000 0.000000 1.000000
vn 0.000000 0.000000 1.000000
vn 0.000000 0.000000 1.000000
vn 0.000000 0.000000 1.000000
vn 0.000000 0.000000 1.000000
vn 0.000000 0.000000 1.000000
vn 0.000000 0.000000 1.000000
vn -0.000036 1.000000 -0.000000
vn -0.000036 1.000000 -0.000000
vn 0.258790 0.965934 -0.000000
vn 0.258790 0.965934 -0.000000
vn 0.499979 0.866038 -0.000000
vn 0.499979 0.866038 -0.000000
vn 0.707094 0.707120 -0.000000
vn 0.707094 0.707120 -0.000000
vn 0.866019 0.500010 -0.000000
vn 0.866019 0.500010 -0.000000
vn 0.965924 0.258825 -0.000000
vn 0.965924 0.258825 -0.000000
vn 1.000000 -0.000000 -0.000000
vn 1.000000 -0.000000 -0.000000
vn 0.000000 0.000000 1.000000
vn 0.000000 0.000000 1.000000
vn 0.000000 0.000000 1.000000
vn 0.000000 0.000000 1.000000
vn 0.000000 0.000000 1.000000
vn 0.000000 0.000000 1.000000
vn 0.000000 0.000000 1.000000
vn 0.000000 0.000000 1.000000
vn 0.000000 0.000000 1.000000
vn 0.000000 0.000000 1.000000
vn 0.000000 0.000000 1.000000
vn 0.000000 0.000000 1.000000
vn 0.000000 0.000000 1.000000
vn 0.000000 0.000000 1.000000
vn 0.000000 0.000000 1.000000
vn 0.000000 0.000000 1.000000
vn 0.000000 0.000000 1.000000
vn 0.000000 0.000000 1.000000
vn 0.000000 0.000000 1.000000
vn 0.000000 0.000000 1.000000
vn 0.000000 0.000000 1.000000
vn 0.000000 0.000000 1.000000
vn 0.000000 0.000000 1.000000
vn 0.000000 0.000000 1.000000
vn 0.000000 0.000000 1.000000
vn 0.000000 0.000000 1.000000
vn 0.000000 0.000000 1.000000
vn 0.000000 0.000000 1.000000
vn 0.000000 0.000000 1.000000
vn 0.000000 0.000000 1.000000
vn 0.000000 0.000000 1.000000
vn 0.000000 0.000000 1.000000
vn 0.000000 0.000000 1.000000
vn 0.000000 0.000000 1.000000
vn 0.000000 0.000000 1.000000
vn 0.000000 0.000000 1.000000
vn 0.000000 0.000000 1.000000
vn 0.000000 0.000000 1.000000
vn 0.000000 0.000000 1.000000
vn 0.000000 0.000000 1.000000
vn 0.000000 0.000000 1.000000
vn 0.000000 0.000000 1.000000
vn 0.000000 0.000000 1.000000
vn 0.000000 0.000000 1.000000
vn 0.000000 0.000000 1.000000
vn 0.000000 0.000000 1.000000
vn 0.000000 0.000000 1.000000
vn 0.000000 0.000000 1.000000
vn 0.000000 0.000000 1.000000
vn 0.000000 0.000000 1.000000
vn 0.000000 0.000000 1.000000
vn 0.000000 0.000000 1.000000
vn 0.000000 0.000000 1.000000
vn 0.000000 0.000000 1.000000
vn 0.000000 0.000000 1.000000
vn 0.000000 0.000000 1.000000
vn 0.000000 0.000000 1.000000
vn 0.000000 0.000000 1.000000
vn 0.000000 0.000000 1.000000
vn 0.000000 0.000000 1.000000
vn 0.000000 0.000000 1.000000
vn 0.000000 0.000000 1.000000
vn 0.000000 0.000000 1.000000
vn 0.000000 0.000000 1.000000
vn 0.000000 0.000000 1.000000
vn 0.000000 0.000000 1.000000
vn 0.000000 0.000000 1.000000
vn 0.000000 0.000000 1.000000
vn 0.000000 0.000000 1.000000
vn 0.000000 0.000000 1.000000
vn 0.000000 0.000000 1.000000
vn 0.000000 0.000000 1.000000
vn 0.000000 0.000000 1.000000
vn 0.000000 0.000000 1.000000
vn 0.000000 0.000000 1.000000
vn 0.000000 0.000000 1.000000
vn 0.000000 0.000000 1.000000
vn 0.000000 0.000000 1.000000
vn 0.000000 0.000000 1.000000
vn 0.000000 0.000000 1.000000
vn 0.000000 0.000000 1.000000
vn 0.000000 0.000000 1.000000
vn 0.000000 0.000000 1.000000
vn 0.000000 0.000000 1.000000
vn 0.000000 0.000000 1.000000
vn 0.000000 0.000000 1.000000
vn 0.000000 0.000000 1.000000
vn 0.000000 0.000000 1.000000
vn 0.000000 0.000000 1.000000
vn 0.000000 0.000000 1.000000
vn 0.000000 0.000000 1.000000
vn 0.000000 0.000000 1.000000
vn 0.000000 0.000000 1.000000
vn 0.000000 0.000000 1.000000
vn 0.000000 0.000000 1.000000
vn 0.000000 0.000000 1.000000
vn 0.000000 0.000000 1.000000
vn -0.000036 1.000000 0.000000
vn -0.000036 1.000000 0.000000
vn -1.000000 0.000000 -0.000000
vn -1.000000 0.000000 -0.000000
vn -0.965927 0.258813 -0.000000
vn -0.965927 0.258813 -0.000000
vn -0.866031 0.499990 -0.000000
vn -0.866031 0.499990 -0.000000
vn -0.707120 0.707094 -0.000000
vn -0.707120 0.707094 -0.000000
vn -0.500021 0.866013 -0.000000
vn -0.500021 0.866013 -0.000000
vn -0.258848 0.965918 -0.000000
vn -0.258848 0.965918 -0.000000
vn -0.215088 -0.976595 0.000000
vn -0.258819 -0.965926 0.000000
vn -0.389354 -0.921088 0.000000
vn -0.500000 -0.866025 0.000000
vn -0.500000 -0.866025 0.000000
vn -0.707107 -0.707107 0.000000
vn -0.707107 -0.707107 0.000000
vn -0.866025 -0.500000 0.000000
vn -0.866025 -0.500000 0.000000
vn -0.965926 -0.258819 0.000000
vn -0.965926 -0.258819 0.000000
vn -1.000000 -0.000000 0.000000
vn -1.000000 -0.000000 0.000000
vn -0.000000 -1.000000 0.000000
vn 0.000000 -1.000000 0.000000
vn -0.258819 -0.965926 0.000000
vn -0.263472 -0.964667 0.000000
vn -0.132915 -0.991127 0.000000
vn 0.000000 -1.000000 0.000000
vn 0.000000 -1.000000 0.000000
vn -0.000000 -0.000000 -1.000000
vn -0.000000 -0.000000 -1.000000
vn -0.000000 -0.000000 -1.000000
vn -0.000000 -0.000000 -1.000000
vn -0.000000 -0.000000 -1.000000
vn -0.000000 -0.000000 -1.000000
vn -0.000000 -0.000000 -1.000000
vn -0.000000 -0.000000 -1.000000
vn -0.000000 -0.000000 -1.000000
vn -0.000000 -0.000000 -1.000000
vn -0.000000 -0.000000 -1.000000
vn -0.000000 -0.000000 -1.000000
vn -0.000000 -0.000000 -1.000000
vn -0.000000 -0.000000 -1.000000
vn -0.000000 -0.000000 -1.000000
vn -0.000000 -0.000000 -1.000000
vn -0.000000 -0.000000 -1.000000
vn -0.000000 -0.000000 -1.000000
vn -0.000000 -0.000000 -1.000000
vn -0.000000 -0.000000 -1.000000
vn -0.000000 -0.000000 -1.000000
vn -0.000000 -0.000000 -1.000000
vn -0.000000 -0.000000 -1.000000
vn -0.000000 -0.000000 -1.000000
vn -0.000000 -0.000000 -1.000000
vn -0.000000 -0.000000 -1.000000
vn -0.000000 -0.000000 -1.000000
vn -0.000000 -0.000000 -1.000000
vn -0.000000 -0.000000 -1.000000
vn -0.000000 -0.000000 -1.000000
vn -0.000000 -0.000000 -1.000000
vn -0.000000 -0.000000 -1.000000
vn -0.000000 -0.000000 -1.000000
vn -0.000000 -0.000000 -1.000000
vn -0.000000 -0.000000 -1.000000
vn -0.000000 -0.000000 -1.000000
vn -0.000000 -0.000000 -1.000000
vn -0.000000 -0.000000 -1.000000
vn -0.000000 -0.000000 -1.000000
vn -0.000000 -0.000000 -1.000000
vn -0.000000 -0.000000 -1.000000
vn -0.000000 -0.000000 -1.000000
vn -0.000000 -0.000000 -1.000000
vn -0.000000 -0.000000 -1.000000
vn -0.000000 -0.000000 -1.000000
vn -0.000000 -0.000000 -1.000000
vn -0.000000 -0.000000 -1.000000
vn -0.000000 -0.000000 -1.000000
vn -0.000000 -0.000000 -1.000000
vn -0.000000 -0.000000 -1.000000
vn -0.000000 -0.000000 -1.000000
vn -0.000000 -0.000000 -1.000000
vn -0.000000 -0.000000 -1.000000
vn -0.000000 -0.000000 -1.000000
vn -0.000000 -0.000000 -1.000000
vn -0.000000 -0.000000 -1.000000
vn -0.000000 -0.000000 -1.000000
vn -0.000000 -0.000000 -1.000000
vn -0.000000 -0.000000 -1.000000
vn -0.000000 -0.000000 -1.000000
vn -0.000000 -0.000000 -1.000000
vn -0.000000 -0.000000 -1.000000
vn -0.000000 -0.000000 -1.000000
vn -0.000000 -0.000000 -1.000000
vn -0.000000 -0.000000 -1.000000
vn -0.000000 -0.000000 -1.000000
vn -0.000000 -0.000000 -1.000000
vn -0.000000 -0.000000 -1.000000
vn -0.000000 -0.000000 -1.000000
vn -0.000000 -0.000000 -1.000000
vn -0.000000 -0.000000 -1.000000
vn -0.000000 -0.000000 -1.000000
vn -0.000000 -0.000000 -1.000000
vn -0.000000 -0.000000 -1.000000
vn -0.000000 -0.000000 -1.000000
vn -0.000000 -0.000000 -1.000000
vn -0.000000 -0.000000 -1.000000
vn -0.000000 -0.000000 -1.000000
vn -0.000000 -0.000000 -1.000000
vn -0.000000 -0.000000 -1.000000
vn -0.000000 -0.000000 -1.000000
vn -0.000000 -0.000000 -1.000000
vn -0.000000 -0.000000 -1.000000
vn -0.000000 -0.000000 -1.000000
vn -0.000000 -0.000000 -1.000000
vn -1.000000 0.000000 0.000000
vn -1.000000 0.000000 0.000000
vn 0.000000 -1.000000 0.000000
vn 0.000000 -1.000000 0.000000
vn 0.000000 -1.000000 0.000000
vn 0.000000 -1.000000 0.000000
vn 0.665151 -0.746709 -0.000000
vn 0.707107 -0.707107 -0.000000
vn 0.825033 -0.565084 -0.000000
vn 0.866025 -0.500000 -0.000000
vn 0.806943 -0.590629 -0.000000
vn 0.912589 -0.408879 -0.000000
vn 0.965926 -0.258819 -0.000000
vn 0.977903 -0.209059 -0.000000
vn 1.000000 -0.000000 -0.000000
vn 1.000000 -0.000000 -0.000000
vn 0.500000 -0.866025 -0.000000
vn 0.466324 -0.884614 -0.000000
vn 0.258819 -0.965926 -0.000000
vn 0.240194 -0.970725 -0.000000
vn 0.687433 -0.726248 -0.000000
vn 0.665636 -0.746277 -0.000000
vn 0.494911 -0.868944 -0.000000
vn -0.000000 0.800000 0.600000
vn -0.000000 0.640752 0.767748
vn -0.000000 0.800000 0.600000
vn -0.000000 0.640752 0.767748
vn -0.000000 0.640752 0.767748
vn -0.000000 0.447208 0.894430
vn -0.000000 0.640752 0.767748
vn -0.000000 0.447208 0.894430
vn -0.000000 0.233754 0.972296
vn -0.000000 0.229754 0.973249
vn -0.000000 0.231833 0.972756
vn -0.000000 0.226049 0.974116
vn -0.000000 0.640752 0.767748
vn -0.000000 0.640752 0.767748
vn -0.000000 0.447208 0.894430
vn -0.000000 0.447208 0.894430
vn -0.000000 0.233754 0.972296
vn -0.000000 0.229754 0.973249
vn -0.000000 0.231833 0.972756
vn -0.000000 0.226049 0.974116
vn -0.000000 0.216563 0.976269
vn -0.000000 0.204293 0.978910
vn -0.000000 0.189370 0.981906
vn -0.000000 0.171913 0.985112
vn -0.000000 0.152936 0.988236
vn -0.000000 0.133754 0.991015
vn -0.000000 0.089318 0.996003
vn -0.000000 0.044704 0.999000
vn -0.000000 0.233754 0.972296
vn -0.000000 0.447208 0.894430
vn -0.000000 0.231833 0.972756
vn -0.000000 0.231833 0.972756
vn -0.000000 0.233754 0.972296
vn -0.000000 0.233754 0.972296
vn -0.000000 0.447208 0.894430
vn -0.000000 0.233754 0.972296
vn -0.000000 0.233754 0.972296
vn -0.000000 0.226049 0.974116
vn -0.000000 0.226049 0.974116
vn -0.000000 0.216563 0.976269
vn -0.000000 0.216563 0.976269
vn -0.000000 0.204293 0.978910
vn -0.000000 0.204293 0.978910
vn -0.000000 0.189370 0.981906
vn -0.000000 0.189370 0.981906
vn -0.000000 0.171913 0.985112
vn -0.000000 0.171913 0.985112
vn -0.000000 0.152936 0.988236
vn -0.000000 0.152936 0.988236
vn -0.000000 0.133754 0.991015
vn -0.000000 0.133754 0.991015
vn -0.000000 0.089318 0.996003
vn -0.000000 0.089318 0.996003
vn -0.000000 0.044704 0.999000
vn -0.000000 0.044704 0.999000
vn -0.000000 0.231833 0.972756
vn -0.000000 0.231833 0.972756
vn -0.000000 0.226049 0.974116
vn -0.000000 0.226049 0.974116
vn -0.000000 0.216563 0.976269
vn -0.000000 0.216563 0.976269
vn -0.000000 0.204293 0.978910
vn -0.000000 0.204293 0.978910
vn -0.000000 0.189370 0.981906
vn -0.000000 0.189370 0.981906
vn -0.000000 0.171913 0.985112
vn -0.000000 0.171913 0.985112
vn -0.000000 0.152936 0.988236
vn -0.000000 0.152936 0.988236
vn -0.000000 0.133754 0.991015
vn -0.000000 0.133754 0.991015
vn -0.000000 0.089318 0.996003
vn -0.000000 0.089318 0.996003
vn -0.000000 0.044704 0.999000
vn -0.000000 0.044704 0.999000
vn -0.000000 0.231833 0.972756
vn -0.000000 0.231833 0.972756
vn -0.000000 0.233754 0.972296
vn -0.000000 0.226049 0.974116
vn -0.000000 0.226049 0.974116
vn -0.000000 0.216563 0.976269
vn -0.000000 0.216563 0.976269
vn -0.000000 0.204293 0.978910
vn -0.000000 0.204293 0.978910
vn -0.000000 0.189370 0.981906
vn -0.000000 0.189370 0.981906
vn -0.000000 0.171913 0.985112
vn -0.000000 0.171913 0.985112
vn -0.000000 0.152936 0.988236
vn -0.000000 0.152936 0.988236
vn -0.000000 0.133754 0.991015
vn -0.000000 0.133754 0.991015
vn -0.000000 0.089318 0.996003
vn -0.000000 0.089318 0.996003
vn -0.000000 0.044704 0.999000
vn -0.000000 0.044704 0.999000
vn -0.000000 0.216563 0.976269
vn -0.000000 0.204293 0.978910
vn -0.000000 0.189370 0.981906
vn -0.000000 0.171913 0.985112
vn -0.000000 0.152936 0.988236
vn -0.000000 0.133754 0.991015
vn -0.000000 0.089318 0.996003
vn -0.000000 0.044704 0.999000
vn -0.113721 0.793780 0.597479
vn -0.224178 0.773460 0.592878
vn -0.000000 0.800697 0.599070
vn -0.155012 0.632350 0.759015
vn 0.000000 0.640091 0.768299
vn -0.155002 0.442382 0.883331
vn -0.000000 0.447798 0.894135
vn -0.155016 0.226764 0.961534
vn 0.000000 0.229544 0.973298
vn -0.258448 -0.000010 0.966025
vn -0.305331 0.218571 0.926822
vn -0.449896 0.204985 0.869238
vn -0.305305 0.426409 0.851449
vn -0.449862 0.399914 0.798557
vn -0.305324 0.609518 0.731618
vn -0.449887 0.571646 0.686166
vn -0.431729 0.695716 0.574099
vn -0.606350 0.580336 0.543645
vn -0.330561 0.740468 0.585181
vn -0.757799 0.425287 0.494846
vn -0.707099 0.452601 0.543289
vn -0.582103 0.520454 0.624727
vn -0.582076 0.364102 0.727061
vn -0.582112 0.186623 0.791402
vn -0.500339 -0.000020 0.865830
vn -0.799056 0.384841 0.461960
vn -0.767009 0.421702 0.483596
vn -0.838342 0.390949 0.379923
vn -0.874747 0.310155 0.372319
vn -0.896187 0.354999 0.266129
vn -0.906285 0.334485 0.258392
vn -0.934064 0.228559 0.274382
vn -0.969008 0.168902 0.180267
vn -0.974734 0.142953 0.171632
vn -0.993489 0.059122 0.097391
vn -0.974730 0.100002 0.199754
vn -0.974733 0.051238 0.217417
vn -0.934054 0.159894 0.319338
vn -0.934064 0.081937 0.347579
vn -0.874731 0.216979 0.433318
vn -0.874749 0.111199 0.471644
vn -0.799034 0.269230 0.537642
vn -0.799061 0.137984 0.585203
vn -0.707074 0.316634 0.632289
vn -0.707106 0.162286 0.688232
vn -1.000000 -0.000039 -0.000000
vn -0.966025 -0.000038 0.258448
vn -0.865830 -0.000034 0.500339
vn -0.707107 -0.000028 0.707107
vn -0.000000 -0.000000 -1.000000
vn -0.000000 -0.000000 -1.000000
vn -0.000000 -0.000000 -1.000000
vn -0.000000 -0.000000 -1.000000
vn -0.000000 -0.000000 -1.000000
vn -0.000000 -0.000000 -1.000000
vn -0.000000 -0.000000 -1.000000
vn -0.000000 -0.000000 -1.000000
vn -0.000000 -0.000000 -1.000000
vn -0.000000 -0.000000 -1.000000
vn -0.000000 -0.000000 -1.000000
vn -0.000000 -0.000000 -1.000000
vn -0.000000 -0.000000 -1.000000
vn -0.000000 -0.000000 -1.000000
vn -0.000000 -0.000000 -1.000000
vn -0.000000 -0.000000 -1.000000
vn -0.000000 -0.000000 -1.000000
vn -0.000000 -0.000000 -1.000000
vn -0.000000 -0.000000 -1.000000
vn -0.000000 -0.000000 -1.000000
vn -0.000000 -0.000000 -1.000000
vn -0.000000 -0.000000 -1.000000
vn -0.000000 -0.000000 -1.000000
vn -0.000000 -0.000000 -1.000000
vn -0.000000 -0.000000 -1.000000
vn -0.000000 -0.000000 -1.000000
vn -0.000000 -0.000000 -1.000000
vn -0.000000 -0.000000 -1.000000
vn -0.000000 -0.000000 -1.000000
vn -0.000000 -0.000000 -1.000000
vn -0.000000 -0.000000 -1.000000
vn -0.000000 -0.000000 -1.000000
vn -0.000000 -0.000000 -1.000000
vn -0.000000 -0.000000 -1.000000
vn -0.000000 -0.000000 -1.000000
vn -0.000000 -0.000000 -1.000000
vn -0.000000 -0.000000 -1.000000
vn -0.000000 -0.000000 -1.000000
vn -0.000000 -0.000000 -1.000000
vn -0.000000 -0.000000 -1.000000
vn -0.000000 -0.000000 -1.000000
vn -0.000000 -0.000000 -1.000000
vn -0.000000 -0.000000 -1.000000
vn -0.000000 -0.000000 -1.000000
vn -0.000000 -0.000000 -1.000000
vn -0.000000 -0.000000 -1.000000
vn -0.000000 -0.000000 -1.000000
vn -0.000000 -0.000000 -1.000000
vn -0.000000 -0.000000 -1.000000
vn -0.000000 -0.000000 -1.000000
vn -0.000000 -0.000000 -1.000000
vn -0.000000 -0.000000 -1.000000
vn -0.000000 -0.000000 -1.000000
vn -0.000000 -0.000000 -1.000000
vn -0.000000 -0.000000 -1.000000
vn -0.000000 -0.000000 -1.000000
vn -0.000000 -0.000000 -1.000000
vn -0.000000 -0.000000 -1.000000
vn -0.000000 -0.000000 -1.000000
vn -0.000000 -0.000000 -1.000000
vn -0.000000 -0.000000 -1.000000
vn -0.000000 -0.000000 -1.000000
vn -0.000000 -0.000000 -1.000000
vn -0.000000 -0.000000 -1.000000
vn -0.000000 -0.000000 -1.000000
vn -0.000000 -0.000000 -1.000000
vn -0.000000 -0.000000 -1.000000
vn -0.000000 -0.000000 -1.000000
vn -0.000000 -0.000000 -1.000000
vn -0.000000 -0.000000 -1.000000
vn -0.000000 -0.000000 -1.000000
vn -0.000000 -0.000000 -1.000000
vn -0.000000 -0.000000 -1.000000
vn -0.000000 -0.000000 -1.000000
vn -0.000000 -0.000000 -1.000000
vn -0.000000 -0.000000 -1.000000
vn -0.000000 -0.000000 -1.000000
vn -0.000000 -0.000000 -1.000000
vn -0.000000 -0.000000 -1.000000
vn -0.000000 -0.000000 -1.000000
vn -0.000000 -0.000000 -1.000000
vn -0.000000 -0.000000 -1.000000
vn -0.000000 -0.000000 -1.000000
vn -0.000000 -0.000000 -1.000000
vn -0.000000 -0.000000 -1.000000
vn -0.000000 -0.000000 -1.000000
vn -0.000000 -0.000000 -1.000000
vn -0.000000 -0.000000 -1.000000
vn -0.000000 -0.000000 -1.000000
vn -0.000000 -0.000000 -1.000000
vn -0.000000 -0.000000 -1.000000
vn -0.000000 -0.000000 -1.000000
vn -0.000000 -0.000000 -1.000000
vn -0.000000 -0.000000 -1.000000
vn -0.000000 -0.000000 -1.000000
vn -0.000000 -0.000000 -1.000000
vn -0.000000 -0.000000 -1.000000
vn -0.000000 -0.000000 -1.000000
vn -0.000000 -0.000000 -1.000000
vn -0.000000 -0.000000 -1.000000
vn -0.000000 -0.000000 -1.000000
vn -0.000000 -0.000000 -1.000000
vn -0.000000 -0.000000 -1.000000
vn -0.000000 -0.000000 -1.000000
vn -0.000000 -0.000000 -1.000000
vn -0.000000 -0.000000 -1.000000
vn -0.000000 -0.000000 -1.000000
vn -0.000000 -0.000000 -1.000000
vn -0.000000 -0.000000 -1.000000
vn -0.000000 -0.000000 -1.000000
vn -0.000000 -0.000000 -1.000000
vn -0.000000 -0.000000 -1.000000
vn -0.000000 -0.000000 -1.000000
vn -0.000000 -0.000000 -1.000000
vn -0.000000 -0.000000 -1.000000
vn -0.000000 -0.000000 -1.000000
vn -0.000000 -0.000000 -1.000000
vn -0.000000 -0.000000 -1.000000
vn -0.000000 -0.000000 -1.000000
vn -0.000000 -0.000000 -1.000000
vn -0.000000 -0.000000 -1.000000
vn -0.000000 -0.000000 -1.000000
vn -0.000000 -0.000000 -1.000000
vn -0.000000 -0.000000 -1.000000
vn -0.000000 -0.000000 -1.000000
vn -0.000000 -0.000000 -1.000000
vn -0.000000 -0.000000 -1.000000
vn -0.000000 -0.000000 -1.000000
vn -0.000000 -0.000000 -1.000000
vn -0.000000 -0.000000 -1.000000
vn -0.000000 -0.000000 -1.000000
vn -0.000000 -0.000000 -1.000000
vn -0.000000 -0.000000 -1.000000
vn -0.000000 -0.000000 -1.000000
vn -0.000000 -0.000000 -1.000000
vn -0.000000 -0.000000 -1.000000
vn -0.000000 -0.000000 -1.000000
vn -0.000000 -0.000000 -1.000000
vn -0.000000 -0.000000 -1.000000
vn -0.000000 -0.000000 -1.000000
vn -0.000000 -0.000000 -1.000000
vn -0.000000 -0.000000 -1.000000
vn -0.000000 -0.000000 -1.000000
vn -0.000000 -0.000000 -1.000000
vn -0.000000 -0.000000 -1.000000
vn -0.000000 -0.000000 -1.000000
vn -0.000000 -0.000000 -1.000000
vn -0.000000 -0.000000 -1.000000
vn -0.000000 -0.000000 -1.000000
vn -0.000000 -0.000000 -1.000000
vn -0.000000 -0.000000 -1.000000
vn -0.000000 -0.000000 -1.000000
vn -0.000000 -0.000000 -1.000000
vn -0.000000 -0.000000 -1.000000
vn -0.000000 -0.000000 -1.000000
vn -0.000000 -0.000000 -1.000000
vn -0.000000 -0.000000 -1.000000
vn -0.000000 -0.000000 -1.000000
vn -0.000000 -0.000000 -1.000000
vn -0.000000 -0.000000 -1.000000
vn -0.000000 -0.000000 -1.000000
vn -0.000000 -0.000000 -1.000000
vn -0.000000 -0.000000 -1.000000
vn -0.000000 -0.000000 -1.000000
vn -0.000000 -0.000000 -1.000000
vn -0.000000 -0.000000 -1.000000
vn -0.000000 -0.000000 -1.000000
vn -0.000000 -0.000000 -1.000000
vn -0.000000 -0.000000 -1.000000
vn -0.000000 -0.000000 -1.000000
vn -0.000000 -0.000000 -1.000000
vn -0.000000 -0.000000 -1.000000
vn -0.000000 -0.000000 -1.000000
vn -0.000000 -0.000000 -1.000000
vn -0.000000 -0.000000 -1.000000
vn -0.000000 -0.000000 -1.000000
vn -0.000000 -0.000000 -1.000000
vn -0.000000 -0.000000 -1.000000
vn -0.000000 -0.000000 -1.000000
vn -0.000000 -0.000000 -1.000000
vn -0.000000 -0.000000 -1.000000
vn -0.000000 -0.000000 -1.000000
vn -0.000000 -0.000000 -1.000000
vn -0.000000 -0.000000 -1.000000
vn -0.000000 -0.000000 -1.000000
vn -0.000000 -0.000000 -1.000000
vn -0.000000 -0.000000 -1.000000
vn -0.000000 -0.000000 -1.000000
vn -0.000000 -0.000000 -1.000000
vn -0.000000 -0.000000 -1.000000
vn -0.000000 -0.000000 -1.000000
vn -0.000000 -0.000000 -1.000000
vn -0.000000 -0.000000 -1.000000
vn -0.000000 -0.000000 -1.000000
vn -0.000000 -0.000000 -1.000000
vn -0.000000 -0.000000 -1.000000
vn -0.000000 -0.000000 -1.000000
vn -0.000000 -0.000000 -1.000000
vn -0.000000 -0.000000 -1.000000
vn -0.000000 -0.000000 -1.000000
vn -0.000000 -0.000000 -1.000000
vn -0.000000 -0.000000 -1.000000
vn -0.000000 -0.000000 -1.000000
vn -0.000000 -0.000000 -1.000000
vn -0.000000 -0.000000 -1.000000
vn -0.000000 -0.000000 -1.000000
vn -0.000000 -0.000000 -1.000000
vn -0.000000 -0.000000 -1.000000
vn -0.000000 -0.000000 -1.000000
vn -0.000000 -0.000000 -1.000000
vn -0.000000 -0.000000 -1.000000
vn -0.000000 -0.000000 -1.000000
vn -0.000000 -0.000000 -1.000000
vn -0.000000 -0.000000 -1.000000
vn -0.000000 -0.000000 -1.000000
vn -0.000000 -0.000000 -1.000000
vn -0.000000 -0.000000 -1.000000
vn -0.000000 -0.000000 -1.000000
vn -0.000000 -0.000000 -1.000000
vn -0.000000 -0.000000 -1.000000
vn -0.000000 -0.000000 -1.000000
vn -0.000000 -0.000000 -1.000000
vn -0.000000 -0.000000 -1.000000
vn -0.000000 -0.000000 -1.000000
vn -0.000000 -0.000000 -1.000000
vn -0.000000 -0.000000 -1.000000
vn -0.000000 -0.000000 -1.000000
vn -0.000000 -0.000000 -1.000000
vn -0.000000 -0.000000 -1.000000
vn -0.000000 -0.000000 -1.000000
vn -0.000000 -0.000000 -1.000000
vn -0.000000 -0.000000 -1.000000
vn -0.000000 -0.000000 -1.000000
vn -0.000000 -0.000000 -1.000000
vn -0.000000 -0.000000 -1.000000
vn -0.000000 -0.000000 -1.000000
vn -0.000000 -0.000000 -1.000000
vn -0.000000 -0.000000 -1.000000
vn -0.000000 -0.000000 -1.000000
vn -0.000000 -0.000000 -1.000000
vn -0.000000 -0.000000 -1.000000
vn -0.000000 -0.000000 -1.000000
vn -0.000000 -0.000000 -1.000000
vn -0.000000 -0.000000 -1.000000
vn -0.000000 -0.000000 -1.000000
vn -0.000000 -0.000000 -1.000000
vn -0.000000 -0.000000 -1.000000
vn -0.000000 -0.000000 -1.000000
vn -0.000000 -0.000000 -1.000000
vn -0.000000 -0.000000 -1.000000
vn -0.000000 -0.000000 -1.000000
vn -0.000000 -0.000000 -1.000000
vn -0.000000 -0.000000 -1.000000
vn -0.000000 -0.000000 -1.000000
vn -0.000000 -0.000000 -1.000000
vn -0.000000 -0.000000 -1.000000
vn -0.000000 -0.000000 -1.000000
vn -0.000000 -0.000000 -1.000000
vn -0.000000 -0.000000 -1.000000
vn -0.000000 -0.000000 -1.000000
vn -0.000000 -0.000000 -1.000000
vn -0.000000 -0.000000 -1.000000
vn -0.000000 -0.000000 -1.000000
vn -0.000000 -0.000000 -1.000000
vn -0.000000 -0.000000 -1.000000
vn -0.000000 -0.000000 -1.000000
vn -0.000000 -0.000000 -1.000000
vn -0.000000 -0.000000 -1.000000
vn -0.000000 -0.000000 -1.000000
vn -0.000000 -0.000000 -1.000000
vn -0.000000 -0.000000 -1.000000
vn -0.000000 -0.000000 -1.000000
vn -0.000000 -0.000000 -1.000000
vn -0.000000 -0.000000 -1.000000
vn -0.000000 -0.000000 -1.000000
vn -0.000000 -0.000000 -1.000000
vn -0.000000 -0.000000 -1.000000
vn -0.000000 -0.000000 -1.000000
vn -0.000000 -0.000000 -1.000000
vn -0.000000 -0.000000 -1.000000
vn -0.000000 -0.000000 -1.000000
vn -0.000000 -0.000000 -1.000000
vn -0.000000 -0.000000 -1.000000
vn -0.000000 -0.000000 -1.000000
vn -0.000000 -0.000000 -1.000000
vn -0.000000 -0.000000 -1.000000
vn -0.000000 -0.000000 -1.000000
vn -0.000000 -0.000000 -1.000000
vn -0.000000 -0.000000 -1.000000
vn -0.000000 -0.000000 -1.000000
vn -0.000000 -0.000000 -1.000000
vn -0.000000 -0.000000 -1.000000
vn -0.000000 -0.000000 -1.000000
vn -0.000000 -0.000000 -1.000000
vn -0.000000 -0.000000 -1.000000
vn -0.000000 -0.000000 -1.000000
vn -0.000000 -0.000000 -1.000000
vn -0.000000 -0.000000 -1.000000
vn -0.000000 -0.000000 -1.000000
vn -0.000000 -0.000000 -1.000000
vn -0.000000 -0.000000 -1.000000
vn -0.000000 -0.000000 -1.000000
vn -0.000000 -0.000000 -1.000000
vn 0.965926 -0.258819 0.000000
vn 0.965926 -0.258819 0.000000
vn 1.000000 -0.000000 0.000000
vn 1.000000 -0.000000 0.000000
vn 0.965926 0.258819 0.000000
vn 0.965926 0.258819 0.000000
vn 0.866025 0.500000 0.000000
vn 0.866025 0.500000 0.000000
vn 0.707107 0.707107 0.000000
vn 0.707107 0.707107 0.000000
vn 0.500000 0.866025 0.000000
vn 0.500000 0.866025 0.000000
vn 0.258819 0.965926 0.000000
vn 0.258819 0.965926 0.000000
vn -0.000000 1.000000 0.000000
vn -0.000000 1.000000 0.000000
vn -0.258819 0.965926 0.000000
vn -0.258819 0.965926 0.000000
vn -0.500000 0.866025 0.000000
vn -0.500000 0.866025 0.000000
vn -0.707107 0.707107 0.000000
vn -0.707107 0.707107 0.000000
vn -0.866025 0.500000 0.000000
vn -0.866025 0.500000 0.000000
vn -0.965926 0.258819 0.000000
vn -0.965926 0.258819 0.000000
vn -1.000000 -0.000000 -0.000000
vn -1.000000 -0.000000 -0.000000
vn -0.965926 -0.258819 -0.000000
vn -0.965926 -0.258819 -0.000000
vn -0.866025 -0.500000 -0.000000
vn -0.866025 -0.500000 -0.000000
vn -0.707107 -0.707107 -0.000000
vn -0.707107 -0.707107 -0.000000
vn -0.500000 -0.866025 -0.000000
vn -0.500000 -0.866025 -0.000000
vn -0.258819 -0.965926 -0.000000
vn -0.258819 -0.965926 -0.000000
vn -0.000000 -1.000000 -0.000000
vn -0.000000 -1.000000 -0.000000
vn 0.258819 -0.965926 0.000000
vn 0.258819 -0.965926 0.000000
vn 0.500000 -0.866025 0.000000
vn 0.500000 -0.866025 0.000000
vn 0.707107 -0.707107 0.000000
vn 0.707107 -0.707107 0.000000
vn 0.866025 -0.500000 0.000000
vn 0.866025 -0.500000 0.000000
vn 0.965926 -0.258819 0.000000
vn 0.965926 -0.258819 0.000000
vn 1.000000 -0.000000 0.000000
vn 1.000000 -0.000000 0.000000
vn 0.965926 0.258819 0.000000
vn 0.965926 0.258819 0.000000
vn 0.866025 0.500000 0.000000
vn 0.866025 0.500000 0.000000
vn 0.707107 0.707107 0.000000
vn 0.707107 0.707107 0.000000
vn 0.500000 0.866025 0.000000
vn 0.500000 0.866025 0.000000
vn 0.258819 0.965926 0.000000
vn 0.258819 0.965926 0.000000
vn -0.000000 1.000000 0.000000
vn -0.000000 1.000000 0.000000
vn -0.258819 0.965926 0.000000
vn -0.258819 0.965926 0.000000
vn -0.500000 0.866025 0.000000
vn -0.500000 0.866025 0.000000
vn -0.707107 0.707107 0.000000
vn -0.707107 0.707107 0.000000
vn -0.866025 0.500000 0.000000
vn -0.866025 0.500000 0.000000
vn -0.965926 0.258819 0.000000
vn -0.965926 0.258819 0.000000
vn -1.000000 -0.000000 -0.000000
vn -1.000000 -0.000000 -0.000000
vn -0.965926 -0.258819 -0.000000
vn -0.965926 -0.258819 -0.000000
vn -0.866025 -0.500000 -0.000000
vn -0.866025 -0.500000 -0.000000
vn -0.707107 -0.707107 -0.000000
vn -0.707107 -0.707107 -0.000000
vn -0.500000 -0.866025 -0.000000
vn -0.500000 -0.866025 -0.000000
vn -0.258819 -0.965926 -0.000000
vn -0.258819 -0.965926 -0.000000
vn -0.000000 -1.000000 -0.000000
vn -0.000000 -1.000000 -0.000000
vn 0.258819 -0.965926 0.000000
vn 0.258819 -0.965926 0.000000
vn 0.500000 -0.866025 0.000000
vn 0.500000 -0.866025 0.000000
vn 0.707107 -0.707107 0.000000
vn 0.707107 -0.707107 0.000000
vn 0.866025 -0.500000 0.000000
vn 0.866025 -0.500000 0.000000
vn -1.000000 0.000000 0.000000
vn -1.000000 0.000000 0.000000
vn -1.000000 0.000000 0.000000
vn -1.000000 0.000000 0.000000
vn 0.000000 -1.000000 0.000000
vn 0.000000 -1.000000 0.000000
vn 0.000000 -1.000000 0.000000
vn 0.000000 -1.000000 0.000000
vn 1.000000 0.000000 0.000000
vn 1.000000 0.000000 0.000000
vn 1.000000 0.000000 0.000000
vn 1.000000 0.000000 0.000000
vn 0.000000 1.000000 0.000000
vn 0.000000 1.000000 0.000000
vn 0.000000 1.000000 0.000000
vn 0.000000 1.000000 0.000000
vn -1.000000 0.000000 0.000000
vn -1.000000 0.000000 0.000000
vn -1.000000 0.000000 0.000000
vn -1.000000 0.000000 0.000000
vn 0.000000 -1.000000 0.000000
vn 0.000000 -1.000000 0.000000
vn 0.000000 -1.000000 0.000000
vn 0.000000 -1.000000 0.000000
vn 1.000000 0.000000 0.000000
vn 1.000000 0.000000 0.000000
vn 1.000000 0.000000 0.000000
vn 1.000000 0.000000 0.000000
vn 0.000000 1.000000 0.000000
vn 0.000000 1.000000 0.000000
vn 0.000000 1.000000 0.000000
vn 0.000000 1.000000 0.000000
vn -1.000000 0.000000 0.000000
vn -1.000000 0.000000 0.000000
vn -0.057659 -0.000002 0.998336
vn -0.099471 -0.000004 0.995040
vn -0.124903 -0.000005 0.992169
vn -0.258819 -0.000010 0.965926
vn -0.133503 -0.000005 0.991048
vn -0.258819 -0.000010 0.965926
vn -0.258819 -0.000010 0.965926
vn -0.258819 -0.000010 0.965926
vn -0.500000 -0.000020 0.866025
vn -0.500000 -0.000020 0.866025
vn -0.707107 -0.000028 0.707107
vn -0.866025 -0.000034 0.500000
vn -0.866025 -0.000034 0.500000
vn -0.965926 -0.000038 0.258819
vn -0.965926 -0.000038 0.258819
vn -0.124903 -0.000005 0.992169
vn -0.099471 -0.000004 0.995040
vn -0.057659 -0.000002 0.998336
vn -1.000000 -0.000039 -0.000000
vn -0.965926 -0.000038 0.258819
vn -0.866025 -0.000034 0.500000
vn -0.707107 -0.000028 0.707107
vn -0.500000 -0.000020 0.866025
vn -0.965926 -0.000038 0.258819
vn -0.866025 -0.000034 0.500000
vn -0.707107 -0.000028 0.707107
vn -0.500000 -0.000020 0.866025
vn -0.965917 -0.258850 0.000000
vn -0.962369 -0.248117 0.110834
vn -0.962367 -0.110821 0.248131
vn -0.861820 -0.268286 0.430453
vn -0.828656 -0.078137 0.554278
vn -0.702543 -0.407468 0.583441
vn -0.666555 -0.201126 0.717811
vn -0.495391 -0.518883 0.696669
vn -0.459031 -0.310410 0.832428
vn -0.254480 -0.594938 0.762423
vn -0.220226 -0.398539 0.890318
vn 0.000000 -0.500000 0.866025
vn 0.000000 -0.258819 0.965926
vn -0.866012 -0.500023 0.000000
vn -0.861822 -0.430441 0.268296
vn -0.828663 -0.554266 0.078146
vn -0.707093 -0.707121 0.000000
vn -0.666563 -0.717802 0.201131
vn -0.499989 -0.866032 0.000000
vn -0.459039 -0.832423 0.310410
vn -0.388645 -0.917502 0.084534
vn -0.153916 -0.970469 0.185743
vn -0.258813 -0.965928 0.000000
vn 0.000000 -1.000000 0.000000
vn 0.000000 -0.965926 0.258819
vn -0.220234 -0.890318 0.398536
vn -0.495394 -0.696666 0.518885
vn -0.702546 -0.583433 0.407475
vn 0.000000 -0.866025 0.500000
vn -0.254483 -0.762423 0.594936
vn 0.000000 -0.707107 0.707107
vn -0.153904 -0.185748 0.970470
vn -0.388632 -0.084535 0.917507
vn 0.000000 -0.258819 0.965926
vn 0.000000 -0.258819 0.965926
vn 0.000000 -0.258819 0.965926
vn 0.000000 -0.500000 0.866025
vn 0.000000 -0.500000 0.866025
vn 0.000000 -0.707107 0.707107
vn 0.000000 -0.707107 0.707107
vn 0.000000 -0.866025 0.500000
vn 0.000000 -0.866025 0.500000
vn 0.000000 -0.965926 0.258819
vn 0.000000 -0.965926 0.258819
vn 0.000000 -1.000000 0.000000
vn 0.000000 -0.965926 0.258819
vn 0.000000 -0.965926 0.258819
vn 0.000000 -0.866025 0.500000
vn 0.000000 -0.866025 0.500000
vn 0.000000 -0.707107 0.707107
vn 0.000000 -0.707107 0.707107
vn 0.000000 -0.500000 0.866025
vn 0.000000 -0.500000 0.866025
vn 0.000000 -0.707107 0.707107
vn 0.000000 -0.866025 0.500000
vn 0.000000 -0.965926 0.258819
vn 0.000000 -0.866025 0.500000
vn 0.000000 -0.965926 0.258819
vn 0.000000 -0.965926 0.258819
vn 0.000000 -0.866025 0.500000
vn 0.000000 -0.707107 0.707107
vn 0.000000 -0.500000 0.866025
vn 0.000000 -0.258819 0.965926
vn 0.000000 -0.707107 0.707107
vn 0.000000 -0.500000 0.866025
vn 0.000000 -0.258819 0.965926
vn 0.000000 -0.500000 0.866025
vn 0.000000 -0.258819 0.965926
vn 0.000000 -0.258819 0.965926
vn 0.258825 -0.965924 0.000000
vn 0.248115 -0.962372 0.110811
vn 0.110822 -0.962373 0.248106
vn 0.268292 -0.861826 0.430436
vn 0.078144 -0.828666 0.554262
vn 0.407478 -0.702545 0.583431
vn 0.201135 -0.666561 0.717803
vn 0.518894 -0.495385 0.696665
vn 0.310419 -0.459029 0.832426
vn 0.594947 -0.254464 0.762421
vn 0.398547 -0.220214 0.890318
vn 0.500000 0.000020 0.866025
vn 0.258819 0.000010 0.965926
vn 0.500011 -0.866019 0.000000
vn 0.430447 -0.861825 0.268279
vn 0.554270 -0.828662 0.078129
vn 0.707121 -0.707093 0.000000
vn 0.717812 -0.666557 0.201119
vn 0.866038 -0.499977 0.000000
vn 0.832434 -0.459025 0.310402
vn 0.917510 -0.388627 0.084524
vn 0.970474 -0.153890 0.185737
vn 0.965934 -0.258788 0.000000
vn 1.000000 0.000039 0.000000
vn 0.965926 0.000038 0.258819
vn 0.890326 -0.220210 0.398532
vn 0.696677 -0.495384 0.518879
vn 0.583443 -0.702544 0.407464
vn 0.866025 0.000034 0.500000
vn 0.762432 -0.254463 0.594933
vn 0.707107 0.000028 0.707107
vn 0.185754 -0.153896 0.970470
vn 0.084542 -0.388633 0.917506
vn 0.136307 0.000005 0.990667
vn 0.258819 0.000010 0.965926
vn 0.258819 0.000010 0.965926
vn 0.500000 0.000020 0.866025
vn 0.500000 0.000020 0.866025
vn 0.707107 0.000028 0.707107
vn 0.707107 0.000028 0.707107
vn 0.866025 0.000034 0.500000
vn 0.866025 0.000034 0.500000
vn 0.965926 0.000038 0.258819
vn 0.965926 0.000038 0.258819
vn 1.000000 0.000039 -0.000000
vn 0.965926 0.000038 0.258819
vn 0.866025 0.000034 0.500000
vn 0.707107 0.000028 0.707107
vn 0.500000 0.000020 0.866025
vn 0.326522 0.000013 0.945190
vn 0.258819 0.000010 0.965926
vn 0.304860 0.000012 0.952397
vn 0.239955 0.000009 0.970784
vn 0.304860 0.000012 0.952397
vn 0.239955 0.000009 0.970784
vn 0.136307 0.000005 0.990667
vn 0.594029 0.590379 0.546427
vn 0.707093 0.476043 0.522880
vn 0.731819 0.456858 0.505689
vn 0.707055 0.334803 0.622880
vn 0.799017 0.284695 0.529642
vn 0.799055 0.146543 0.583127
vn 0.874744 0.118115 0.469970
vn 0.865830 0.000034 0.500339
vn 0.934059 0.087056 0.346345
vn 0.966025 0.000038 0.258448
vn 0.974730 0.054470 0.216645
vn 0.993174 0.061137 0.099335
vn 0.420933 0.701181 0.575466
vn 0.449885 0.601228 0.660400
vn 0.582099 0.547396 0.601263
vn 0.305324 0.641052 0.704152
vn 0.321876 0.743684 0.585943
vn 0.217919 0.774984 0.593221
vn 0.155012 0.665057 0.730527
vn 0.110658 0.794151 0.597561
vn 0.000000 0.640091 0.768299
vn -0.000000 0.800704 0.599060
vn 0.154996 0.467702 0.870190
vn -0.000000 0.447798 0.894135
vn 0.155015 0.240738 0.958131
vn 0.000000 0.229544 0.973298
vn 0.258448 0.000010 0.966025
vn 0.305328 0.232053 0.923540
vn 0.305294 0.450826 0.838780
vn 0.449892 0.217641 0.866158
vn 0.500339 0.000020 0.865830
vn 0.582107 0.198159 0.788597
vn 0.707101 0.172334 0.685791
vn 0.974722 0.105801 0.196782
vn 0.966510 0.177588 0.185260
vn 0.934042 0.169116 0.314587
vn 0.934054 0.240438 0.264070
vn 0.874737 0.326246 0.358328
vn 0.899676 0.348051 0.263521
vn 0.841420 0.450651 0.298204
vn 0.795961 0.453437 0.401050
vn 0.799047 0.404786 0.444603
vn 0.874716 0.229462 0.426871
vn 0.449846 0.422827 0.786674
vn 0.582058 0.384977 0.716241
vn -0.757287 0.653082 0.000000
vn -0.707107 0.707107 0.000000
vn -0.583195 0.812332 0.000000
vn -0.500000 0.866025 0.000000
vn -0.356583 0.934264 0.000000
vn -0.258819 0.965926 0.000000
vn -0.106358 0.994328 0.000000
vn -0.000000 1.000000 0.000000
vn 0.150911 0.988547 0.000000
vn 0.258819 0.965926 0.000000
vn 0.398186 0.917305 0.000000
vn 0.500000 0.866025 0.000000
vn 0.619093 0.785318 0.000000
vn 0.707107 0.707107 0.000000
vn 0.799003 0.601327 0.000000
vn 0.866025 0.500000 0.000000
vn 0.926003 0.377516 0.000000
vn 0.965926 0.258819 0.000000
vn 0.991683 0.128705 0.000000
vn 1.000000 0.000000 0.000000
vn 0.991693 -0.128628 0.000000
vn 0.965926 -0.258819 0.000000
vn 0.926033 -0.377443 0.000000
vn 0.866025 -0.500000 0.000000
vn 0.799050 -0.601264 0.000000
vn 0.707107 -0.707107 0.000000
vn 0.619154 -0.785270 0.000000
vn 0.500000 -0.866025 0.000000
vn 0.398257 -0.917274 0.000000
vn 0.258819 -0.965926 0.000000
vn 0.150988 -0.988536 0.000000
vn -0.000000 -1.000000 -0.000000
vn -0.106280 -0.994336 -0.000000
vn -0.258819 -0.965926 -0.000000
vn -0.356510 -0.934292 -0.000000
vn -0.500000 -0.866025 -0.000000
vn -0.583132 -0.812378 -0.000000
vn -0.707107 -0.707107 -0.000000
vn -0.757236 -0.653142 -0.000000
vn -0.866025 -0.500000 -0.000000
vn -0.889542 -0.456854 -0.000000
vn -0.965926 -0.258819 -0.000000
vn -0.972627 -0.232372 -0.000000
vn -1.000000 -0.000000 -0.000000
vn -1.000000 -0.000039 -0.000000
vn -0.972645 0.232296 0.000000
vn -0.965926 0.258819 0.000000
vn -0.889578 0.456784 0.000000
vn -0.866025 0.500000 0.000000
vn -1.000000 0.000000 0.000000
vn -1.000000 0.000000 0.000000
vn -1.000000 0.000000 0.000000
vn -1.000000 0.000000 0.000000
vn -1.000000 0.000000 0.000000
vn -1.000000 0.000000 0.000000
vn -1.000000 0.000000 0.000000
vn -0.981420 -0.191871 0.000000
vn -0.965926 -0.258819 0.000000
vn -0.924328 -0.381598 0.000000
vn -0.866025 -0.500000 0.000000
vn -0.830976 -0.556308 0.000000
vn -0.707107 -0.707107 0.000000
vn -0.708812 -0.705398 0.000000
vn -0.560270 -0.828310 0.000000
vn -0.500000 -0.866025 0.000000
vn -0.384914 -0.922952 0.000000
vn -0.258819 -0.965926 0.000000
vn -0.193674 -0.981066 0.000000
vn -0.000000 -1.000000 0.000000
vn -0.000000 -1.000000 0.000000
vn 0.000000 -1.000000 0.000000
vn 0.000000 -1.000000 0.000000
vn 0.193674 -0.981066 0.000000
vn 0.258819 -0.965926 0.000000
vn 0.384914 -0.922952 0.000000
vn 0.500000 -0.866025 0.000000
vn 0.560270 -0.828310 0.000000
vn 0.707107 -0.707107 0.000000
vn 0.708812 -0.705398 0.000000
vn 0.830976 -0.556308 0.000000
vn 0.866025 -0.500000 0.000000
vn 0.924328 -0.381598 0.000000
vn 0.965926 -0.258819 0.000000
vn 0.981420 -0.191871 0.000000
vn 1.000000 -0.000000 0.000000
vn 1.000000 -0.000000 0.000000
vn 1.000000 0.000000 0.000000
vn 1.000000 0.000000 0.000000
vn 1.000000 0.000000 0.000000
vn 1.000000 0.000000 0.000000
vn 1.000000 0.000000 0.000000
vn -1.000000 0.000000 0.000000
vn -1.000000 0.000000 0.000000
vn -1.000000 0.000000 0.000000
vn -1.000000 0.000000 0.000000
vn -1.000000 0.000000 0.000000
vn -1.000000 0.000000 0.000000
vn -1.000000 0.000000 0.000000
vn -0.981420 -0.191871 0.000000
vn -0.965926 -0.258819 0.000000
vn -0.924328 -0.381598 0.000000
vn -0.866025 -0.500000 0.000000
vn -0.830976 -0.556308 0.000000
vn -0.707107 -0.707107 0.000000
vn -0.708812 -0.705398 0.000000
vn -0.560270 -0.828310 0.000000
vn -0.500000 -0.866025 0.000000
vn -0.384914 -0.922952 0.000000
vn -0.258819 -0.965926 0.000000
vn -0.193674 -0.981066 0.000000
vn -0.000000 -1.000000 0.000000
vn -0.000000 -1.000000 0.000000
vn 0.000000 -1.000000 0.000000
vn 0.000000 -1.000000 0.000000
vn 0.193674 -0.981066 0.000000
vn 0.258819 -0.965926 0.000000
vn 0.384914 -0.922952 0.000000
vn 0.500000 -0.866025 0.000000
vn 0.560270 -0.828310 0.000000
vn 0.707107 -0.707107 0.000000
vn 0.708812 -0.705398 0.000000
vn 0.830976 -0.556308 0.000000
vn 0.866025 -0.500000 0.000000
vn 0.924328 -0.381598 0.000000
vn 0.965926 -0.258819 0.000000
vn 0.981420 -0.191871 0.000000
vn 1.000000 -0.000000 0.000000
vn 1.000000 -0.000000 0.000000
vn 1.000000 0.000000 0.000000
vn 1.000000 0.000000 0.000000
vn 1.000000 0.000000 0.000000
vn 1.000000 0.000000 0.000000
vn 1.000000 0.000000 0.000000
vn 1.000000 0.000000 0.000000
vn 1.000000 0.000000 0.000000
vn 1.000000 0.000000 0.000000
vn 1.000000 0.000000 0.000000
vn 0.000000 1.000000 -0.000000
vn 0.000000 1.000000 -0.000000
vn 0.258819 0.965926 -0.000000
vn 0.258819 0.965926 -0.000000
vn 0.500000 0.866025 -0.000000
vn 0.500000 0.866025 -0.000000
vn 0.707107 0.707107 -0.000000
vn 0.707107 0.707107 -0.000000
vn 0.866025 0.500000 -0.000000
vn 0.866025 0.500000 -0.000000
vn 0.965926 0.258819 -0.000000
vn 0.965926 0.258819 -0.000000
vn 0.000000 1.000000 0.000000
vn 0.000000 1.000000 0.000000
vn -1.000000 0.000000 0.000000
vn -1.000000 0.000000 0.000000
vn -0.965926 0.258819 0.000000
vn -0.965926 0.258819 0.000000
vn -0.866025 0.500000 0.000000
vn -0.866025 0.500000 0.000000
vn -0.707107 0.707107 0.000000
vn -0.707107 0.707107 0.000000
vn -0.500000 0.866025 0.000000
vn -0.500000 0.866025 0.000000
vn -0.258819 0.965926 0.000000
vn -0.258819 0.965926 0.000000
vn -1.000000 0.000000 0.000000
vn -1.000000 0.000000 0.000000
vn -0.000000 -1.000000 0.000000
vn -0.000000 -1.000000 0.000000
vn -0.258819 -0.965926 0.000000
vn -0.258819 -0.965926 0.000000
vn -0.500000 -0.866025 0.000000
vn -0.500000 -0.866025 0.000000
vn -0.707107 -0.707107 0.000000
vn -0.707107 -0.707107 0.000000
vn -0.866025 -0.500000 0.000000
vn -0.866025 -0.500000 0.000000
vn -0.965926 -0.258819 0.000000
vn -0.965926 -0.258819 0.000000
vn 0.000000 -1.000000 0.000000
vn 0.000000 -1.000000 0.000000
vn 0.965926 -0.258819 0.000000
vn 0.965926 -0.258819 0.000000
vn 0.866025 -0.500000 0.000000
vn 0.866025 -0.500000 0.000000
vn 0.707107 -0.707107 0.000000
vn 0.707107 -0.707107 0.000000
vn 0.500000 -0.866025 0.000000
vn 0.500000 -0.866025 0.000000
vn 0.258819 -0.965926 0.000000
vn 0.258819 -0.965926 0.000000
vn 1.000000 0.000000 0.000000
vn 1.000000 0.000000 0.000000
vn 1.000000 0.000000 0.000000
vn 1.000000 0.000000 0.000000
vn 1.000000 0.000000 0.000000
vn 1.000000 0.000000 0.000000
vn 1.000000 0.000000 0.000000
vn 0.000000 1.000000 -0.000000
vn 0.000000 1.000000 -0.000000
vn 0.258819 0.965926 -0.000000
vn 0.258819 0.965926 -0.000000
vn 0.500000 0.866025 -0.000000
vn 0.500000 0.866025 -0.000000
vn 0.707107 0.707107 -0.000000
vn 0.707107 0.707107 -0.000000
vn 0.866025 0.500000 -0.000000
vn 0.866025 0.500000 -0.000000
vn 0.965926 0.258819 -0.000000
vn 0.965926 0.258819 -0.000000
vn 0.000000 1.000000 0.000000
vn 0.000000 1.000000 0.000000
vn -1.000000 0.000000 0.000000
vn -1.000000 0.000000 0.000000
vn -0.965926 0.258819 0.000000
vn -0.965926 0.258819 0.000000
vn -0.866025 0.500000 0.000000
vn -0.866025 0.500000 0.000000
vn -0.707107 0.707107 0.000000
vn -0.707107 0.707107 0.000000
vn -0.500000 0.866025 0.000000
vn -0.500000 0.866025 0.000000
vn -0.258819 0.965926 0.000000
vn -0.258819 0.965926 0.000000
vn -1.000000 0.000000 0.000000
vn -1.000000 0.000000 0.000000
vn -1.000000 0.000000 0.000000
vn -1.000000 0.000000 0.000000
vn -1.000000 0.000000 0.000000
vn -0.981420 -0.191871 0.000000
vn -0.965926 -0.258819 0.000000
vn -0.924328 -0.381598 0.000000
vn -0.866025 -0.500000 0.000000
vn -0.830976 -0.556308 0.000000
vn -0.707107 -0.707107 0.000000
vn -0.708812 -0.705398 0.000000
vn -0.560270 -0.828310 0.000000
vn -0.500000 -0.866025 0.000000
vn -0.384914 -0.922952 0.000000
vn -0.258819 -0.965926 0.000000
vn -0.193674 -0.981066 0.000000
vn -0.000000 -1.000000 0.000000
vn -0.000000 -1.000000 0.000000
vn 0.000000 -1.000000 0.000000
vn 0.000000 -1.000000 0.000000
vn 0.193674 -0.981066 0.000000
vn 0.258819 -0.965926 0.000000
vn 0.384914 -0.922952 0.000000
vn 0.500000 -0.866025 0.000000
vn 0.560270 -0.828310 0.000000
vn 0.707107 -0.707107 0.000000
vn 0.708812 -0.705398 0.000000
vn 0.830976 -0.556308 0.000000
vn 0.866025 -0.500000 0.000000
vn 0.924328 -0.381598 0.000000
vn 0.965926 -0.258819 0.000000
vn 0.981420 -0.191871 0.000000
vn 0.000000 1.000000 -0.000000
vn 0.000000 1.000000 -0.000000
vn 0.258819 0.965926 -0.000000
vn 0.258819 0.965926 -0.000000
vn 0.500000 0.866025 -0.000000
vn 0.500000 0.866025 -0.000000
vn 0.707107 0.707107 -0.000000
vn 0.707107 0.707107 -0.000000
vn 0.866025 0.500000 -0.000000
vn 0.866025 0.500000 -0.000000
vn 0.965926 0.258819 -0.000000
vn 0.965926 0.258819 -0.000000
vn 0.000000 1.000000 0.000000
vn 0.000000 1.000000 0.000000
vn -0.965926 0.258819 0.000000
vn -0.965926 0.258819 0.000000
vn -0.866025 0.500000 0.000000
vn -0.866025 0.500000 0.000000
vn -0.707107 0.707107 0.000000
vn -0.707107 0.707107 0.000000
vn -0.500000 0.866025 0.000000
vn -0.500000 0.866025 0.000000
vn -0.258819 0.965926 0.000000
vn -0.258819 0.965926 0.000000
vn 1.000000 0.000000 0.000000
vn 1.000000 0.000000 0.000000
vn 1.000000 0.000000 0.000000
vn 1.000000 0.000000 0.000000
vn 0.000000 1.000000 -0.000000
vn 0.000000 1.000000 -0.000000
vn 0.258819 0.965926 -0.000000
vn 0.258819 0.965926 -0.000000
vn 0.500000 0.866025 -0.000000
vn 0.500000 0.866025 -0.000000
vn 0.707107 0.707107 -0.000000
vn 0.707107 0.707107 -0.000000
vn 0.866025 0.500000 -0.000000
vn 0.866025 0.500000 -0.000000
vn 0.965926 0.258819 -0.000000
vn 0.965926 0.258819 -0.000000
vn 0.000000 1.000000 0.000000
vn 0.000000 1.000000 0.000000
vn -1.000000 0.000000 0.000000
vn -1.000000 0.000000 0.000000
vn -0.965926 0.258819 0.000000
vn -0.965926 0.258819 0.000000
vn -0.866025 0.500000 0.000000
vn -0.866025 0.500000 0.000000
vn -0.707107 0.707107 0.000000
vn -0.707107 0.707107 0.000000
vn -0.500000 0.866025 0.000000
vn -0.500000 0.866025 0.000000
vn -0.258819 0.965926 0.000000
vn -0.258819 0.965926 0.000000
vn -1.000000 0.000000 0.000000
vn -1.000000 0.000000 0.000000
vn -0.000000 -1.000000 0.000000
vn -0.000000 -1.000000 0.000000
vn -0.258819 -0.965926 0.000000
vn -0.258819 -0.965926 0.000000
vn -0.500000 -0.866025 0.000000
vn -0.500000 -0.866025 0.000000
vn -0.707107 -0.707107 0.000000
vn -0.707107 -0.707107 0.000000
vn -0.866025 -0.500000 0.000000
vn -0.866025 -0.500000 0.000000
vn -0.965926 -0.258819 0.000000
vn -0.965926 -0.258819 0.000000
vn 0.000000 -1.000000 0.000000
vn 0.000000 -1.000000 0.000000
vn 0.965926 -0.258819 0.000000
vn 0.965926 -0.258819 0.000000
vn 0.866025 -0.500000 0.000000
vn 0.866025 -0.500000 0.000000
vn 0.707107 -0.707107 0.000000
vn 0.707107 -0.707107 0.000000
vn 0.500000 -0.866025 0.000000
vn 0.500000 -0.866025 0.000000
vn 0.258819 -0.965926 0.000000
vn 0.258819 -0.965926 0.000000
vn 1.000000 0.000000 0.000000
vn 1.000000 0.000000 0.000000
vn 1.000000 0.000000 0.000000
vn 1.000000 0.000000 0.000000
vn 0.000000 1.000000 -0.000000
vn 0.000000 1.000000 -0.000000
vn 0.258819 0.965926 -0.000000
vn 0.258819 0.965926 -0.000000
vn 0.500000 0.866025 -0.000000
vn 0.500000 0.866025 -0.000000
vn 0.707107 0.707107 -0.000000
vn 0.707107 0.707107 -0.000000
vn 0.866025 0.500000 -0.000000
vn 0.866025 0.500000 -0.000000
vn 0.965926 0.258819 -0.000000
vn 0.965926 0.258819 -0.000000
vn 0.000000 1.000000 0.000000
vn 0.000000 1.000000 0.000000
vn -1.000000 0.000000 0.000000
vn -1.000000 0.000000 0.000000
vn -0.965926 0.258819 0.000000
vn -0.965926 0.258819 0.000000
vn -0.866025 0.500000 0.000000
vn -0.866025 0.500000 0.000000
vn -0.707107 0.707107 0.000000
vn -0.707107 0.707107 0.000000
vn -0.500000 0.866025 0.000000
vn -0.500000 0.866025 0.000000
vn -0.258819 0.965926 0.000000
vn -0.258819 0.965926 0.000000
vn -1.000000 0.000000 0.000000
vn -1.000000 0.000000 0.000000
vn -0.000000 -1.000000 0.000000
vn -0.000000 -1.000000 0.000000
vn -0.258819 -0.965926 0.000000
vn -0.258819 -0.965926 0.000000
vn -0.500000 -0.866025 0.000000
vn -0.500000 -0.866025 0.000000
vn -0.707107 -0.707107 0.000000
vn -0.707107 -0.707107 0.000000
vn -0.866025 -0.500000 0.000000
vn -0.866025 -0.500000 0.000000
vn -0.965926 -0.258819 0.000000
vn -0.965926 -0.258819 0.000000
vn 0.000000 -1.000000 0.000000
vn 0.000000 -1.000000 0.000000
vn 0.965926 -0.258819 0.000000
vn 0.965926 -0.258819 0.000000
vn 0.866025 -0.500000 0.000000
vn 0.866025 -0.500000 0.000000
vn 0.707107 -0.707107 0.000000
vn 0.707107 -0.707107 0.000000
vn 0.500000 -0.866025 0.000000
vn 0.500000 -0.866025 0.000000
vn 0.258819 -0.965926 0.000000
vn 0.258819 -0.965926 0.000000
vn 0.000000 1.000000 -0.000000
vn 0.000000 1.000000 -0.000000
vn 0.258819 0.965926 -0.000000
vn 0.258819 0.965926 -0.000000
vn 0.500000 0.866025 -0.000000
vn 0.500000 0.866025 -0.000000
vn 0.707107 0.707107 -0.000000
vn 0.707107 0.707107 -0.000000
vn 0.866025 0.500000 -0.000000
vn 0.866025 0.500000 -0.000000
vn 0.965926 0.258819 -0.000000
vn 0.965926 0.258819 -0.000000
vn 0.000000 1.000000 0.000000
vn 0.000000 1.000000 0.000000
vn -0.965926 0.258819 0.000000
vn -0.965926 0.258819 0.000000
vn -0.866025 0.500000 0.000000
vn -0.866025 0.500000 0.000000
vn -0.707107 0.707107 0.000000
vn -0.707107 0.707107 0.000000
vn -0.500000 0.866025 0.000000
vn -0.500000 0.866025 0.000000
vn -0.258819 0.965926 0.000000
vn -0.258819 0.965926 0.000000
vn 1.000000 0.000000 0.000000
vn 1.000000 0.000000 0.000000
vn 1.000000 0.000000 0.000000
vn 1.000000 0.000000 0.000000
vn 1.000000 0.000000 0.000000
vn 1.000000 0.000000 0.000000
vn 1.000000 0.000000 0.000000
vn 0.000000 1.000000 -0.000000
vn 0.000000 1.000000 -0.000000
vn 0.258819 0.965926 -0.000000
vn 0.258819 0.965926 -0.000000
vn 0.500000 0.866025 -0.000000
vn 0.500000 0.866025 -0.000000
vn 0.707107 0.707107 -0.000000
vn 0.707107 0.707107 -0.000000
vn 0.866025 0.500000 -0.000000
vn 0.866025 0.500000 -0.000000
vn 0.965926 0.258819 -0.000000
vn 0.965926 0.258819 -0.000000
vn 0.000000 1.000000 0.000000
vn 0.000000 1.000000 0.000000
vn -1.000000 0.000000 0.000000
vn -1.000000 0.000000 0.000000
vn -0.965926 0.258819 0.000000
vn -0.965926 0.258819 0.000000
vn -0.866025 0.500000 0.000000
vn -0.866025 0.500000 0.000000
vn -0.707107 0.707107 0.000000
vn -0.707107 0.707107 0.000000
vn -0.500000 0.866025 0.000000
vn -0.500000 0.866025 0.000000
vn -0.258819 0.965926 0.000000
vn -0.258819 0.965926 0.000000
vn -1.000000 0.000000 0.000000
vn -1.000000 0.000000 0.000000
vn -1.000000 0.000000 0.000000
vn -1.000000 0.000000 0.000000
vn -1.000000 0.000000 0.000000
vn -0.981420 -0.191871 0.000000
vn -0.965926 -0.258819 0.000000
vn -0.924328 -0.381598 0.000000
vn -0.866025 -0.500000 0.000000
vn -0.830976 -0.556308 0.000000
vn -0.707107 -0.707107 0.000000
vn -0.708812 -0.705398 0.000000
vn -0.560270 -0.828310 0.000000
vn -0.500000 -0.866025 0.000000
vn -0.384914 -0.922952 0.000000
vn -0.258819 -0.965926 0.000000
vn -0.193674 -0.981066 0.000000
vn -0.000000 -1.000000 0.000000
vn -0.000000 -1.000000 0.000000
vn 0.000000 -1.000000 0.000000
vn 0.000000 -1.000000 0.000000
vn 0.193674 -0.981066 0.000000
vn 0.258819 -0.965926 0.000000
vn 0.384914 -0.922952 0.000000
vn 0.500000 -0.866025 0.000000
vn 0.560270 -0.828310 0.000000
vn 0.707107 -0.707107 0.000000
vn 0.708812 -0.705398 0.000000
vn 0.830976 -0.556308 0.000000
vn 0.866025 -0.500000 0.000000
vn 0.924328 -0.381598 0.000000
vn 0.965926 -0.258819 0.000000
vn 0.981420 -0.191871 0.000000
vn 1.000000 0.000000 0.000000
vn 1.000000 0.000000 0.000000
vn 1.000000 0.000000 0.000000
vn 1.000000 0.000000 0.000000
vn 0.000000 1.000000 -0.000000
vn 0.000000 1.000000 -0.000000
vn 0.258819 0.965926 -0.000000
vn 0.258819 0.965926 -0.000000
vn 0.500000 0.866025 -0.000000
vn 0.500000 0.866025 -0.000000
vn 0.707107 0.707107 -0.000000
vn 0.707107 0.707107 -0.000000
vn 0.866025 0.500000 -0.000000
vn 0.866025 0.500000 -0.000000
vn 0.965926 0.258819 -0.000000
vn 0.965926 0.258819 -0.000000
vn 0.000000 1.000000 0.000000
vn 0.000000 1.000000 0.000000
vn -1.000000 0.000000 0.000000
vn -1.000000 0.000000 0.000000
vn -0.965926 0.258819 0.000000
vn -0.965926 0.258819 0.000000
vn -0.866025 0.500000 0.000000
vn -0.866025 0.500000 0.000000
vn -0.707107 0.707107 0.000000
vn -0.707107 0.707107 0.000000
vn -0.500000 0.866025 0.000000
vn -0.500000 0.866025 0.000000
vn -0.258819 0.965926 0.000000
vn -0.258819 0.965926 0.000000
vn -1.000000 0.000000 0.000000
vn -1.000000 0.000000 0.000000
vn -0.000000 -1.000000 0.000000
vn -0.000000 -1.000000 0.000000
vn -0.258819 -0.965926 0.000000
vn -0.258819 -0.965926 0.000000
vn -0.500000 -0.866025 0.000000
vn -0.500000 -0.866025 0.000000
vn -0.707107 -0.707107 0.000000
vn -0.707107 -0.707107 0.000000
vn -0.866025 -0.500000 0.000000
vn -0.866025 -0.500000 0.000000
vn -0.965926 -0.258819 0.000000
vn -0.965926 -0.258819 0.000000
vn 0.000000 -1.000000 0.000000
vn 0.000000 -1.000000 0.000000
vn 0.965926 -0.258819 0.000000
vn 0.965926 -0.258819 0.000000
vn 0.866025 -0.500000 0.000000
vn 0.866025 -0.500000 0.000000
vn 0.707107 -0.707107 0.000000
vn 0.707107 -0.707107 0.000000
vn 0.500000 -0.866025 0.000000
vn 0.500000 -0.866025 0.000000
vn 0.258819 -0.965926 0.000000
vn 0.258819 -0.965926 0.000000
f 345/716/682 374/717/683 344/718/684
f 344/718/684 374/717/683 375/719/685
f 344/718/684 375/719/685 371/720/686
f 371/720/686 375/719/685 376/721/687
f 371/720/686 376/721/687 370/722/688
f 370/722/688 376/721/687 377/723/689
f 370/722/688 377/723/689 369/724/690
f 369/724/690 377/723/689 378/725/691
f 369/724/690 378/725/691 368/726/692
f 368/726/692 378/725/691 379/727/693
f 368/726/692 379/727/693 367/728/694
f 367/728/694 379/727/693 380/729/695
f 367/728/694 380/729/695 366/730/696
f 366/730/696 380/729/695 381/731/697
f 366/730/696 381/731/697 365/732/698
f 365/732/698 381/731/697 382/733/699
f 365/732/698 382/733/699 364/734/700
f 364/734/700 382/733/699 383/735/701
f 364/734/700 383/735/701 363/736/702
f 363/736/702 383/735/701 384/737/703
f 363/736/702 384/737/703 362/738/704
f 362/738/704 384/737/703 361/739/705
f 361/739/705 384/737/703 385/740/706
f 361/739/705 385/740/706 360/741/707
f 360/741/707 385/740/706 386/742/708
f 360/741/707 386/742/708 359/743/709
f 359/743/709 386/742/708 387/744/710
f 359/743/709 387/744/710 358/745/711
f 358/745/711 387/744/710 388/746/712
f 358/745/711 388/746/712 357/747/713
f 357/747/713 388/746/712 389/748/714
f 357/747/713 389/748/714 356/749/715
f 356/749/715 389/748/714 390/750/716
f 356/749/715 390/750/716 355/751/717
f 355/751/717 390/750/716 391/752/718
f 355/751/717 391/752/718 354/753/719
f 354/753/719 391/752/718 392/754/720
f 354/753/719 392/754/720 353/755/721
f 353/755/721 392/754/720 393/756/722
f 353/755/721 393/756/722 352/757/723
f 352/757/723 393/756/722 394/758/724
f 352/757/723 394/758/724 351/759/725
f 351/759/725 394/758/724 395/760/726
f 351/759/725 395/760/726 350/761/727
f 350/761/727 395/760/726 349/762/728
f 349/762/728 395/760/726 372/763/729
f 349/762/728 372/763/729 348/764/730
f 348/764/730 372/763/729 347/765/731
f 347/766/731 372/767/729 373/768/732
f 347/766/731 373/768/732 346/769/733
f 346/769/733 373/768/732 345/716/682
f 345/716/682 373/768/732 374/717/683
f 397/770/734 593/771/735 396/772/736
f 396/772/736 593/771/735 370/773/737
f 396/772/736 370/773/737 369/774/738
f 593/771/735 397/770/734 590/775/739
f 590/775/739 397/770/734 398/776/740
f 590/775/739 398/776/740 589/777/741
f 589/777/741 398/776/740 399/778/742
f 589/777/741 399/778/742 588/779/743
f 588/779/743 399/778/742 587/780/744
f 587/780/744 399/778/742 400/781/745
f 587/780/744 400/781/745 586/782/746
f 586/782/746 400/781/745 401/783/747
f 586/782/746 401/783/747 585/784/748
f 585/784/748 401/783/747 402/785/749
f 585/784/748 402/785/749 403/786/750
f 585/784/748 403/786/750 584/787/751
f 584/787/751 403/786/750 404/788/752
f 584/787/751 404/788/752 583/789/753
f 583/789/753 404/788/752 485/790/754
f 583/789/753 485/790/754 570/791/755
f 570/791/755 485/790/754 569/792/756
f 569/792/756 485/790/754 486/793/757
f 569/792/756 486/793/757 487/794/758
f 485/790/754 404/788/752 484/795/759
f 484/795/759 404/788/752 405/796/760
f 484/795/759 405/796/760 483/797/761
f 483/797/761 405/796/760 406/798/762
f 483/797/761 406/798/762 482/799/763
f 482/799/763 406/798/762 407/800/764
f 482/799/763 407/800/764 481/801/765
f 481/801/765 407/800/764 408/802/766
f 481/801/765 408/802/766 480/803/767
f 480/803/767 408/802/766 409/804/768
f 480/803/767 409/804/768 507/805/769
f 507/805/769 409/804/768 410/806/770
f 507/805/769 410/806/770 506/807/771
f 506/807/771 410/806/770 411/808/772
f 506/807/771 411/808/772 505/809/773
f 505/809/773 411/808/772 412/810/774
f 505/809/773 412/810/774 504/811/775
f 504/811/775 412/810/774 413/812/776
f 504/811/775 413/812/776 503/813/777
f 503/813/777 413/812/776 414/814/778
f 503/813/777 414/814/778 502/815/779
f 502/815/779 414/814/778 415/816/780
f 502/815/779 415/816/780 501/817/781
f 501/817/781 415/816/780 416/818/782
f 501/817/781 416/818/782 359/819/783
f 359/819/783 416/818/782 360/820/784
f 360/820/784 416/818/782 361/821/785
f 361/821/785 416/818/782 362/822/786
f 362/822/786 416/818/782 417/823/787
f 362/822/786 417/823/787 363/824/788
f 363/824/788 417/823/787 364/825/789
f 364/825/789 417/823/787 365/826/790
f 365/826/790 417/823/787 418/827/791
f 365/826/790 418/827/791 366/828/792
f 366/828/792 418/827/791 419/829/793
f 366/828/792 419/829/793 367/830/794
f 367/830/794 419/829/793 420/831/795
f 367/830/794 420/831/795 421/832/796
f 367/830/794 421/832/796 368/833/797
f 368/833/797 421/832/796 422/834/798
f 368/833/797 422/834/798 423/835/799
f 368/833/797 423/835/799 369/774/738
f 369/774/738 423/835/799 396/772/736
f 425/836/800 492/837/801 424/838/802
f 424/838/802 492/837/801 493/839/803
f 424/838/802 493/839/803 451/840/804
f 451/840/804 493/839/803 494/841/805
f 451/840/804 494/841/805 450/842/806
f 450/842/806 494/841/805 495/843/807
f 450/842/806 495/843/807 449/844/808
f 449/844/808 495/843/807 496/845/809
f 449/844/808 496/845/809 448/846/810
f 448/846/810 496/845/809 497/847/811
f 448/846/810 497/847/811 447/848/812
f 447/848/812 497/847/811 498/849/813
f 447/848/812 498/849/813 446/850/814
f 446/850/814 498/849/813 499/851/815
f 446/850/814 499/851/815 445/852/816
f 445/852/816 499/851/815 500/853/817
f 445/852/816 500/853/817 358/854/818
f 358/854/818 500/853/817 501/817/781
f 358/854/818 501/817/781 359/819/783
f 492/837/801 425/836/800 491/855/819
f 491/855/819 425/836/800 426/856/820
f 491/855/819 426/856/820 490/857/821
f 490/857/821 426/856/820 427/858/822
f 490/857/821 427/858/822 489/859/823
f 489/859/823 427/858/822 428/860/824
f 489/859/823 428/860/824 488/861/825
f 488/861/825 428/860/824 429/862/826
f 488/861/825 429/862/826 567/863/827
f 567/863/827 429/862/826 554/864/828
f 567/863/827 554/864/828 566/865/829
f 566/865/829 554/864/828 555/866/830
f 566/865/829 555/866/830 565/867/831
f 565/867/831 555/866/830 556/868/832
f 565/867/831 556/868/832 564/869/833
f 564/869/833 556/868/832 557/870/834
f 564/869/833 557/870/834 563/871/835
f 563/871/835 557/870/834 558/872/836
f 563/871/835 558/872/836 562/873/837
f 562/873/837 558/872/836 559/874/838
f 562/873/837 559/874/838 561/875/839
f 561/875/839 559/874/838 560/876/840
f 554/864/828 429/862/826 553/877/841
f 553/877/841 429/862/826 430/878/842
f 553/877/841 430/878/842 431/879/843
f 553/877/841 431/879/843 552/880/844
f 552/880/844 431/879/843 432/881/845
f 552/880/844 432/881/845 551/882/846
f 551/882/846 432/881/845 457/883/847
f 551/882/846 457/883/847 538/884/848
f 538/884/848 457/883/847 537/885/849
f 537/885/849 457/883/847 458/886/850
f 537/885/849 458/886/850 459/887/851
f 457/883/847 432/881/845 456/888/852
f 456/888/852 432/881/845 433/889/853
f 456/888/852 433/889/853 455/890/854
f 455/890/854 433/889/853 434/891/855
f 455/890/854 434/891/855 454/892/856
f 454/892/856 434/891/855 435/893/857
f 454/892/856 435/893/857 453/894/858
f 453/894/858 435/893/857 436/895/859
f 453/894/858 436/895/859 452/896/860
f 452/896/860 436/895/859 437/897/861
f 452/896/860 437/897/861 479/898/862
f 479/898/862 437/897/861 438/899/863
f 479/898/862 438/899/863 478/900/864
f 478/900/864 438/899/863 439/901/865
f 478/900/864 439/901/865 477/902/866
f 477/902/866 439/901/865 440/903/867
f 477/902/866 440/903/867 476/904/868
f 476/904/868 440/903/867 441/905/869
f 476/904/868 441/905/869 475/906/870
f 475/906/870 441/905/869 442/907/871
f 475/906/870 442/907/871 474/908/872
f 474/908/872 442/907/871 443/909/873
f 474/908/872 443/909/873 473/910/874
f 473/910/874 443/909/873 444/911/875
f 473/910/874 444/911/875 516/912/876
f 516/912/876 444/911/875 515/913/877
f 515/913/877 444/911/875 445/852/816
f 515/913/877 445/852/816 514/914/878
f 514/914/878 445/852/816 358/854/818
f 514/914/878 358/854/818 357/915/879
f 537/885/849 459/887/851 536/916/880
f 536/916/880 459/887/851 460/917/881
f 536/916/880 460/917/881 535/918/882
f 535/918/882 460/917/881 461/919/883
f 535/918/882 461/919/883 534/920/884
f 534/920/884 461/919/883 462/921/885
f 534/920/884 462/921/885 533/922/886
f 533/922/886 462/921/885 532/923/887
f 532/923/887 462/921/885 463/924/888
f 532/923/887 463/924/888 531/925/889
f 531/925/889 463/924/888 464/926/890
f 531/925/889 464/926/890 528/927/891
f 528/927/891 464/926/890 465/928/892
f 528/927/891 465/928/892 526/929/893
f 526/929/893 465/928/892 525/930/894
f 525/930/894 465/928/892 466/931/895
f 525/930/894 466/931/895 524/932/896
f 524/932/896 466/931/895 467/933/897
f 524/932/896 467/933/897 468/934/898
f 468/934/898 469/935/899 524/932/896
f 524/932/896 469/935/899 523/936/900
f 523/936/900 469/935/899 470/937/901
f 523/936/900 470/937/901 471/938/902
f 472/939/903 521/940/904 471/938/902
f 471/938/902 521/940/904 522/941/905
f 471/938/902 522/941/905 523/936/900
f 473/910/874 518/942/906 472/939/903
f 472/939/903 518/942/906 519/943/907
f 472/939/903 519/943/907 520/944/908
f 569/792/756 487/794/758 568/945/909
f 568/945/909 487/794/758 488/861/825
f 568/945/909 488/861/825 567/863/827
f 344/946/910 371/947/911 593/771/735
f 593/771/735 371/947/911 370/773/737
f 356/948/912 508/949/913 357/915/879
f 357/915/879 508/949/913 509/950/914
f 357/915/879 509/950/914 514/914/878
f 514/914/878 509/950/914 513/951/915
f 513/951/915 509/950/914 512/952/916
f 512/952/916 509/950/914 511/953/917
f 511/953/917 509/950/914 510/954/918
f 356/948/912 355/955/919 508/949/913
f 508/949/913 355/955/919 354/956/920
f 508/949/913 354/956/920 353/957/921
f 353/957/921 352/958/922 508/949/913
f 516/912/876 517/959/923 473/910/874
f 473/910/874 517/959/923 518/942/906
f 520/944/908 521/940/904 472/939/903
f 526/929/893 527/960/924 528/927/891
f 529/961/925 530/962/926 528/927/891
f 528/927/891 530/962/926 531/925/889
f 551/882/846 538/884/848 550/963/927
f 550/963/927 538/884/848 539/964/928
f 550/963/927 539/964/928 549/965/929
f 549/965/929 539/964/928 540/966/930
f 549/965/929 540/966/930 548/967/931
f 548/967/931 540/966/930 541/968/932
f 548/967/931 541/968/932 547/969/933
f 547/969/933 541/968/932 542/970/934
f 547/969/933 542/970/934 546/971/935
f 546/971/935 542/970/934 543/972/936
f 546/971/935 543/972/936 545/973/937
f 545/973/937 543/972/936 544/974/938
f 583/789/753 570/791/755 582/975/939
f 582/975/939 570/791/755 571/976/940
f 582/975/939 571/976/940 581/977/941
f 581/977/941 571/976/940 572/978/942
f 581/977/941 572/978/942 580/979/943
f 580/979/943 572/978/942 573/980/944
f 580/979/943 573/980/944 579/981/945
f 579/981/945 573/980/944 574/982/946
f 579/981/945 574/982/946 578/983/947
f 578/983/947 574/982/946 575/984/948
f 578/983/947 575/984/948 577/985/949
f 577/985/949 575/984/948 576/986/950
f 590/775/739 591/987/951 593/771/735
f 593/771/735 591/987/951 592/988/952
f 607/989/953 594/990/954 606/991/955
f 606/991/955 594/990/954 595/992/956
f 606/991/955 595/992/956 605/993/957
f 605/993/957 595/992/956 596/994/958
f 605/993/957 596/994/958 604/995/959
f 604/995/959 596/994/958 597/996/960
f 604/995/959 597/996/960 603/997/961
f 603/997/961 597/996/960 598/998/962
f 603/997/961 598/998/962 602/999/963
f 602/999/963 598/998/962 599/1000/964
f 602/999/963 599/1000/964 601/1001/965
f 601/1001/965 599/1000/964 600/1002/966
f 631/1003/967 608/1004/968 659/1005/969
f 659/1005/969 608/1004/968 609/1006/970
f 659/1005/969 609/1006/970 658/1007/971
f 658/1007/971 609/1006/970 663/1008/972
f 658/1007/971 663/1008/972 660/1009/973
f 609/1006/970 610/1010/974 663/1008/972
f 663/1008/972 610/1010/974 642/1011/975
f 663/1008/972 642/1011/975 643/1012/976
f 610/1010/974 611/1013/977 642/1011/975
f 642/1011/975 611/1013/977 641/1014/978
f 641/1014/978 611/1013/977 612/1015/979
f 641/1014/978 612/1015/979 640/1016/980
f 640/1016/980 612/1015/979 613/1017/981
f 640/1016/980 613/1017/981 639/1018/982
f 639/1018/982 613/1017/981 594/1019/983
f 639/1018/982 594/1019/983 638/1020/984
f 638/1020/984 594/1019/983 664/1021/985
f 638/1020/984 664/1021/985 637/1022/986
f 637/1022/986 664/1021/985 636/1023/987
f 636/1023/987 664/1021/985 667/1024/988
f 636/1023/987 667/1024/988 668/1025/989
f 613/1017/981 614/1026/990 594/1019/983
f 594/1019/983 614/1026/990 615/1027/991
f 594/1019/983 615/1027/991 616/1028/992
f 617/1029/993 600/1030/994 616/1028/992
f 616/1028/992 600/1030/994 599/1031/995
f 616/1028/992 599/1031/995 598/1032/996
f 617/1029/993 618/1033/997 600/1030/994
f 600/1030/994 618/1033/997 619/1034/998
f 600/1030/994 619/1034/998 620/1035/999
f 620/1035/999 621/1036/1000 600/1030/994
f 600/1030/994 621/1036/1000 622/1037/1001
f 600/1030/994 622/1037/1001 697/1038/1002
f 697/1038/1002 622/1037/1001 623/1039/1003
f 697/1038/1002 623/1039/1003 624/1040/1004
f 624/1040/1004 625/1041/1005 697/1038/1002
f 697/1038/1002 625/1041/1005 687/1042/1006
f 697/1038/1002 687/1042/1006 688/1043/1007
f 625/1041/1005 626/1044/1008 687/1042/1006
f 687/1042/1006 626/1044/1008 686/1045/1009
f 686/1045/1009 626/1044/1008 659/1005/969
f 686/1045/1009 659/1005/969 656/1046/1010
f 626/1044/1008 627/1047/1011 659/1005/969
f 659/1005/969 627/1047/1011 628/1048/1012
f 659/1005/969 628/1048/1012 629/1049/1013
f 629/1049/1013 630/1050/1014 659/1005/969
f 659/1005/969 630/1050/1014 631/1003/967
f 655/1051/1015 632/1052/1016 670/1053/1017
f 670/1053/1017 632/1052/1016 633/1054/1018
f 670/1053/1017 633/1054/1018 634/1055/1019
f 634/1055/1019 635/1056/1020 670/1053/1017
f 670/1053/1017 635/1056/1020 669/1057/1021
f 669/1057/1021 635/1056/1020 668/1025/989
f 668/1025/989 635/1056/1020 636/1023/987
f 643/1012/976 644/1058/1022 663/1008/972
f 663/1008/972 644/1058/1022 645/1059/1023
f 663/1008/972 645/1059/1023 646/1060/1024
f 646/1060/1024 647/1061/1025 663/1008/972
f 663/1008/972 647/1061/1025 662/1062/1026
f 662/1062/1026 647/1061/1025 648/1063/1027
f 662/1062/1026 648/1063/1027 649/1064/1028
f 649/1064/1028 650/1065/1029 662/1062/1026
f 662/1062/1026 650/1065/1029 651/1066/1030
f 662/1062/1026 651/1066/1030 652/1067/1031
f 662/1062/1026 652/1067/1031 671/1068/1032
f 671/1068/1032 652/1067/1031 653/1069/1033
f 671/1068/1032 653/1069/1033 670/1053/1017
f 670/1053/1017 653/1069/1033 654/1070/1034
f 670/1053/1017 654/1070/1034 655/1051/1015
f 656/1046/1010 657/1071/1035 686/1045/1009
f 686/1045/1009 657/1071/1035 685/1072/1036
f 685/1072/1036 657/1071/1035 660/1009/973
f 685/1072/1036 660/1009/973 661/1073/1037
f 657/1071/1035 658/1007/971 660/1009/973
f 685/1072/1036 661/1073/1037 671/1068/1032
f 671/1068/1032 661/1073/1037 662/1062/1026
f 598/1032/996 597/1074/1038 616/1028/992
f 616/1028/992 597/1074/1038 594/1019/983
f 597/1074/1038 596/1075/1039 594/1019/983
f 594/1019/983 596/1075/1039 595/1076/1040
f 665/1077/1041 666/1078/1042 664/1021/985
f 664/1021/985 666/1078/1042 667/1024/988
f 672/1079/1043 682/1080/1044 671/1068/1032
f 671/1068/1032 682/1080/1044 683/1081/1045
f 671/1068/1032 683/1081/1045 684/1082/1046
f 673/1083/1047 680/1084/1048 672/1079/1043
f 672/1079/1043 680/1084/1048 681/1085/1049
f 672/1079/1043 681/1085/1049 682/1080/1044
f 673/1083/1047 674/1086/1050 680/1084/1048
f 680/1084/1048 674/1086/1050 675/1087/1051
f 680/1084/1048 675/1087/1051 676/1088/1052
f 680/1084/1048 676/1088/1052 679/1089/1053
f 679/1089/1053 676/1088/1052 677/1090/1054
f 679/1089/1053 677/1090/1054 678/1091/1055
f 684/1082/1046 685/1072/1036 671/1068/1032
f 688/1043/1007 689/1092/1056 697/1038/1002
f 697/1038/1002 689/1092/1056 690/1093/1057
f 697/1038/1002 690/1093/1057 696/1094/1058
f 696/1094/1058 690/1093/1057 691/1095/1059
f 696/1094/1058 691/1095/1059 695/1096/1060
f 695/1096/1060 691/1095/1059 694/1097/1061
f 694/1097/1061 691/1095/1059 693/1098/1062
f 693/1098/1062 691/1095/1059 692/1099/1063
f 607/1100/953 698/1101/1064 594/1102/954
f 594/1102/954 698/1101/1064 664/1103/1065
f 704/1104/1066 670/1105/1067 703/1106/1068
f 703/1106/1068 670/1105/1067 669/1107/1069
f 703/1106/1068 669/1107/1069 702/1108/1070
f 702/1108/1070 669/1107/1069 668/1109/1071
f 702/1108/1070 668/1109/1071 701/1110/1072
f 701/1110/1072 668/1109/1071 667/1111/1073
f 701/1110/1072 667/1111/1073 700/1112/1074
f 700/1112/1074 667/1111/1073 666/1113/1075
f 700/1112/1074 666/1113/1075 699/1114/1076
f 699/1114/1076 666/1113/1075 665/1115/1077
f 699/1114/1076 665/1115/1077 698/1116/1064
f 698/1116/1064 665/1115/1077 664/1117/1065
f 706/1118/1078 677/1119/1079 705/1120/1080
f 705/1120/1080 677/1119/1079 676/1121/1081
f 705/1120/1080 676/1121/1081 712/1122/1082
f 712/1122/1082 676/1121/1081 711/1123/1083
f 711/1123/1083 676/1121/1081 675/1124/1084
f 711/1123/1083 675/1124/1084 710/1125/1085
f 710/1125/1085 675/1124/1084 674/1126/1086
f 710/1125/1085 674/1126/1086 709/1127/1087
f 709/1127/1087 674/1126/1086 673/1128/1088
f 709/1127/1087 673/1128/1088 708/1129/1089
f 708/1129/1089 673/1128/1088 672/1130/1090
f 707/1131/1091 678/1132/1092 706/1118/1078
f 706/1118/1078 678/1132/1092 677/1119/1079
f 712/1122/1082 713/1133/1093 705/1120/1080
f 705/1120/1080 713/1133/1093 717/1134/1094
f 717/1134/1094 713/1133/1093 716/1135/1095
f 716/1135/1095 713/1133/1093 714/1136/1096
f 716/1135/1095 714/1136/1096 715/1137/1097
f 606/1138/1098 605/1139/1099 607/1140/1100
f 607/1140/1100 605/1139/1099 604/1141/1101
f 607/1140/1100 604/1141/1101 774/1142/1102
f 774/1142/1102 604/1141/1101 603/1143/1103
f 774/1142/1102 603/1143/1103 602/1144/1104
f 602/1144/1104 601/1145/1105 774/1142/1102
f 774/1142/1102 601/1145/1105 773/1146/1106
f 773/1146/1106 601/1145/1105 772/1147/1107
f 772/1147/1107 601/1145/1105 771/1148/1108
f 771/1148/1108 601/1145/1105 770/1149/1109
f 770/1149/1109 601/1145/1105 769/1150/1110
f 769/1150/1110 601/1145/1105 768/1151/1111
f 768/1151/1111 601/1145/1105 718/1152/1112
f 768/1151/1111 718/1152/1112 767/1153/1113
f 767/1153/1113 718/1152/1112 766/1154/1114
f 766/1154/1114 718/1152/1112 765/1155/1115
f 765/1155/1115 718/1152/1112 764/1156/1116
f 764/1156/1116 718/1152/1112 732/1157/1117
f 764/1156/1116 732/1157/1117 763/1158/1118
f 763/1158/1118 732/1157/1117 762/1159/1119
f 762/1159/1119 732/1157/1117 761/1160/1120
f 761/1160/1120 732/1157/1117 760/1161/1121
f 760/1161/1121 732/1157/1117 759/1162/1122
f 759/1162/1122 732/1157/1117 758/1163/1123
f 758/1163/1123 732/1157/1117 781/1164/1124
f 781/1164/1124 732/1157/1117 733/1165/1125
f 781/1164/1124 733/1165/1125 728/1166/1126
f 728/1166/1126 733/1165/1125 727/1167/1127
f 727/1167/1127 733/1165/1125 730/1168/1128
f 727/1167/1127 730/1168/1128 714/1169/1129
f 714/1169/1129 730/1168/1128 724/1170/1130
f 724/1170/1130 730/1168/1128 731/1171/1131
f 724/1170/1130 731/1171/1131 718/1152/1112
f 718/1152/1112 731/1171/1131 732/1157/1117
f 718/1152/1112 719/1172/1132 724/1170/1130
f 724/1170/1130 719/1172/1132 720/1173/1133
f 724/1170/1130 720/1173/1133 721/1174/1134
f 721/1174/1134 722/1175/1135 724/1170/1130
f 724/1170/1130 722/1175/1135 723/1176/1136
f 713/1177/1137 712/1178/1138 714/1169/1129
f 714/1169/1129 712/1178/1138 711/1179/1139
f 714/1169/1129 711/1179/1139 710/1180/1140
f 710/1180/1140 709/1181/1141 714/1169/1129
f 714/1169/1129 709/1181/1141 708/1182/1142
f 714/1169/1129 708/1182/1142 725/1183/1143
f 704/1184/1144 737/1185/1145 725/1183/1143
f 725/1183/1143 737/1185/1145 738/1186/1146
f 725/1183/1143 738/1186/1146 729/1187/1147
f 729/1187/1147 738/1186/1146 739/1188/1148
f 729/1187/1147 739/1188/1148 740/1189/1149
f 703/1190/1150 755/1191/1151 704/1184/1144
f 704/1184/1144 755/1191/1151 756/1192/1152
f 704/1184/1144 756/1192/1152 757/1193/1153
f 703/1190/1150 702/1194/1154 755/1191/1151
f 755/1191/1151 702/1194/1154 754/1195/1155
f 754/1195/1155 702/1194/1154 701/1196/1156
f 754/1195/1155 701/1196/1156 698/1197/1157
f 698/1197/1157 701/1196/1156 700/1198/1158
f 698/1197/1157 700/1198/1158 699/1199/1159
f 607/1140/1100 752/1200/1160 698/1197/1157
f 698/1197/1157 752/1200/1160 753/1201/1161
f 698/1197/1157 753/1201/1161 754/1195/1155
f 727/1167/1127 714/1169/1129 726/1202/1162
f 726/1202/1162 714/1169/1129 725/1183/1143
f 726/1202/1162 725/1183/1143 729/1187/1147
f 729/1187/1147 743/1203/1163 728/1166/1126
f 728/1166/1126 743/1203/1163 744/1204/1164
f 728/1166/1126 744/1204/1164 745/1205/1165
f 757/1193/1153 734/1206/1166 704/1184/1144
f 704/1184/1144 734/1206/1166 735/1207/1167
f 704/1184/1144 735/1207/1167 736/1208/1168
f 736/1208/1168 737/1185/1145 704/1184/1144
f 740/1189/1149 741/1209/1169 729/1187/1147
f 729/1187/1147 741/1209/1169 742/1210/1170
f 729/1187/1147 742/1210/1170 743/1203/1163
f 745/1205/1165 746/1211/1171 728/1166/1126
f 728/1166/1126 746/1211/1171 747/1212/1172
f 728/1166/1126 747/1212/1172 748/1213/1173
f 749/1214/1174 779/1215/1175 748/1213/1173
f 748/1213/1173 779/1215/1175 780/1216/1176
f 748/1213/1173 780/1216/1176 728/1166/1126
f 728/1166/1126 780/1216/1176 781/1164/1124
f 779/1215/1175 749/1214/1174 778/1217/1177
f 778/1217/1177 749/1214/1174 750/1218/1178
f 778/1217/1177 750/1218/1178 777/1219/1179
f 777/1219/1179 750/1218/1178 751/1220/1180
f 777/1219/1179 751/1220/1180 607/1140/1100
f 607/1140/1100 751/1220/1180 752/1200/1160
f 774/1142/1102 775/1221/1181 607/1140/1100
f 607/1140/1100 775/1221/1181 776/1222/1182
f 607/1140/1100 776/1222/1182 777/1219/1179
f 708/1223/1089 672/1224/1090 725/1225/1183
f 725/1225/1183 672/1224/1090 671/1226/1184
f 678/1227/1092 707/1228/1185 679/1229/1186
f 715/1230/1097 714/1231/1096 782/1232/1187
f 782/1232/1187 714/1231/1096 724/1233/1188
f 784/1234/1189 721/1235/1190 783/1236/1191
f 783/1236/1191 721/1235/1190 720/1237/1192
f 783/1236/1191 720/1237/1192 694/1238/1193
f 694/1238/1193 720/1237/1192 695/1239/1194
f 695/1239/1194 720/1237/1192 719/1240/1195
f 695/1239/1194 719/1240/1195 696/1241/1196
f 696/1241/1196 719/1240/1195 718/1242/1197
f 696/1241/1196 718/1242/1197 697/1243/1198
f 721/1235/1190 784/1234/1189 722/1244/1199
f 722/1244/1199 784/1234/1189 785/1245/1200
f 722/1244/1199 785/1245/1200 723/1246/1201
f 723/1246/1201 785/1245/1200 786/1247/1202
f 723/1246/1201 786/1247/1202 724/1248/1188
f 724/1248/1188 786/1247/1202 782/1249/1187
f 783/1236/1191 694/1238/1193 787/1250/1203
f 787/1250/1203 694/1238/1193 693/1251/1204
f 787/1250/1203 693/1251/1204 692/1252/1205
f 600/1253/966 697/1254/1198 601/1255/965
f 601/1255/965 697/1254/1198 718/1256/1197
f 685/1257/1206 883/1258/1207 686/1259/1208
f 686/1259/1208 883/1258/1207 884/1260/1209
f 686/1259/1208 884/1260/1209 885/1261/1210
f 885/1261/1210 884/1260/1209 889/1262/1211
f 885/1261/1210 889/1262/1211 881/1263/1212
f 881/1263/1212 889/1262/1211 880/1264/1213
f 880/1264/1213 889/1262/1211 868/1265/1214
f 880/1264/1213 868/1265/1214 879/1266/1215
f 879/1266/1215 868/1265/1214 869/1267/1216
f 879/1266/1215 869/1267/1216 870/1268/1217
f 883/1258/1207 685/1257/1206 882/1269/1218
f 882/1269/1218 685/1257/1206 788/1270/1219
f 882/1269/1218 788/1270/1219 886/1271/1220
f 886/1271/1220 788/1270/1219 789/1272/1221
f 886/1271/1220 789/1272/1221 801/1273/1222
f 801/1273/1222 789/1272/1221 790/1274/1223
f 801/1273/1222 790/1274/1223 800/1275/1224
f 800/1275/1224 790/1274/1223 799/1276/1225
f 799/1276/1225 790/1274/1223 798/1277/1226
f 798/1277/1226 790/1274/1223 797/1278/1227
f 797/1278/1227 790/1274/1223 796/1279/1228
f 796/1279/1228 790/1274/1223 795/1280/1229
f 795/1280/1229 790/1274/1223 794/1281/1230
f 794/1281/1230 790/1274/1223 793/1282/1231
f 793/1282/1231 790/1274/1223 593/1283/735
f 793/1282/1231 593/1283/735 792/1284/1232
f 792/1284/1232 593/1283/735 791/1285/1233
f 791/1285/1233 593/1283/735 592/1286/952
f 801/1273/1222 802/1287/1234 886/1271/1220
f 886/1271/1220 802/1287/1234 887/1288/1235
f 886/1271/1220 887/1288/1235 882/1269/1218
f 882/1269/1218 887/1288/1235 883/1258/1207
f 803/1289/1236 822/1290/1237 802/1287/1234
f 802/1287/1234 822/1290/1237 823/1291/1238
f 802/1287/1234 823/1291/1238 887/1288/1235
f 887/1288/1235 823/1291/1238 824/1292/1239
f 887/1288/1235 824/1292/1239 888/1293/1240
f 888/1293/1240 824/1292/1239 845/1294/1241
f 888/1293/1240 845/1294/1241 846/1295/1242
f 822/1290/1237 803/1289/1236 821/1296/1243
f 821/1296/1243 803/1289/1236 804/1297/1244
f 821/1296/1243 804/1297/1244 820/1298/1245
f 820/1298/1245 804/1297/1244 805/1299/1246
f 820/1298/1245 805/1299/1246 819/1300/1247
f 819/1300/1247 805/1299/1246 806/1301/1248
f 819/1300/1247 806/1301/1248 818/1302/1249
f 818/1302/1249 806/1301/1248 807/1303/1250
f 818/1302/1249 807/1303/1250 817/1304/1251
f 817/1304/1251 807/1303/1250 808/1305/1252
f 817/1304/1251 808/1305/1252 816/1306/1253
f 816/1306/1253 808/1305/1252 809/1307/1254
f 816/1306/1253 809/1307/1254 815/1308/1255
f 815/1308/1255 809/1307/1254 810/1309/1256
f 815/1308/1255 810/1309/1256 814/1310/1257
f 814/1310/1257 810/1309/1256 811/1311/1258
f 814/1310/1257 811/1311/1258 813/1312/1259
f 813/1312/1259 811/1311/1258 812/1313/1260
f 813/1312/1259 812/1313/1260 576/1314/950
f 576/1314/950 812/1313/1260 577/1315/949
f 845/1294/1241 824/1292/1239 844/1316/1261
f 844/1316/1261 824/1292/1239 825/1317/1262
f 844/1316/1261 825/1317/1262 843/1318/1263
f 843/1318/1263 825/1317/1262 826/1319/1264
f 843/1318/1263 826/1319/1264 842/1320/1265
f 842/1320/1265 826/1319/1264 827/1321/1266
f 842/1320/1265 827/1321/1266 841/1322/1267
f 841/1322/1267 827/1321/1266 828/1323/1268
f 841/1322/1267 828/1323/1268 840/1324/1269
f 840/1324/1269 828/1323/1268 829/1325/1270
f 840/1324/1269 829/1325/1270 839/1326/1271
f 839/1326/1271 829/1325/1270 830/1327/1272
f 839/1326/1271 830/1327/1272 838/1328/1273
f 838/1328/1273 830/1327/1272 831/1329/1274
f 838/1328/1273 831/1329/1274 837/1330/1275
f 837/1330/1275 831/1329/1274 832/1331/1276
f 837/1330/1275 832/1331/1276 836/1332/1277
f 836/1332/1277 832/1331/1276 833/1333/1278
f 836/1332/1277 833/1333/1278 835/1334/1279
f 835/1334/1279 833/1333/1278 834/1335/1280
f 835/1334/1279 834/1335/1280 560/1336/840
f 560/1336/840 834/1335/1280 561/1337/839
f 847/1338/1281 866/1339/1282 846/1295/1242
f 846/1295/1242 866/1339/1282 867/1340/1283
f 846/1295/1242 867/1340/1283 888/1293/1240
f 888/1293/1240 867/1340/1283 889/1262/1211
f 888/1293/1240 889/1262/1211 884/1260/1209
f 866/1339/1282 847/1338/1281 865/1341/1284
f 865/1341/1284 847/1338/1281 848/1342/1285
f 865/1341/1284 848/1342/1285 864/1343/1286
f 864/1343/1286 848/1342/1285 849/1344/1287
f 864/1343/1286 849/1344/1287 863/1345/1288
f 863/1345/1288 849/1344/1287 850/1346/1289
f 863/1345/1288 850/1346/1289 862/1347/1290
f 862/1347/1290 850/1346/1289 851/1348/1291
f 862/1347/1290 851/1348/1291 861/1349/1292
f 861/1349/1292 851/1348/1291 852/1350/1293
f 861/1349/1292 852/1350/1293 860/1351/1294
f 860/1351/1294 852/1350/1293 853/1352/1295
f 860/1351/1294 853/1352/1295 859/1353/1296
f 859/1353/1296 853/1352/1295 854/1354/1297
f 859/1353/1296 854/1354/1297 858/1355/1298
f 858/1355/1298 854/1354/1297 855/1356/1299
f 858/1355/1298 855/1356/1299 857/1357/1300
f 857/1357/1300 855/1356/1299 856/1358/1301
f 857/1357/1300 856/1358/1301 544/1359/938
f 544/1359/938 856/1358/1301 545/1360/937
f 867/1340/1283 868/1265/1214 889/1262/1211
f 870/1268/1217 871/1361/1302 879/1266/1215
f 879/1266/1215 871/1361/1302 872/1362/1303
f 879/1266/1215 872/1362/1303 873/1363/1304
f 873/1363/1304 874/1364/1305 879/1266/1215
f 879/1266/1215 874/1364/1305 875/1365/1306
f 879/1266/1215 875/1365/1306 876/1366/1307
f 879/1266/1215 876/1366/1307 528/1367/891
f 528/1367/891 876/1366/1307 877/1368/1308
f 528/1367/891 877/1368/1308 878/1369/1309
f 878/1369/1309 529/1370/925 528/1367/891
f 881/1263/1212 686/1259/1208 885/1261/1210
f 888/1293/1240 884/1260/1209 883/1258/1207
f 888/1293/1240 883/1258/1207 887/1288/1235
f 684/1371/1310 683/1372/1311 685/1373/1312
f 685/1373/1312 683/1372/1311 908/1374/1313
f 685/1373/1312 908/1374/1313 788/1375/1314
f 788/1375/1314 908/1374/1313 917/1376/1315
f 788/1375/1314 917/1376/1315 789/1377/1316
f 789/1377/1316 917/1376/1315 918/1378/1317
f 789/1377/1316 918/1378/1317 790/1379/1318
f 790/1379/1318 918/1378/1317 593/1380/735
f 593/1380/735 918/1378/1317 898/1381/1319
f 898/1381/1319 918/1378/1317 919/1382/1320
f 898/1381/1319 919/1382/1320 920/1383/1321
f 920/1383/1321 919/1382/1320 916/1384/1322
f 920/1383/1321 916/1384/1322 915/1385/1323
f 915/1385/1323 916/1384/1322 907/1386/1324
f 915/1385/1323 907/1386/1324 906/1387/1325
f 906/1387/1325 907/1386/1324 681/1388/1326
f 906/1387/1325 681/1388/1326 680/1389/1327
f 908/1374/1313 683/1372/1311 907/1386/1324
f 907/1386/1324 683/1372/1311 682/1390/1328
f 907/1386/1324 682/1390/1328 681/1388/1326
f 679/1391/1329 904/1392/1330 680/1389/1327
f 680/1389/1327 904/1392/1330 905/1393/1331
f 680/1389/1327 905/1393/1331 906/1387/1325
f 906/1387/1325 905/1393/1331 914/1394/1332
f 906/1387/1325 914/1394/1332 915/1385/1323
f 915/1385/1323 914/1394/1332 921/1395/1333
f 915/1385/1323 921/1395/1333 920/1383/1321
f 920/1383/1321 921/1395/1333 897/1396/1334
f 920/1383/1321 897/1396/1334 898/1381/1319
f 904/1392/1330 679/1391/1329 903/1397/1335
f 903/1397/1335 679/1391/1329 707/1398/1336
f 903/1397/1335 707/1398/1336 706/1399/1337
f 903/1397/1335 706/1399/1337 902/1400/1338
f 902/1400/1338 706/1399/1337 705/1401/1339
f 902/1400/1338 705/1401/1339 890/1402/1340
f 902/1400/1338 890/1402/1340 901/1403/1341
f 901/1403/1341 890/1402/1340 891/1404/1342
f 901/1403/1341 891/1404/1342 900/1405/1343
f 900/1405/1343 891/1404/1342 892/1406/1344
f 900/1405/1343 892/1406/1344 909/1407/1345
f 909/1407/1345 892/1406/1344 899/1408/1346
f 909/1407/1345 899/1408/1346 910/1409/1347
f 910/1409/1347 899/1408/1346 925/1410/1348
f 910/1409/1347 925/1410/1348 911/1411/1349
f 911/1411/1349 925/1410/1348 924/1412/1350
f 911/1411/1349 924/1412/1350 912/1413/1351
f 912/1413/1351 924/1412/1350 923/1414/1352
f 912/1413/1351 923/1414/1352 913/1415/1353
f 913/1415/1353 923/1414/1352 922/1416/1354
f 913/1415/1353 922/1416/1354 914/1394/1332
f 914/1394/1332 922/1416/1354 921/1395/1333
f 892/1406/1344 893/1417/1355 899/1408/1346
f 899/1408/1346 893/1417/1355 894/1418/1356
f 899/1408/1346 894/1418/1356 925/1410/1348
f 925/1410/1348 894/1418/1356 895/1419/1357
f 925/1410/1348 895/1419/1357 924/1412/1350
f 924/1412/1350 895/1419/1357 923/1414/1352
f 895/1419/1357 896/1420/1358 923/1414/1352
f 923/1414/1352 896/1420/1358 922/1416/1354
f 922/1416/1354 896/1420/1358 921/1395/1333
f 921/1395/1333 896/1420/1358 897/1396/1334
f 919/1382/1320 918/1378/1317 917/1376/1315
f 900/1405/1343 909/1407/1345 901/1403/1341
f 901/1403/1341 909/1407/1345 910/1409/1347
f 901/1403/1341 910/1409/1347 902/1400/1338
f 902/1400/1338 910/1409/1347 911/1411/1349
f 902/1400/1338 911/1411/1349 903/1397/1335
f 903/1397/1335 911/1411/1349 912/1413/1351
f 903/1397/1335 912/1413/1351 904/1392/1330
f 904/1392/1330 912/1413/1351 913/1415/1353
f 904/1392/1330 913/1415/1353 905/1393/1331
f 905/1393/1331 913/1415/1353 914/1394/1332
f 917/1376/1315 908/1374/1313 916/1384/1322
f 916/1384/1322 908/1374/1313 907/1386/1324
f 919/1382/1320 917/1376/1315 916/1384/1322
f 949/1421/1359 926/1422/1360 1048/1423/1361
f 1048/1423/1361 926/1422/1360 927/1424/1362
f 1048/1423/1361 927/1424/1362 1047/1425/1363
f 1047/1425/1363 927/1424/1362 928/1426/1364
f 1047/1425/1363 928/1426/1364 929/1427/1365
f 930/1428/1366 1184/1429/1367 929/1427/1365
f 929/1427/1365 1184/1429/1367 1076/1430/1368
f 929/1427/1365 1076/1430/1368 1047/1425/1363
f 1047/1425/1363 1076/1430/1368 1046/1431/1369
f 1046/1431/1369 1076/1430/1368 1077/1432/1370
f 1046/1431/1369 1077/1432/1370 1045/1433/1371
f 1045/1433/1371 1077/1432/1370 1078/1434/1372
f 1045/1433/1371 1078/1434/1372 1044/1435/1373
f 1044/1435/1373 1078/1434/1372 1079/1436/1374
f 1044/1435/1373 1079/1436/1374 1043/1437/1375
f 1043/1437/1375 1079/1436/1374 1080/1438/1376
f 1043/1437/1375 1080/1438/1376 1042/1439/1377
f 1042/1439/1377 1080/1438/1376 1081/1440/1378
f 1042/1439/1377 1081/1440/1378 1041/1441/1379
f 1041/1441/1379 1081/1440/1378 1082/1442/1380
f 1041/1441/1379 1082/1442/1380 1040/1443/1381
f 1040/1443/1381 1082/1442/1380 1083/1444/1382
f 1040/1443/1381 1083/1444/1382 1039/1445/1383
f 1039/1445/1383 1083/1444/1382 1084/1446/1384
f 1039/1445/1383 1084/1446/1384 1038/1447/1385
f 1038/1447/1385 1084/1446/1384 1085/1448/1386
f 1038/1447/1385 1085/1448/1386 1037/1449/1387
f 1037/1449/1387 1085/1448/1386 1086/1450/1388
f 1037/1449/1387 1086/1450/1388 1036/1451/1389
f 1036/1451/1389 1086/1450/1388 1087/1452/1390
f 1036/1451/1389 1087/1452/1390 1035/1453/1391
f 1035/1453/1391 1087/1452/1390 1088/1454/1392
f 1035/1453/1391 1088/1454/1392 1130/1455/1393
f 1130/1455/1393 1088/1454/1392 993/1456/1394
f 1130/1455/1393 993/1456/1394 1129/1457/1395
f 1129/1457/1395 993/1456/1394 994/1458/1396
f 1129/1457/1395 994/1458/1396 1128/1459/1397
f 1128/1459/1397 994/1458/1396 995/1460/1398
f 1128/1459/1397 995/1460/1398 1127/1461/1399
f 1127/1461/1399 995/1460/1398 996/1462/1400
f 1127/1461/1399 996/1462/1400 1126/1463/1401
f 1126/1463/1401 996/1462/1400 997/1464/1402
f 1126/1463/1401 997/1464/1402 1125/1465/1403
f 1125/1465/1403 997/1464/1402 998/1466/1404
f 1125/1465/1403 998/1466/1404 1124/1467/1405
f 1124/1467/1405 998/1466/1404 999/1468/1406
f 1124/1467/1405 999/1468/1406 1123/1469/1407
f 1123/1469/1407 999/1468/1406 1000/1470/1408
f 1123/1469/1407 1000/1470/1408 1122/1471/1409
f 1122/1471/1409 1000/1470/1408 1001/1472/1410
f 1122/1471/1409 1001/1472/1410 1121/1473/1411
f 1121/1473/1411 1001/1472/1410 1002/1474/1412
f 1121/1473/1411 1002/1474/1412 1120/1475/1413
f 1120/1475/1413 1002/1474/1412 1003/1476/1414
f 1120/1475/1413 1003/1476/1414 1119/1477/1415
f 1119/1477/1415 1003/1476/1414 1004/1478/1416
f 1119/1477/1415 1004/1478/1416 1118/1479/1417
f 1118/1479/1417 1004/1478/1416 1005/1480/1418
f 1118/1479/1417 1005/1480/1418 782/1481/1419
f 782/1481/1419 1005/1480/1418 978/1482/1420
f 782/1481/1419 978/1482/1420 1117/1483/1421
f 1117/1483/1421 978/1482/1420 1116/1484/1422
f 1116/1484/1422 978/1482/1420 979/1485/1423
f 1116/1484/1422 979/1485/1423 1115/1486/1424
f 1115/1486/1424 979/1485/1423 980/1487/1425
f 1115/1486/1424 980/1487/1425 1114/1488/1426
f 1114/1488/1426 980/1487/1425 981/1489/1427
f 1114/1488/1426 981/1489/1427 1113/1490/1428
f 1113/1490/1428 981/1489/1427 982/1491/1429
f 1113/1490/1428 982/1491/1429 1112/1492/1430
f 1112/1492/1430 982/1491/1429 983/1493/1431
f 1112/1492/1430 983/1493/1431 1111/1494/1432
f 1111/1494/1432 983/1493/1431 984/1495/1433
f 1111/1494/1432 984/1495/1433 1110/1496/1434
f 1110/1496/1434 984/1495/1433 985/1497/1435
f 1110/1496/1434 985/1497/1435 1109/1498/1436
f 1109/1498/1436 985/1497/1435 986/1499/1437
f 1109/1498/1436 986/1499/1437 1108/1500/1438
f 1108/1500/1438 986/1499/1437 987/1501/1439
f 1108/1500/1438 987/1501/1439 1107/1502/1440
f 1107/1502/1440 987/1501/1439 988/1503/1441
f 1107/1502/1440 988/1503/1441 1106/1504/1442
f 1106/1504/1442 988/1503/1441 989/1505/1443
f 1106/1504/1442 989/1505/1443 1105/1506/1444
f 1105/1506/1444 989/1505/1443 990/1507/1445
f 1105/1506/1444 990/1507/1445 976/1508/1446
f 976/1508/1446 990/1507/1445 1063/1509/1447
f 976/1508/1446 1063/1509/1447 975/1510/1448
f 975/1510/1448 1063/1509/1447 1064/1511/1449
f 975/1510/1448 1064/1511/1449 974/1512/1450
f 974/1512/1450 1064/1511/1449 1065/1513/1451
f 974/1512/1450 1065/1513/1451 973/1514/1452
f 973/1514/1452 1065/1513/1451 1066/1515/1453
f 973/1514/1452 1066/1515/1453 972/1516/1454
f 972/1516/1454 1066/1515/1453 1067/1517/1455
f 972/1516/1454 1067/1517/1455 971/1518/1456
f 971/1518/1456 1067/1517/1455 1068/1519/1457
f 971/1518/1456 1068/1519/1457 970/1520/1458
f 970/1520/1458 1068/1519/1457 1069/1521/1459
f 970/1520/1458 1069/1521/1459 969/1522/1460
f 969/1522/1460 1069/1521/1459 1070/1523/1461
f 969/1522/1460 1070/1523/1461 968/1524/1462
f 968/1524/1462 1070/1523/1461 1071/1525/1463
f 968/1524/1462 1071/1525/1463 967/1526/1464
f 967/1526/1464 1071/1525/1463 1072/1527/1465
f 967/1526/1464 1072/1527/1465 966/1528/1466
f 966/1528/1466 1072/1527/1465 1073/1529/1467
f 966/1528/1466 1073/1529/1467 965/1530/1468
f 965/1530/1468 1073/1529/1467 1074/1531/1469
f 965/1530/1468 1074/1531/1469 964/1532/1470
f 964/1532/1470 1074/1531/1469 1075/1533/1471
f 964/1532/1470 1075/1533/1471 1184/1429/1367
f 1184/1429/1367 1075/1533/1471 1076/1430/1368
f 930/1428/1366 931/1534/1472 1184/1429/1367
f 1184/1429/1367 931/1534/1472 932/1535/1473
f 1184/1429/1367 932/1535/1473 1181/1536/1474
f 1181/1536/1474 932/1535/1473 1180/1537/1475
f 1180/1537/1475 932/1535/1473 1179/1538/1476
f 1179/1538/1476 932/1535/1473 933/1539/1477
f 1179/1538/1476 933/1539/1477 1178/1540/1478
f 1178/1540/1478 933/1539/1477 934/1541/1479
f 1178/1540/1478 934/1541/1479 935/1542/1480
f 935/1542/1480 936/1543/1481 1178/1540/1478
f 1178/1540/1478 936/1543/1481 937/1544/1482
f 1178/1540/1478 937/1544/1482 938/1545/1483
f 938/1545/1483 939/1546/1484 1178/1540/1478
f 1178/1540/1478 939/1546/1484 940/1547/1485
f 1178/1540/1478 940/1547/1485 1177/1548/1486
f 1177/1548/1486 940/1547/1485 941/1549/1487
f 1177/1548/1486 941/1549/1487 942/1550/1488
f 942/1550/1488 943/1551/1489 1177/1548/1486
f 1177/1548/1486 943/1551/1489 1055/1552/1490
f 1177/1548/1486 1055/1552/1490 1056/1553/1491
f 943/1551/1489 944/1554/1492 1055/1552/1490
f 1055/1552/1490 944/1554/1492 1054/1555/1493
f 1054/1555/1493 944/1554/1492 945/1556/1494
f 1054/1555/1493 945/1556/1494 1053/1557/1495
f 1053/1557/1495 945/1556/1494 1052/1558/1496
f 1052/1558/1496 945/1556/1494 1051/1559/1497
f 1051/1559/1497 945/1556/1494 946/1560/1498
f 1051/1559/1497 946/1560/1498 1050/1561/1499
f 1050/1561/1499 946/1560/1498 1049/1562/1500
f 1049/1562/1500 946/1560/1498 947/1563/1501
f 1049/1562/1500 947/1563/1501 948/1564/1502
f 1049/1562/1500 948/1564/1502 1048/1423/1361
f 1048/1423/1361 948/1564/1502 949/1421/1359
f 951/1565/1503 1103/1566/1504 950/1567/1505
f 950/1567/1505 1103/1566/1504 1104/1568/1506
f 950/1567/1505 1104/1568/1506 977/1569/1507
f 977/1569/1507 1104/1568/1506 976/1508/1446
f 976/1508/1446 1104/1568/1506 1105/1506/1444
f 952/1570/1508 1171/1571/1509 951/1565/1503
f 951/1565/1503 1171/1571/1509 1172/1572/1510
f 951/1565/1503 1172/1572/1510 1102/1573/1511
f 1102/1573/1511 1172/1572/1510 1021/1574/1512
f 1102/1573/1511 1021/1574/1512 1101/1575/1513
f 1101/1575/1513 1021/1574/1512 1022/1576/1514
f 1101/1575/1513 1022/1576/1514 1100/1577/1515
f 1100/1577/1515 1022/1576/1514 1023/1578/1516
f 1100/1577/1515 1023/1578/1516 1099/1579/1517
f 1099/1579/1517 1023/1578/1516 1024/1580/1518
f 1099/1579/1517 1024/1580/1518 1098/1581/1519
f 1098/1581/1519 1024/1580/1518 1025/1582/1520
f 1098/1581/1519 1025/1582/1520 1097/1583/1521
f 1097/1583/1521 1025/1582/1520 1026/1584/1522
f 1097/1583/1521 1026/1584/1522 1096/1585/1523
f 1096/1585/1523 1026/1584/1522 1027/1586/1524
f 1096/1585/1523 1027/1586/1524 1095/1587/1525
f 1095/1587/1525 1027/1586/1524 1028/1588/1526
f 1095/1587/1525 1028/1588/1526 1094/1589/1527
f 1094/1589/1527 1028/1588/1526 1029/1590/1528
f 1094/1589/1527 1029/1590/1528 1093/1591/1529
f 1093/1591/1529 1029/1590/1528 1030/1592/1530
f 1093/1591/1529 1030/1592/1530 1092/1593/1531
f 1092/1593/1531 1030/1592/1530 1031/1594/1532
f 1092/1593/1531 1031/1594/1532 1091/1595/1533
f 1091/1595/1533 1031/1594/1532 1032/1596/1534
f 1091/1595/1533 1032/1596/1534 1090/1597/1535
f 1090/1597/1535 1032/1596/1534 1033/1598/1536
f 1090/1597/1535 1033/1598/1536 715/1599/1537
f 715/1599/1537 1033/1598/1536 1006/1600/1538
f 715/1599/1537 1006/1600/1538 1007/1601/1539
f 1171/1571/1509 952/1570/1508 1170/1602/1540
f 1170/1602/1540 952/1570/1508 953/1603/1541
f 1170/1602/1540 953/1603/1541 1169/1604/1542
f 1169/1604/1542 953/1603/1541 954/1605/1543
f 1169/1604/1542 954/1605/1543 1168/1606/1544
f 1168/1606/1544 954/1605/1543 955/1607/1545
f 1168/1606/1544 955/1607/1545 1167/1608/1546
f 1167/1608/1546 955/1607/1545 956/1609/1547
f 1167/1608/1546 956/1609/1547 1166/1610/1548
f 1166/1610/1548 956/1609/1547 957/1611/1549
f 1166/1610/1548 957/1611/1549 1165/1612/1550
f 1165/1612/1550 957/1611/1549 958/1613/1551
f 1165/1612/1550 958/1613/1551 1164/1614/1552
f 1164/1614/1552 958/1613/1551 959/1615/1553
f 1164/1614/1552 959/1615/1553 1163/1616/1554
f 1163/1616/1554 959/1615/1553 960/1617/1555
f 1163/1616/1554 960/1617/1555 1162/1618/1556
f 1162/1618/1556 960/1617/1555 961/1619/1557
f 1162/1618/1556 961/1619/1557 1161/1620/1558
f 1161/1620/1558 961/1619/1557 962/1621/1559
f 1161/1620/1558 962/1621/1559 1160/1622/1560
f 1160/1622/1560 962/1621/1559 963/1623/1561
f 1160/1622/1560 963/1623/1561 387/1624/1562
f 387/1624/1562 963/1623/1561 1185/1625/1563
f 387/1624/1562 1185/1625/1563 388/1626/1564
f 388/1626/1564 1185/1625/1563 389/1627/1565
f 389/1627/1565 1185/1625/1563 390/1628/1566
f 390/1628/1566 1185/1625/1563 1188/1629/1567
f 390/1628/1566 1188/1629/1567 1189/1630/1568
f 963/1623/1561 964/1532/1470 1185/1625/1563
f 1185/1625/1563 964/1532/1470 1184/1429/1367
f 990/1507/1445 991/1631/1569 1063/1509/1447
f 1063/1509/1447 991/1631/1569 1062/1632/1570
f 1062/1632/1570 991/1631/1569 992/1633/1571
f 1062/1632/1570 992/1633/1571 1089/1634/1572
f 1089/1634/1572 992/1633/1571 1088/1454/1392
f 1088/1454/1392 992/1633/1571 993/1456/1394
f 1007/1601/1539 1008/1635/1573 715/1599/1537
f 715/1599/1537 1008/1635/1573 1009/1636/1574
f 715/1599/1537 1009/1636/1574 1010/1637/1575
f 1010/1637/1575 1011/1638/1576 715/1599/1537
f 715/1599/1537 1011/1638/1576 892/1639/1577
f 715/1599/1537 892/1639/1577 891/1640/1578
f 1011/1638/1576 1012/1641/1579 892/1639/1577
f 892/1639/1577 1012/1641/1579 893/1642/1580
f 893/1642/1580 1012/1641/1579 1013/1643/1581
f 893/1642/1580 1013/1643/1581 1014/1644/1582
f 1015/1645/1583 1150/1646/1584 1014/1644/1582
f 1014/1644/1582 1150/1646/1584 1151/1647/1585
f 1014/1644/1582 1151/1647/1585 893/1642/1580
f 893/1642/1580 1151/1647/1585 1152/1648/1586
f 893/1642/1580 1152/1648/1586 376/1649/1587
f 376/1649/1587 1152/1648/1586 377/1650/1588
f 377/1650/1588 1152/1648/1586 378/1651/1589
f 378/1651/1589 1152/1648/1586 1153/1652/1590
f 378/1651/1589 1153/1652/1590 1154/1653/1591
f 1150/1646/1584 1015/1645/1583 1149/1654/1592
f 1149/1654/1592 1015/1645/1583 1016/1655/1593
f 1149/1654/1592 1016/1655/1593 1017/1656/1594
f 1149/1654/1592 1017/1656/1594 1148/1657/1595
f 1148/1657/1595 1017/1656/1594 1018/1658/1596
f 1148/1657/1595 1018/1658/1596 1147/1659/1597
f 1147/1659/1597 1018/1658/1596 1019/1660/1598
f 1147/1659/1597 1019/1660/1598 1146/1661/1599
f 1146/1661/1599 1019/1660/1598 1020/1662/1600
f 1146/1661/1599 1020/1662/1600 1173/1663/1601
f 1173/1663/1601 1020/1662/1600 1172/1572/1510
f 1172/1572/1510 1020/1662/1600 1021/1574/1512
f 1035/1453/1391 1131/1664/1602 1034/1665/1603
f 1034/1665/1603 1131/1664/1602 1132/1666/1604
f 1034/1665/1603 1132/1666/1604 1061/1667/1605
f 1061/1667/1605 1132/1666/1604 1060/1668/1606
f 1060/1668/1606 1132/1666/1604 1133/1669/1607
f 1060/1668/1606 1133/1669/1607 1059/1670/1608
f 1059/1670/1608 1133/1669/1607 1134/1671/1609
f 1059/1670/1608 1134/1671/1609 1058/1672/1610
f 1058/1672/1610 1134/1671/1609 1135/1673/1611
f 1058/1672/1610 1135/1673/1611 1136/1674/1612
f 1177/1548/1486 1056/1553/1491 1137/1675/1613
f 1137/1675/1613 1056/1553/1491 1057/1676/1614
f 1137/1675/1613 1057/1676/1614 1136/1674/1612
f 1136/1674/1612 1057/1676/1614 1058/1672/1610
f 1102/1573/1511 1103/1566/1504 951/1565/1503
f 782/1481/1419 1117/1483/1421 715/1599/1537
f 715/1599/1537 1117/1483/1421 1090/1597/1535
f 1130/1455/1393 1131/1664/1602 1035/1453/1391
f 1137/1675/1613 1138/1677/1615 1177/1548/1486
f 1177/1548/1486 1138/1677/1615 1139/1678/1616
f 1177/1548/1486 1139/1678/1616 1176/1679/1617
f 1176/1679/1617 1139/1678/1616 782/1481/1419
f 1176/1679/1617 782/1481/1419 1175/1680/1618
f 1175/1680/1618 782/1481/1419 786/1681/1619
f 1175/1680/1618 786/1681/1619 1174/1682/1620
f 1174/1682/1620 786/1681/1619 785/1683/1621
f 1174/1682/1620 785/1683/1621 784/1684/1622
f 1139/1678/1616 1140/1685/1623 782/1481/1419
f 782/1481/1419 1140/1685/1623 1141/1686/1624
f 782/1481/1419 1141/1686/1624 1142/1687/1625
f 1142/1687/1625 1143/1688/1626 782/1481/1419
f 782/1481/1419 1143/1688/1626 1144/1689/1627
f 782/1481/1419 1144/1689/1627 1145/1690/1628
f 1145/1690/1628 1118/1479/1417 782/1481/1419
f 378/1651/1589 1154/1653/1591 379/1691/1629
f 379/1691/1629 1154/1653/1591 1155/1692/1630
f 379/1691/1629 1155/1692/1630 1156/1693/1631
f 1156/1693/1631 1157/1694/1632 379/1691/1629
f 379/1691/1629 1157/1694/1632 380/1695/1633
f 380/1695/1633 1157/1694/1632 1158/1696/1634
f 380/1695/1633 1158/1696/1634 381/1697/1635
f 381/1697/1635 1158/1696/1634 382/1698/1636
f 382/1698/1636 1158/1696/1634 1159/1699/1637
f 382/1698/1636 1159/1699/1637 383/1700/1638
f 383/1700/1638 1159/1699/1637 384/1701/1639
f 384/1701/1639 1159/1699/1637 385/1702/1640
f 385/1702/1640 1159/1699/1637 1160/1622/1560
f 385/1702/1640 1160/1622/1560 386/1703/1641
f 386/1703/1641 1160/1622/1560 387/1624/1562
f 784/1684/1622 783/1704/1642 1174/1682/1620
f 1181/1536/1474 1182/1705/1643 1184/1429/1367
f 1184/1429/1367 1182/1705/1643 1183/1706/1644
f 1186/1707/1645 1187/1708/1646 1185/1625/1563
f 1185/1625/1563 1187/1708/1646 1188/1629/1567
f 390/1628/1566 1189/1630/1568 391/1709/1647
f 391/1709/1647 1189/1630/1568 1190/1710/1648
f 391/1709/1647 1190/1710/1648 1191/1711/1649
f 893/1642/1580 374/1712/1650 1191/1711/1649
f 1191/1711/1649 374/1712/1650 373/1713/1651
f 1191/1711/1649 373/1713/1651 372/1714/1652
f 715/1599/1537 891/1640/1578 716/1715/1653
f 716/1715/1653 891/1640/1578 890/1716/1654
f 716/1715/1653 890/1716/1654 717/1717/1655
f 717/1717/1655 890/1716/1654 705/1718/1656
f 372/1714/1652 395/1719/1657 1191/1711/1649
f 1191/1711/1649 395/1719/1657 394/1720/1658
f 1191/1711/1649 394/1720/1658 393/1721/1659
f 393/1721/1659 392/1722/1660 1191/1711/1649
f 1191/1711/1649 392/1722/1660 391/1709/1647
f 376/1649/1587 375/1723/1661 893/1642/1580
f 893/1642/1580 375/1723/1661 374/1712/1650
f 781/1724/1662 609/1725/1663 758/1726/1664
f 758/1726/1664 609/1725/1663 608/1727/1665
f 758/1728/1664 608/1729/1665 759/1730/1666
f 759/1730/1666 608/1729/1665 631/1731/1667
f 759/1730/1666 631/1731/1667 760/1732/1668
f 760/1732/1668 631/1731/1667 630/1733/1669
f 760/1732/1668 630/1733/1669 761/1734/1670
f 761/1734/1670 630/1733/1669 629/1735/1671
f 761/1734/1670 629/1735/1671 762/1736/1672
f 762/1736/1672 629/1735/1671 628/1737/1673
f 762/1736/1672 628/1737/1673 763/1738/1674
f 763/1738/1674 628/1737/1673 627/1739/1675
f 763/1738/1674 627/1739/1675 764/1740/1676
f 764/1740/1676 627/1739/1675 626/1741/1677
f 764/1740/1676 626/1741/1677 765/1742/1678
f 765/1742/1678 626/1741/1677 625/1743/1679
f 765/1742/1678 625/1743/1679 766/1744/1680
f 766/1744/1680 625/1743/1679 624/1745/1681
f 766/1744/1680 624/1745/1681 767/1746/1682
f 767/1746/1682 624/1745/1681 623/1747/1683
f 767/1746/1682 623/1747/1683 768/1748/1684
f 768/1748/1684 623/1747/1683 622/1749/1685
f 768/1748/1684 622/1749/1685 769/1750/1686
f 769/1750/1686 622/1749/1685 621/1751/1687
f 769/1750/1686 621/1751/1687 770/1752/1688
f 770/1752/1688 621/1751/1687 620/1753/1689
f 770/1752/1688 620/1753/1689 771/1754/1690
f 771/1754/1690 620/1753/1689 619/1755/1691
f 771/1754/1690 619/1755/1691 772/1756/1692
f 772/1756/1692 619/1755/1691 618/1757/1693
f 772/1756/1692 618/1757/1693 773/1758/1694
f 773/1758/1694 618/1757/1693 617/1759/1695
f 773/1758/1694 617/1759/1695 774/1760/1696
f 774/1760/1696 617/1759/1695 616/1761/1697
f 774/1760/1696 616/1761/1697 775/1762/1698
f 775/1762/1698 616/1761/1697 615/1763/1699
f 775/1762/1698 615/1763/1699 776/1764/1700
f 776/1764/1700 615/1763/1699 614/1765/1701
f 776/1764/1700 614/1765/1701 777/1766/1702
f 777/1766/1702 614/1765/1701 613/1767/1703
f 777/1766/1702 613/1767/1703 778/1768/1704
f 778/1768/1704 613/1767/1703 612/1769/1705
f 778/1768/1704 612/1769/1705 779/1770/1706
f 779/1770/1706 612/1769/1705 611/1771/1707
f 779/1770/1706 611/1771/1707 780/1772/1708
f 780/1772/1708 611/1771/1707 610/1773/1709
f 780/1772/1708 610/1773/1709 781/1724/1662
f 781/1724/1662 610/1773/1709 609/1725/1663
f 757/1774/1710 633/1775/1711 734/1776/1712
f 734/1776/1712 633/1775/1711 632/1777/1713
f 734/1778/1712 632/1779/1713 735/1780/1714
f 735/1780/1714 632/1779/1713 655/1781/1715
f 735/1780/1714 655/1781/1715 736/1782/1716
f 736/1782/1716 655/1781/1715 654/1783/1717
f 736/1782/1716 654/1783/1717 737/1784/1718
f 737/1784/1718 654/1783/1717 653/1785/1719
f 737/1784/1718 653/1785/1719 738/1786/1720
f 738/1786/1720 653/1785/1719 652/1787/1721
f 738/1786/1720 652/1787/1721 739/1788/1722
f 739/1788/1722 652/1787/1721 651/1789/1723
f 739/1788/1722 651/1789/1723 740/1790/1724
f 740/1790/1724 651/1789/1723 650/1791/1725
f 740/1790/1724 650/1791/1725 741/1792/1726
f 741/1792/1726 650/1791/1725 649/1793/1727
f 741/1792/1726 649/1793/1727 742/1794/1728
f 742/1794/1728 649/1793/1727 648/1795/1729
f 742/1794/1728 648/1795/1729 743/1796/1730
f 743/1796/1730 648/1795/1729 647/1797/1731
f 743/1796/1730 647/1797/1731 744/1798/1732
f 744/1798/1732 647/1797/1731 646/1799/1733
f 744/1798/1732 646/1799/1733 745/1800/1734
f 745/1800/1734 646/1799/1733 645/1801/1735
f 745/1800/1734 645/1801/1735 746/1802/1736
f 746/1802/1736 645/1801/1735 644/1803/1737
f 746/1802/1736 644/1803/1737 747/1804/1738
f 747/1804/1738 644/1803/1737 643/1805/1739
f 747/1804/1738 643/1805/1739 748/1806/1740
f 748/1806/1740 643/1805/1739 642/1807/1741
f 748/1806/1740 642/1807/1741 749/1808/1742
f 749/1808/1742 642/1807/1741 641/1809/1743
f 749/1808/1742 641/1809/1743 750/1810/1744
f 750/1810/1744 641/1809/1743 640/1811/1745
f 750/1810/1744 640/1811/1745 751/1812/1746
f 751/1812/1746 640/1811/1745 639/1813/1747
f 751/1812/1746 639/1813/1747 752/1814/1748
f 752/1814/1748 639/1813/1747 638/1815/1749
f 752/1814/1748 638/1815/1749 753/1816/1750
f 753/1816/1750 638/1815/1749 637/1817/1751
f 753/1816/1750 637/1817/1751 754/1818/1752
f 754/1818/1752 637/1817/1751 636/1819/1753
f 754/1818/1752 636/1819/1753 755/1820/1754
f 755/1820/1754 636/1819/1753 635/1821/1755
f 755/1820/1754 635/1821/1755 756/1822/1756
f 756/1822/1756 635/1821/1755 634/1823/1757
f 756/1822/1756 634/1823/1757 757/1774/1710
f 757/1774/1710 634/1823/1757 633/1775/1711
f 728/1824/1758 727/1825/1759 663/1826/1760
f 663/1826/1760 727/1825/1759 660/1827/1761
f 729/1828/1762 728/1829/1763 662/1830/1764
f 662/1830/1764 728/1829/1763 663/1831/1765
f 726/1832/1766 729/1833/1767 661/1834/1768
f 661/1834/1768 729/1833/1767 662/1835/1769
f 727/1836/1770 726/1837/1771 660/1838/1772
f 660/1838/1772 726/1837/1771 661/1839/1773
f 732/1840/1774 731/1841/1775 659/1842/1776
f 659/1842/1776 731/1841/1775 656/1843/1777
f 733/1844/1778 732/1845/1779 658/1846/1780
f 658/1846/1780 732/1845/1779 659/1847/1781
f 730/1848/1782 733/1849/1783 657/1850/1784
f 657/1850/1784 733/1849/1783 658/1851/1785
f 731/1852/1786 730/1853/1787 656/1854/1788
f 656/1854/1788 730/1853/1787 657/1855/1789
f 704/1856/1066 725/1857/1790 670/1858/1067
f 670/1858/1067 725/1857/1790 671/1859/1791
f 352/1860/922 351/1861/1792 508/1862/913
f 508/1862/913 351/1861/1792 350/1863/1793
f 508/1862/913 350/1863/1793 349/1864/1794
f 508/1862/913 349/1864/1794 1196/1865/1795
f 1196/1865/1795 349/1864/1794 348/1866/1796
f 1196/1865/1795 348/1866/1796 1198/1867/1797
f 1198/1867/1797 348/1866/1796 593/1868/735
f 1198/1867/1797 593/1868/735 1197/1869/1798
f 1197/1869/1798 593/1868/735 898/1870/1799
f 1197/1869/1798 898/1870/1799 1199/1871/1800
f 1199/1871/1800 898/1870/1799 897/1872/1801
f 1199/1871/1800 897/1872/1801 1201/1873/1802
f 1201/1873/1802 897/1872/1801 896/1874/1358
f 1201/1873/1802 896/1874/1358 1203/1875/1803
f 1203/1875/1803 896/1874/1358 895/1876/1804
f 1203/1875/1803 895/1876/1804 1205/1877/1805
f 1205/1877/1805 895/1876/1804 894/1878/1806
f 1205/1877/1805 894/1878/1806 893/1879/1355
f 348/1866/1796 347/1880/1807 593/1868/735
f 593/1868/735 347/1880/1807 346/1881/1808
f 593/1868/735 346/1881/1808 345/1882/1809
f 345/1882/1809 344/1883/910 593/1868/735
f 893/1879/1355 1191/1884/1810 1205/1877/1805
f 1205/1877/1805 1191/1884/1810 1206/1885/1811
f 1205/1877/1805 1206/1885/1811 1203/1875/1803
f 1203/1875/1803 1206/1885/1811 1204/1886/1812
f 1203/1875/1803 1204/1886/1812 1201/1873/1802
f 1201/1873/1802 1204/1886/1812 1202/1887/1813
f 1201/1873/1802 1202/1887/1813 1199/1871/1800
f 1199/1871/1800 1202/1887/1813 1200/1888/1814
f 1199/1871/1800 1200/1888/1814 1197/1869/1798
f 1197/1869/1798 1200/1888/1814 1198/1867/1797
f 1191/1884/1810 1192/1889/1815 1206/1885/1811
f 1206/1885/1811 1192/1889/1815 1204/1886/1812
f 1192/1889/1815 1193/1890/1816 1204/1886/1812
f 1204/1886/1812 1193/1890/1816 1202/1887/1813
f 1193/1890/1816 1194/1891/1817 1202/1887/1813
f 1202/1887/1813 1194/1891/1817 1200/1888/1814
f 1194/1891/1817 1195/1892/1818 1200/1888/1814
f 1200/1888/1814 1195/1892/1818 1198/1867/1797
f 1195/1892/1818 1196/1865/1795 1198/1867/1797
f 1190/1893/1819 1217/1894/1820 1191/1895/1810
f 1191/1895/1810 1217/1894/1820 1216/1896/1821
f 1191/1895/1810 1216/1896/1821 1192/1897/1815
f 1192/1897/1815 1216/1896/1821 1193/1898/1816
f 1193/1898/1816 1216/1896/1821 1215/1899/1822
f 1193/1898/1816 1215/1899/1822 1231/1900/1823
f 1231/1900/1823 1215/1899/1822 1214/1901/1824
f 1231/1900/1823 1214/1901/1824 1230/1902/1825
f 1230/1902/1825 1214/1901/1824 1213/1903/1826
f 1230/1902/1825 1213/1903/1826 1229/1904/1827
f 1229/1904/1827 1213/1903/1826 1212/1905/1828
f 1229/1904/1827 1212/1905/1828 1228/1906/1829
f 1228/1906/1829 1212/1905/1828 1210/1907/1830
f 1228/1906/1829 1210/1907/1830 1211/1908/1831
f 1190/1893/1819 1189/1909/1832 1217/1894/1820
f 1217/1894/1820 1189/1909/1832 1218/1910/1833
f 1217/1894/1820 1218/1910/1833 1216/1896/1821
f 1216/1896/1821 1218/1910/1833 1215/1899/1822
f 1218/1910/1833 1189/1909/1832 1222/1911/1834
f 1222/1911/1834 1189/1909/1832 1188/1912/1835
f 1222/1911/1834 1188/1912/1835 1223/1913/1836
f 1223/1913/1836 1188/1912/1835 1187/1914/1837
f 1223/1913/1836 1187/1914/1837 1224/1915/1838
f 1224/1915/1838 1187/1914/1837 1226/1916/1839
f 1224/1915/1838 1226/1916/1839 1227/1917/1840
f 1227/1917/1840 1226/1916/1839 1186/1918/1841
f 1227/1917/1840 1186/1918/1841 1185/1919/1842
f 1187/1914/1837 1186/1918/1841 1226/1916/1839
f 1185/1919/1842 1207/1920/1843 1227/1917/1840
f 1227/1917/1840 1207/1920/1843 1225/1921/1844
f 1227/1917/1840 1225/1921/1844 1224/1915/1838
f 1224/1915/1838 1225/1921/1844 1220/1922/1845
f 1224/1915/1838 1220/1922/1845 1219/1923/1846
f 1219/1923/1846 1220/1922/1845 1214/1901/1824
f 1219/1923/1846 1214/1901/1824 1215/1899/1822
f 1207/1920/1843 1208/1924/1847 1225/1921/1844
f 1225/1921/1844 1208/1924/1847 1221/1925/1848
f 1225/1921/1844 1221/1925/1848 1220/1922/1845
f 1220/1922/1845 1221/1925/1848 1213/1903/1826
f 1220/1922/1845 1213/1903/1826 1214/1901/1824
f 1208/1924/1847 1209/1926/1849 1221/1925/1848
f 1221/1925/1848 1209/1926/1849 1212/1905/1828
f 1221/1925/1848 1212/1905/1828 1213/1903/1826
f 1209/1926/1849 1210/1907/1830 1212/1905/1828
f 1228/1906/1829 1211/1908/1831 1232/1927/1850
f 1232/1927/1850 1211/1908/1831 508/1928/913
f 1232/1927/1850 508/1928/913 1196/1929/1795
f 1232/1927/1850 1196/1929/1795 1233/1930/1851
f 1233/1930/1851 1196/1929/1795 1195/1931/1818
f 1233/1930/1851 1195/1931/1818 1229/1904/1827
f 1229/1904/1827 1195/1931/1818 1230/1902/1825
f 1195/1931/1818 1194/1932/1817 1230/1902/1825
f 1230/1902/1825 1194/1932/1817 1231/1900/1823
f 1194/1932/1817 1193/1898/1816 1231/1900/1823
f 1219/1923/1846 1215/1899/1822 1218/1910/1833
f 1222/1911/1834 1223/1913/1836 1218/1910/1833
f 1218/1910/1833 1223/1913/1836 1219/1923/1846
f 1223/1913/1836 1224/1915/1838 1219/1923/1846
f 1233/1930/1851 1229/1904/1827 1228/1906/1829
f 1232/1927/1850 1233/1930/1851 1228/1906/1829
f 1211/1933/1831 1239/1934/1852 508/1935/913
f 508/1935/913 1239/1934/1852 1240/1936/1853
f 508/1935/913 1240/1936/1853 1241/1937/1854
f 1241/1937/1854 1240/1936/1853 1247/1938/1855
f 1241/1937/1854 1247/1938/1855 1248/1939/1856
f 1248/1939/1856 1247/1938/1855 1254/1940/1857
f 1248/1939/1856 1254/1940/1857 1255/1941/1858
f 1255/1941/1858 1254/1940/1857 1261/1942/1859
f 1255/1941/1858 1261/1942/1859 1262/1943/1860
f 1262/1943/1860 1261/1942/1859 1268/1944/1861
f 1262/1943/1860 1268/1944/1861 1234/1945/1862
f 1234/1945/1862 1268/1944/1861 1184/1946/1863
f 1184/1946/1863 1268/1944/1861 1267/1947/1864
f 1184/1946/1863 1267/1947/1864 1266/1948/1865
f 1266/1948/1865 1267/1947/1864 1260/1949/1866
f 1266/1948/1865 1260/1949/1866 1259/1950/1867
f 1259/1950/1867 1260/1949/1866 1253/1951/1868
f 1259/1950/1867 1253/1951/1868 1252/1952/1869
f 1252/1952/1869 1253/1951/1868 1246/1953/1870
f 1252/1952/1869 1246/1953/1870 1245/1954/1871
f 1245/1954/1871 1246/1953/1870 1239/1934/1852
f 1245/1954/1871 1239/1934/1852 1211/1933/1831
f 1211/1933/1831 1210/1955/1830 1245/1954/1871
f 1245/1954/1871 1210/1955/1830 1251/1956/1872
f 1245/1954/1871 1251/1956/1872 1252/1952/1869
f 1252/1952/1869 1251/1956/1872 1258/1957/1873
f 1252/1952/1869 1258/1957/1873 1259/1950/1867
f 1259/1950/1867 1258/1957/1873 1265/1958/1874
f 1259/1950/1867 1265/1958/1874 1266/1948/1865
f 1266/1948/1865 1265/1958/1874 1184/1946/1863
f 1210/1955/1830 1209/1959/1849 1251/1956/1872
f 1251/1956/1872 1209/1959/1849 1257/1960/1875
f 1251/1956/1872 1257/1960/1875 1258/1957/1873
f 1258/1957/1873 1257/1960/1875 1264/1961/1876
f 1258/1957/1873 1264/1961/1876 1265/1958/1874
f 1265/1958/1874 1264/1961/1876 1185/1962/1842
f 1265/1958/1874 1185/1962/1842 1184/1946/1863
f 1209/1959/1849 1208/1963/1847 1257/1960/1875
f 1257/1960/1875 1208/1963/1847 1263/1964/1877
f 1257/1960/1875 1263/1964/1877 1264/1961/1876
f 1264/1961/1876 1263/1964/1877 1185/1962/1842
f 1208/1963/1847 1207/1965/1843 1263/1964/1877
f 1263/1964/1877 1207/1965/1843 1185/1962/1842
f 1234/1945/1862 1235/1966/1878 1262/1943/1860
f 1262/1943/1860 1235/1966/1878 1256/1967/1879
f 1262/1943/1860 1256/1967/1879 1255/1941/1858
f 1255/1941/1858 1256/1967/1879 1249/1968/1880
f 1255/1941/1858 1249/1968/1880 1248/1939/1856
f 1248/1939/1856 1249/1968/1880 1242/1969/1881
f 1248/1939/1856 1242/1969/1881 1241/1937/1854
f 1241/1937/1854 1242/1969/1881 508/1935/913
f 1235/1966/1878 1236/1970/1882 1256/1967/1879
f 1256/1967/1879 1236/1970/1882 1250/1971/1883
f 1256/1967/1879 1250/1971/1883 1249/1968/1880
f 1249/1968/1880 1250/1971/1883 1243/1972/1884
f 1249/1968/1880 1243/1972/1884 1242/1969/1881
f 1242/1969/1881 1243/1972/1884 509/1973/914
f 1242/1969/1881 509/1973/914 508/1935/913
f 1236/1970/1882 1237/1974/1885 1250/1971/1883
f 1250/1971/1883 1237/1974/1885 1244/1975/1886
f 1250/1971/1883 1244/1975/1886 1243/1972/1884
f 1243/1972/1884 1244/1975/1886 509/1973/914
f 1237/1974/1885 1238/1976/1887 1244/1975/1886
f 1244/1975/1886 1238/1976/1887 509/1973/914
f 1247/1938/1855 1240/1936/1853 1246/1953/1870
f 1246/1953/1870 1240/1936/1853 1239/1934/1852
f 1254/1940/1857 1247/1938/1855 1253/1951/1868
f 1253/1951/1868 1247/1938/1855 1246/1953/1870
f 1261/1942/1859 1254/1940/1857 1260/1949/1866
f 1260/1949/1866 1254/1940/1857 1253/1951/1868
f 1268/1944/1861 1261/1942/1859 1267/1947/1864
f 1267/1947/1864 1261/1942/1859 1260/1949/1866
f 1183/1977/1888 1279/1978/1889 1184/1979/1863
f 1184/1979/1863 1279/1978/1889 1278/1980/1890
f 1184/1979/1863 1278/1980/1890 1234/1981/1862
f 1234/1981/1862 1278/1980/1890 1235/1982/1878
f 1235/1982/1878 1278/1980/1890 1277/1983/1891
f 1235/1982/1878 1277/1983/1891 1293/1984/1892
f 1293/1984/1892 1277/1983/1891 1276/1985/1893
f 1293/1984/1892 1276/1985/1893 1292/1986/1894
f 1292/1986/1894 1276/1985/1893 1275/1987/1895
f 1292/1986/1894 1275/1987/1895 1291/1988/1896
f 1291/1988/1896 1275/1987/1895 1274/1989/1897
f 1291/1988/1896 1274/1989/1897 1290/1990/1898
f 1290/1990/1898 1274/1989/1897 1272/1991/1899
f 1290/1990/1898 1272/1991/1899 1273/1992/1900
f 1183/1977/1888 1182/1993/1901 1279/1978/1889
f 1279/1978/1889 1182/1993/1901 1280/1994/1902
f 1279/1978/1889 1280/1994/1902 1278/1980/1890
f 1278/1980/1890 1280/1994/1902 1277/1983/1891
f 1280/1994/1902 1182/1993/1901 1284/1995/1903
f 1284/1995/1903 1182/1993/1901 1181/1996/1904
f 1284/1995/1903 1181/1996/1904 1285/1997/1905
f 1285/1997/1905 1181/1996/1904 1180/1998/1906
f 1285/1997/1905 1180/1998/1906 1286/1999/1907
f 1286/1999/1907 1180/1998/1906 1288/2000/1908
f 1286/1999/1907 1288/2000/1908 1289/2001/1909
f 1289/2001/1909 1288/2000/1908 1179/2002/1910
f 1289/2001/1909 1179/2002/1910 1178/2003/1911
f 1180/1998/1906 1179/2002/1910 1288/2000/1908
f 1178/2003/1911 1269/2004/1912 1289/2001/1909
f 1289/2001/1909 1269/2004/1912 1287/2005/1913
f 1289/2001/1909 1287/2005/1913 1286/1999/1907
f 1286/1999/1907 1287/2005/1913 1282/2006/1914
f 1286/1999/1907 1282/2006/1914 1281/2007/1915
f 1281/2007/1915 1282/2006/1914 1276/1985/1893
f 1281/2007/1915 1276/1985/1893 1277/1983/1891
f 1269/2004/1912 1270/2008/1916 1287/2005/1913
f 1287/2005/1913 1270/2008/1916 1283/2009/1917
f 1287/2005/1913 1283/2009/1917 1282/2006/1914
f 1282/2006/1914 1283/2009/1917 1275/1987/1895
f 1282/2006/1914 1275/1987/1895 1276/1985/1893
f 1270/2008/1916 1271/2010/1918 1283/2009/1917
f 1283/2009/1917 1271/2010/1918 1274/1989/1897
f 1283/2009/1917 1274/1989/1897 1275/1987/1895
f 1271/2010/1918 1272/1991/1899 1274/1989/1897
f 1290/1990/1898 1273/1992/1900 1294/2011/1919
f 1294/2011/1919 1273/1992/1900 509/2012/914
f 1294/2011/1919 509/2012/914 1238/2013/1887
f 1294/2011/1919 1238/2013/1887 1295/2014/1920
f 1295/2014/1920 1238/2013/1887 1237/2015/1885
f 1295/2014/1920 1237/2015/1885 1291/1988/1896
f 1291/1988/1896 1237/2015/1885 1292/1986/1894
f 1237/2015/1885 1236/2016/1882 1292/1986/1894
f 1292/1986/1894 1236/2016/1882 1293/1984/1892
f 1236/2016/1882 1235/1982/1878 1293/1984/1892
f 1281/2007/1915 1277/1983/1891 1280/1994/1902
f 1284/1995/1903 1285/1997/1905 1280/1994/1902
f 1280/1994/1902 1285/1997/1905 1281/2007/1915
f 1285/1997/1905 1286/1999/1907 1281/2007/1915
f 1295/2014/1920 1291/1988/1896 1290/1990/1898
f 1294/2011/1919 1295/2014/1920 1290/1990/1898
f 527/2017/924 1296/2018/1921 528/2019/891
f 528/2019/891 1296/2018/1921 1307/2020/1922
f 1307/2020/1922 1296/2018/1921 1309/2021/1923
f 1307/2020/1922 1309/2021/1923 1306/2022/1924
f 1306/2022/1924 1309/2021/1923 1311/2023/1925
f 1306/2022/1924 1311/2023/1925 1305/2024/1926
f 1305/2024/1926 1311/2023/1925 1313/2025/1927
f 1305/2024/1926 1313/2025/1927 1304/2026/1928
f 1304/2026/1928 1313/2025/1927 1315/2027/1929
f 1304/2026/1928 1315/2027/1929 1303/2028/1930
f 1303/2028/1930 1315/2027/1929 1317/2029/1931
f 1303/2028/1930 1317/2029/1931 1177/2030/1932
f 1177/2030/1932 1317/2029/1931 1316/2031/1933
f 1177/2030/1932 1316/2031/1933 1178/2032/1911
f 1178/2032/1911 1316/2031/1933 1269/2033/1912
f 1269/2033/1912 1316/2031/1933 1270/2034/1916
f 1270/2034/1916 1316/2031/1933 1314/2035/1934
f 1270/2034/1916 1314/2035/1934 1271/2036/1918
f 1271/2036/1918 1314/2035/1934 1312/2037/1935
f 1271/2036/1918 1312/2037/1935 1272/2038/1899
f 1272/2038/1899 1312/2037/1935 1310/2039/1936
f 1272/2038/1899 1310/2039/1936 1299/2040/1937
f 1299/2040/1937 1310/2039/1936 1308/2041/1938
f 1299/2040/1937 1308/2041/1938 1298/2042/1939
f 1298/2042/1939 1308/2041/1938 1297/2043/1940
f 1297/2043/1940 1308/2041/1938 1296/2018/1921
f 1296/2018/1921 1308/2041/1938 1309/2021/1923
f 1272/2038/1899 1299/2040/1937 1273/2044/1900
f 1273/2044/1900 1299/2040/1937 1300/2045/1941
f 1273/2044/1900 1300/2045/1941 1301/2046/1942
f 1301/2046/1942 1302/2047/1943 1273/2044/1900
f 1273/2044/1900 1302/2047/1943 509/2048/914
f 509/2048/914 1302/2047/1943 510/2049/918
f 1311/2023/1925 1309/2021/1923 1308/2041/1938
f 1313/2025/1927 1311/2023/1925 1310/2039/1936
f 1310/2039/1936 1311/2023/1925 1308/2041/1938
f 1313/2025/1927 1310/2039/1936 1312/2037/1935
f 1315/2027/1929 1313/2025/1927 1312/2037/1935
f 1315/2027/1929 1312/2037/1935 1314/2035/1934
f 1317/2029/1931 1315/2027/1929 1314/2035/1934
f 1317/2029/1931 1314/2035/1934 1316/2031/1933
f 691/2050/1944 1332/2051/1945 692/2052/1946
f 692/2052/1946 1332/2051/1945 1324/2053/1947
f 692/2052/1946 1324/2053/1947 1325/2054/1948
f 1325/2054/1948 1324/2053/1947 1341/2055/1949
f 1325/2054/1948 1341/2055/1949 1342/2056/1950
f 1342/2056/1950 1341/2055/1949 1304/2057/1951
f 1342/2056/1950 1304/2057/1951 1343/2058/1952
f 1343/2058/1952 1304/2057/1951 1303/2059/1953
f 1343/2058/1952 1303/2059/1953 1318/2060/1954
f 1318/2060/1954 1303/2059/1953 1177/2061/1932
f 1318/2060/1954 1177/2061/1932 1176/2062/1955
f 690/2063/1956 1334/2064/1957 691/2050/1944
f 691/2050/1944 1334/2064/1957 1333/2065/1958
f 691/2050/1944 1333/2065/1958 1332/2051/1945
f 1332/2051/1945 1333/2065/1958 1324/2053/1947
f 1334/2064/1957 690/2063/1956 1335/2066/1959
f 1335/2066/1959 690/2063/1956 689/2067/1960
f 1335/2066/1959 689/2067/1960 688/2068/1961
f 1335/2066/1959 688/2068/1961 1319/2069/1962
f 1319/2069/1962 688/2068/1961 687/2070/1963
f 1319/2069/1962 687/2070/1963 881/2071/1964
f 881/2071/1964 687/2070/1963 686/2072/1965
f 1319/2069/1962 881/2071/1964 1320/2073/1966
f 1320/2073/1966 881/2071/1964 880/2074/1967
f 1320/2073/1966 880/2074/1967 1336/2075/1968
f 1336/2075/1968 880/2074/1967 879/2076/1969
f 1336/2075/1968 879/2076/1969 528/2077/891
f 528/2077/891 1307/2078/1970 1336/2075/1968
f 1336/2075/1968 1307/2078/1970 1337/2079/1971
f 1336/2075/1968 1337/2079/1971 1320/2073/1966
f 1320/2073/1966 1337/2079/1971 1321/2080/1972
f 1320/2073/1966 1321/2080/1972 1319/2069/1962
f 1319/2069/1962 1321/2080/1972 1335/2066/1959
f 1337/2079/1971 1307/2078/1970 1338/2081/1973
f 1338/2081/1973 1307/2078/1970 1306/2082/1974
f 1338/2081/1973 1306/2082/1974 1339/2083/1975
f 1339/2083/1975 1306/2082/1974 1305/2084/1926
f 1339/2083/1975 1305/2084/1926 1340/2085/1976
f 1340/2085/1976 1305/2084/1926 1341/2055/1949
f 1340/2085/1976 1341/2055/1949 1324/2053/1947
f 1305/2084/1926 1304/2057/1951 1341/2055/1949
f 1318/2060/1954 1176/2062/1955 1328/2086/1977
f 1328/2086/1977 1176/2062/1955 1175/2087/1978
f 1328/2086/1977 1175/2087/1978 1327/2088/1979
f 1327/2088/1979 1175/2087/1978 1329/2089/1980
f 1327/2088/1979 1329/2089/1980 1330/2090/1981
f 1330/2090/1981 1329/2089/1980 1174/2091/1982
f 1330/2090/1981 1174/2091/1982 783/2092/1983
f 1175/2087/1978 1174/2091/1982 1329/2089/1980
f 783/2092/1983 787/2093/1984 1330/2090/1981
f 1330/2090/1981 787/2093/1984 1331/2094/1985
f 1330/2090/1981 1331/2094/1985 1326/2095/1986
f 1326/2095/1986 1331/2094/1985 1325/2054/1948
f 1326/2095/1986 1325/2054/1948 1342/2056/1950
f 787/2093/1984 692/2052/1946 1331/2094/1985
f 1331/2094/1985 692/2052/1946 1325/2054/1948
f 1334/2064/1957 1335/2066/1959 1322/2096/1987
f 1322/2096/1987 1335/2066/1959 1321/2080/1972
f 1322/2096/1987 1321/2080/1972 1338/2081/1973
f 1338/2081/1973 1321/2080/1972 1337/2079/1971
f 1333/2065/1958 1334/2064/1957 1323/2097/1988
f 1323/2097/1988 1334/2064/1957 1322/2096/1987
f 1323/2097/1988 1322/2096/1987 1339/2083/1975
f 1339/2083/1975 1322/2096/1987 1338/2081/1973
f 1340/2085/1976 1324/2053/1947 1323/2097/1988
f 1323/2097/1988 1324/2053/1947 1333/2065/1958
f 1340/2085/1976 1323/2097/1988 1339/2083/1975
f 1330/2090/1981 1326/2095/1986 1327/2088/1979
f 1327/2088/1979 1326/2095/1986 1343/2058/1952
f 1327/2088/1979 1343/2058/1952 1318/2060/1954
f 1343/2058/1952 1326/2095/1986 1342/2056/1950
f 1318/2060/1954 1328/2086/1977 1327/2088/1979
f 1302/2098/1989 935/2099/1990 510/2100/1991
f 510/2100/1991 935/2099/1990 934/2101/1992
f 510/2100/1991 934/2101/1992 511/2102/1993
f 511/2102/1993 934/2101/1992 933/2103/1994
f 511/2102/1993 933/2103/1994 512/2104/1995
f 512/2104/1995 933/2103/1994 932/2105/1996
f 512/2104/1995 932/2105/1996 513/2106/1997
f 513/2106/1997 932/2105/1996 931/2107/1998
f 513/2106/1997 931/2107/1998 514/2108/1999
f 514/2108/1999 931/2107/1998 930/2109/2000
f 514/2108/1999 930/2109/2000 515/2110/2001
f 515/2110/2001 930/2109/2000 929/2111/2002
f 515/2110/2001 929/2111/2002 516/2112/2003
f 516/2112/2003 929/2111/2002 928/2113/2004
f 516/2112/2003 928/2113/2004 517/2114/2005
f 517/2114/2005 928/2113/2004 927/2115/2006
f 517/2114/2005 927/2115/2006 518/2116/2007
f 518/2116/2007 927/2115/2006 926/2117/2008
f 518/2116/2007 926/2117/2008 519/2118/2009
f 519/2119/2009 926/2120/2008 949/2121/2010
f 519/2119/2009 949/2121/2010 520/2122/2011
f 520/2122/2011 949/2121/2010 948/2123/2012
f 520/2122/2011 948/2123/2012 521/2124/2013
f 521/2124/2013 948/2123/2012 947/2125/2014
f 521/2124/2013 947/2125/2014 522/2126/2015
f 522/2126/2015 947/2125/2014 946/2127/2016
f 522/2126/2015 946/2127/2016 523/2128/2017
f 523/2128/2017 946/2127/2016 945/2129/2018
f 523/2128/2017 945/2129/2018 524/2130/2019
f 524/2130/2019 945/2129/2018 944/2131/2020
f 524/2130/2019 944/2131/2020 525/2132/2021
f 525/2132/2021 944/2131/2020 943/2133/2022
f 525/2132/2021 943/2133/2022 526/2134/2023
f 526/2134/2023 943/2133/2022 942/2135/2024
f 526/2134/2023 942/2135/2024 527/2136/2025
f 527/2136/2025 942/2135/2024 941/2137/2026
f 527/2136/2025 941/2137/2026 1296/2138/2027
f 1296/2138/2027 941/2137/2026 940/2139/2028
f 1296/2138/2027 940/2139/2028 1297/2140/2029
f 1297/2140/2029 940/2139/2028 939/2141/2030
f 1297/2140/2029 939/2141/2030 1298/2142/2031
f 1298/2142/2031 939/2141/2030 938/2143/2032
f 1298/2142/2031 938/2143/2032 1299/2144/2033
f 1299/2144/2033 938/2143/2032 1300/2145/2034
f 1300/2145/2034 938/2143/2032 937/2146/2035
f 1300/2145/2034 937/2146/2035 1301/2147/2036
f 1301/2147/2036 937/2146/2035 936/2148/2037
f 1301/2147/2036 936/2148/2037 1302/2098/1989
f 1302/2098/1989 936/2148/2037 935/2099/1990
f 834/2149/2038 833/2150/2039 561/2151/2040
f 561/2151/2040 833/2150/2039 832/2152/2041
f 561/2151/2040 832/2152/2041 1111/2153/2042
f 1111/2153/2042 1110/2154/2043 561/2151/2040
f 561/2151/2040 1110/2154/2043 562/2155/2044
f 832/2156/2041 831/2157/2045 1111/2158/2042
f 1111/2158/2042 831/2157/2045 1112/2159/2046
f 1112/2159/2046 831/2157/2045 830/2160/2047
f 1112/2159/2046 830/2160/2047 1113/2161/2048
f 1113/2161/2048 830/2160/2047 829/2162/2049
f 1113/2161/2048 829/2162/2049 1114/2163/2050
f 1114/2163/2050 829/2162/2049 828/2164/2051
f 1114/2163/2050 828/2164/2051 827/2165/2052
f 1114/2163/2050 827/2165/2052 1115/2166/2053
f 1115/2166/2053 827/2165/2052 826/2167/2054
f 1115/2166/2053 826/2167/2054 1116/2168/2055
f 1116/2168/2055 826/2167/2054 825/2169/2056
f 1116/2168/2055 825/2169/2056 1117/2170/2057
f 1117/2170/2057 825/2169/2056 824/2171/2058
f 824/2172/2058 823/2173/2059 1117/2174/2057
f 1117/2174/2057 823/2173/2059 1090/2175/2060
f 823/2176/2059 822/2177/2061 1090/2178/2060
f 1090/2178/2060 822/2177/2061 1091/2179/2062
f 1091/2179/2062 822/2177/2061 821/2180/2063
f 1091/2179/2062 821/2180/2063 1092/2181/2064
f 1092/2181/2064 821/2180/2063 820/2182/2065
f 1092/2181/2064 820/2182/2065 1093/2183/2066
f 1093/2183/2066 820/2182/2065 819/2184/2067
f 1093/2183/2066 819/2184/2067 818/2185/2068
f 1093/2183/2066 818/2185/2068 1094/2186/2069
f 1094/2186/2069 818/2185/2068 817/2187/2070
f 1094/2186/2069 817/2187/2070 1095/2188/2071
f 1095/2188/2071 817/2187/2070 816/2189/2072
f 1095/2188/2071 816/2189/2072 1096/2190/2073
f 1096/2190/2073 816/2189/2072 815/2191/2074
f 1096/2192/2073 815/2193/2074 576/2194/2075
f 576/2194/2075 815/2193/2074 814/2195/2076
f 576/2194/2075 814/2195/2076 813/2196/2077
f 575/2197/2078 1097/2198/2079 576/2194/2075
f 576/2194/2075 1097/2198/2079 1096/2192/2073
f 812/2199/2080 811/2200/2081 577/2201/2082
f 577/2201/2082 811/2200/2081 810/2202/2083
f 577/2201/2082 810/2202/2083 1027/2203/2084
f 1027/2203/2084 1026/2204/2085 577/2201/2082
f 577/2201/2082 1026/2204/2085 578/2205/2086
f 810/2206/2083 809/2207/2087 1027/2208/2084
f 1027/2208/2084 809/2207/2087 1028/2209/2088
f 1028/2209/2088 809/2207/2087 808/2210/2089
f 1028/2209/2088 808/2210/2089 1029/2211/2090
f 1029/2211/2090 808/2210/2089 807/2212/2091
f 1029/2211/2090 807/2212/2091 1030/2213/2092
f 1030/2213/2092 807/2212/2091 806/2214/2093
f 1030/2213/2092 806/2214/2093 805/2215/2094
f 1030/2213/2092 805/2215/2094 1031/2216/2095
f 1031/2216/2095 805/2215/2094 804/2217/2096
f 1031/2216/2095 804/2217/2096 1032/2218/2097
f 1032/2218/2097 804/2217/2096 803/2219/2098
f 1032/2218/2097 803/2219/2098 1033/2220/2099
f 1033/2220/2099 803/2219/2098 802/2221/2100
f 802/2222/2100 801/2223/2101 1033/2224/2099
f 1033/2224/2099 801/2223/2101 1006/2225/2102
f 801/2226/2101 800/2227/2103 1006/2228/2102
f 1006/2228/2102 800/2227/2103 1007/2229/2104
f 1007/2229/2104 800/2227/2103 799/2230/2105
f 1007/2229/2104 799/2230/2105 1008/2231/2106
f 1008/2231/2106 799/2230/2105 798/2232/2107
f 1008/2231/2106 798/2232/2107 1009/2233/2108
f 1009/2233/2108 798/2232/2107 797/2234/2109
f 1009/2233/2108 797/2234/2109 796/2235/2110
f 1009/2233/2108 796/2235/2110 1010/2236/2111
f 1010/2236/2111 796/2235/2110 795/2237/2112
f 1010/2236/2111 795/2237/2112 1011/2238/2113
f 1011/2238/2113 795/2237/2112 794/2239/2114
f 1011/2238/2113 794/2239/2114 1012/2240/2115
f 1012/2240/2115 794/2239/2114 793/2241/2116
f 1012/2242/2115 793/2243/2116 592/2244/2117
f 592/2244/2117 793/2243/2116 792/2245/2118
f 592/2244/2117 792/2245/2118 791/2246/2119
f 591/2247/2120 1013/2248/2121 592/2244/2117
f 592/2244/2117 1013/2248/2121 1012/2242/2115
f 1153/2249/2122 1152/2250/2123 423/2251/2124
f 423/2251/2124 1152/2250/2123 396/2252/2125
f 417/2253/2126 1159/2254/2127 418/2255/2128
f 418/2255/2128 1159/2254/2127 1158/2256/2129
f 418/2255/2128 1158/2256/2129 419/2257/2130
f 419/2257/2130 1158/2256/2129 1157/2258/2131
f 419/2257/2130 1157/2258/2131 420/2259/2132
f 420/2259/2132 1157/2258/2131 1156/2260/2133
f 420/2259/2132 1156/2260/2133 421/2261/2134
f 421/2261/2134 1156/2260/2133 1155/2262/2135
f 421/2261/2134 1155/2262/2135 422/2263/2136
f 422/2263/2136 1155/2262/2135 1154/2264/2137
f 422/2263/2136 1154/2264/2137 423/2265/2124
f 423/2265/2124 1154/2264/2137 1153/2266/2122
f 1160/2267/2138 1159/2268/2127 416/2269/2139
f 416/2269/2139 1159/2268/2127 417/2270/2126
f 410/2271/2140 1166/2272/2141 411/2273/2142
f 411/2273/2142 1166/2272/2141 1165/2274/2143
f 411/2273/2142 1165/2274/2143 412/2275/2144
f 412/2275/2144 1165/2274/2143 1164/2276/2145
f 412/2275/2144 1164/2276/2145 413/2277/2146
f 413/2277/2146 1164/2276/2145 1163/2278/2147
f 413/2277/2146 1163/2278/2147 414/2279/2148
f 414/2279/2148 1163/2278/2147 1162/2280/2149
f 414/2279/2148 1162/2280/2149 415/2281/2150
f 415/2281/2150 1162/2280/2149 1161/2282/2151
f 415/2281/2150 1161/2282/2151 416/2283/2139
f 416/2283/2139 1161/2282/2151 1160/2284/2138
f 1167/2285/2152 1166/2286/2141 409/2287/2153
f 409/2287/2153 1166/2286/2141 410/2288/2140
f 403/2289/2154 1173/2290/2155 404/2291/2156
f 404/2291/2156 1173/2290/2155 1172/2292/2157
f 404/2291/2156 1172/2292/2157 405/2293/2158
f 405/2293/2158 1172/2292/2157 1171/2294/2159
f 405/2293/2158 1171/2294/2159 406/2295/2160
f 406/2295/2160 1171/2294/2159 1170/2296/2161
f 406/2295/2160 1170/2296/2161 407/2297/2162
f 407/2297/2162 1170/2296/2161 1169/2298/2163
f 407/2297/2162 1169/2298/2163 408/2299/2164
f 408/2299/2164 1169/2298/2163 1168/2300/2165
f 408/2299/2164 1168/2300/2165 409/2301/2153
f 409/2301/2153 1168/2300/2165 1167/2302/2152
f 1146/2303/2166 1173/2304/2155 402/2305/2167
f 402/2305/2167 1173/2304/2155 403/2306/2154
f 396/2307/2125 1152/2308/2123 397/2309/2168
f 397/2309/2168 1152/2308/2123 1151/2310/2169
f 397/2309/2168 1151/2310/2169 398/2311/2170
f 398/2311/2170 1151/2310/2169 1150/2312/2171
f 398/2311/2170 1150/2312/2171 399/2313/2172
f 399/2313/2172 1150/2312/2171 1149/2314/2173
f 399/2313/2172 1149/2314/2173 400/2315/2174
f 400/2315/2174 1149/2314/2173 1148/2316/2175
f 400/2315/2174 1148/2316/2175 401/2317/2176
f 401/2317/2176 1148/2316/2175 1147/2318/2177
f 401/2317/2176 1147/2318/2177 402/2319/2167
f 402/2319/2167 1147/2318/2177 1146/2320/2166
f 1124/2321/2178 859/2322/2179 544/2323/2180
f 544/2323/2180 859/2322/2179 858/2324/2181
f 544/2323/2180 858/2324/2181 857/2325/2182
f 543/2326/2183 1125/2327/2184 544/2323/2180
f 544/2323/2180 1125/2327/2184 1124/2321/2178
f 537/2328/2185 1131/2329/2186 538/2330/2187
f 538/2330/2187 1131/2329/2186 1130/2331/2188
f 538/2330/2187 1130/2331/2188 539/2332/2189
f 539/2332/2189 1130/2331/2188 1129/2333/2190
f 539/2332/2189 1129/2333/2190 540/2334/2191
f 540/2334/2191 1129/2333/2190 1128/2335/2192
f 540/2334/2191 1128/2335/2192 541/2336/2193
f 541/2336/2193 1128/2335/2192 1127/2337/2194
f 541/2336/2193 1127/2337/2194 542/2338/2195
f 542/2338/2195 1127/2337/2194 1126/2339/2196
f 542/2338/2195 1126/2339/2196 543/2340/2183
f 543/2340/2183 1126/2339/2196 1125/2341/2184
f 1132/2342/2197 1131/2343/2186 536/2344/2198
f 536/2344/2198 1131/2343/2186 537/2345/2185
f 530/2346/2199 1138/2347/2200 531/2348/2201
f 531/2348/2201 1138/2347/2200 1137/2349/2202
f 531/2348/2201 1137/2349/2202 532/2350/2203
f 532/2350/2203 1137/2349/2202 1136/2351/2204
f 532/2350/2203 1136/2351/2204 533/2352/2205
f 533/2352/2205 1136/2351/2204 1135/2353/2206
f 533/2352/2205 1135/2353/2206 534/2354/2207
f 534/2354/2207 1135/2353/2206 1134/2355/2208
f 534/2354/2207 1134/2355/2208 535/2356/2209
f 535/2356/2209 1134/2355/2208 1133/2357/2210
f 535/2356/2209 1133/2357/2210 536/2358/2198
f 536/2358/2198 1133/2357/2210 1132/2359/2197
f 878/2360/2211 877/2361/2212 529/2362/2213
f 529/2362/2213 877/2361/2212 876/2363/2214
f 529/2362/2213 876/2363/2214 1139/2364/2215
f 1139/2364/2215 1138/2365/2200 529/2362/2213
f 529/2362/2213 1138/2365/2200 530/2366/2199
f 876/2367/2214 875/2368/2216 1139/2369/2215
f 1139/2369/2215 875/2368/2216 1140/2370/2217
f 1140/2370/2217 875/2368/2216 874/2371/2218
f 1140/2370/2217 874/2371/2218 1141/2372/2219
f 1141/2372/2219 874/2371/2218 873/2373/2220
f 1141/2372/2219 873/2373/2220 1142/2374/2221
f 1142/2374/2221 873/2373/2220 872/2375/2222
f 1142/2374/2221 872/2375/2222 871/2376/2223
f 1142/2374/2221 871/2376/2223 1143/2377/2224
f 1143/2377/2224 871/2376/2223 870/2378/2225
f 1143/2377/2224 870/2378/2225 1144/2379/2226
f 1144/2379/2226 870/2378/2225 869/2380/2227
f 1144/2379/2226 869/2380/2227 1145/2381/2228
f 1145/2381/2228 869/2380/2227 868/2382/2229
f 868/2383/2229 867/2384/2230 1145/2385/2228
f 1145/2385/2228 867/2384/2230 1118/2386/2231
f 867/2387/2230 866/2388/2232 1118/2389/2231
f 1118/2389/2231 866/2388/2232 1119/2390/2233
f 1119/2390/2233 866/2388/2232 865/2391/2234
f 1119/2390/2233 865/2391/2234 1120/2392/2235
f 1120/2392/2235 865/2391/2234 864/2393/2236
f 1120/2392/2235 864/2393/2236 1121/2394/2237
f 1121/2394/2237 864/2393/2236 863/2395/2238
f 1121/2394/2237 863/2395/2238 862/2396/2239
f 1121/2394/2237 862/2396/2239 1122/2397/2240
f 1122/2397/2240 862/2396/2239 861/2398/2241
f 1122/2397/2240 861/2398/2241 1123/2399/2242
f 1123/2399/2242 861/2398/2241 860/2400/2243
f 1123/2399/2242 860/2400/2243 1124/2401/2178
f 1124/2401/2178 860/2400/2243 859/2402/2179
f 569/2403/2244 1103/2404/2245 570/2405/2246
f 570/2405/2246 1103/2404/2245 1102/2406/2247
f 570/2405/2246 1102/2406/2247 571/2407/2248
f 571/2407/2248 1102/2406/2247 1101/2408/2249
f 571/2407/2248 1101/2408/2249 572/2409/2250
f 572/2409/2250 1101/2408/2249 1100/2410/2251
f 572/2409/2250 1100/2410/2251 573/2411/2252
f 573/2411/2252 1100/2410/2251 1099/2412/2253
f 573/2411/2252 1099/2412/2253 574/2413/2254
f 574/2413/2254 1099/2412/2253 1098/2414/2255
f 574/2413/2254 1098/2414/2255 575/2415/2078
f 575/2415/2078 1098/2414/2255 1097/2416/2079
f 1104/2417/2256 1103/2418/2245 568/2419/2257
f 568/2419/2257 1103/2418/2245 569/2420/2244
f 562/2421/2044 1110/2422/2043 563/2423/2258
f 563/2423/2258 1110/2422/2043 1109/2424/2259
f 563/2423/2258 1109/2424/2259 564/2425/2260
f 564/2425/2260 1109/2424/2259 1108/2426/2261
f 564/2425/2260 1108/2426/2261 565/2427/2262
f 565/2427/2262 1108/2426/2261 1107/2428/2263
f 565/2427/2262 1107/2428/2263 566/2429/2264
f 566/2429/2264 1107/2428/2263 1106/2430/2265
f 566/2429/2264 1106/2430/2265 567/2431/2266
f 567/2431/2266 1106/2430/2265 1105/2432/2267
f 567/2431/2266 1105/2432/2267 568/2433/2257
f 568/2433/2257 1105/2432/2267 1104/2434/2256
f 1069/2435/2268 1068/2436/2269 451/2437/2270
f 451/2437/2270 1068/2436/2269 424/2438/2271
f 445/2439/2272 1075/2440/2273 446/2441/2274
f 446/2441/2274 1075/2440/2273 1074/2442/2275
f 446/2441/2274 1074/2442/2275 447/2443/2276
f 447/2443/2276 1074/2442/2275 1073/2444/2277
f 447/2443/2276 1073/2444/2277 448/2445/2278
f 448/2445/2278 1073/2444/2277 1072/2446/2279
f 448/2445/2278 1072/2446/2279 449/2447/2280
f 449/2447/2280 1072/2446/2279 1071/2448/2281
f 449/2447/2280 1071/2448/2281 450/2449/2282
f 450/2449/2282 1071/2448/2281 1070/2450/2283
f 450/2449/2282 1070/2450/2283 451/2451/2270
f 451/2451/2270 1070/2450/2283 1069/2452/2268
f 1076/2453/2284 1075/2454/2273 444/2455/2285
f 444/2455/2285 1075/2454/2273 445/2456/2272
f 438/2457/2286 1082/2458/2287 439/2459/2288
f 439/2459/2288 1082/2458/2287 1081/2460/2289
f 439/2459/2288 1081/2460/2289 440/2461/2290
f 440/2461/2290 1081/2460/2289 1080/2462/2291
f 440/2461/2290 1080/2462/2291 441/2463/2292
f 441/2463/2292 1080/2462/2291 1079/2464/2293
f 441/2463/2292 1079/2464/2293 442/2465/2294
f 442/2465/2294 1079/2464/2293 1078/2466/2295
f 442/2465/2294 1078/2466/2295 443/2467/2296
f 443/2467/2296 1078/2466/2295 1077/2468/2297
f 443/2467/2296 1077/2468/2297 444/2469/2285
f 444/2469/2285 1077/2468/2297 1076/2470/2284
f 1083/2471/2298 1082/2472/2287 437/2473/2299
f 437/2473/2299 1082/2472/2287 438/2474/2286
f 431/2475/2300 1089/2476/2301 432/2477/2302
f 432/2477/2302 1089/2476/2301 1088/2478/2303
f 432/2477/2302 1088/2478/2303 433/2479/2304
f 433/2479/2304 1088/2478/2303 1087/2480/2305
f 433/2479/2304 1087/2480/2305 434/2481/2306
f 434/2481/2306 1087/2480/2305 1086/2482/2307
f 434/2481/2306 1086/2482/2307 435/2483/2308
f 435/2483/2308 1086/2482/2307 1085/2484/2309
f 435/2483/2308 1085/2484/2309 436/2485/2310
f 436/2485/2310 1085/2484/2309 1084/2486/2311
f 436/2485/2310 1084/2486/2311 437/2487/2299
f 437/2487/2299 1084/2486/2311 1083/2488/2298
f 1062/2489/2312 1089/2490/2301 430/2491/2313
f 430/2491/2313 1089/2490/2301 431/2492/2300
f 424/2493/2271 1068/2494/2269 425/2495/2314
f 425/2495/2314 1068/2494/2269 1067/2496/2315
f 425/2495/2314 1067/2496/2315 426/2497/2316
f 426/2497/2316 1067/2496/2315 1066/2498/2317
f 426/2497/2316 1066/2498/2317 427/2499/2318
f 427/2499/2318 1066/2498/2317 1065/2500/2319
f 427/2499/2318 1065/2500/2319 428/2501/2320
f 428/2501/2320 1065/2500/2319 1064/2502/2321
f 428/2501/2320 1064/2502/2321 429/2503/2322
f 429/2503/2322 1064/2502/2321 1063/2504/2323
f 429/2503/2322 1063/2504/2323 430/2505/2313
f 430/2505/2313 1063/2504/2323 1062/2506/2312
f 1041/2507/2324 1040/2508/2325 479/2509/2326
f 479/2509/2326 1040/2508/2325 452/2510/2327
f 473/2511/2328 1047/2512/2329 474/2513/2330
f 474/2513/2330 1047/2512/2329 1046/2514/2331
f 474/2513/2330 1046/2514/2331 475/2515/2332
f 475/2515/2332 1046/2514/2331 1045/2516/2333
f 475/2515/2332 1045/2516/2333 476/2517/2334
f 476/2517/2334 1045/2516/2333 1044/2518/2335
f 476/2517/2334 1044/2518/2335 477/2519/2336
f 477/2519/2336 1044/2518/2335 1043/2520/2337
f 477/2519/2336 1043/2520/2337 478/2521/2338
f 478/2521/2338 1043/2520/2337 1042/2522/2339
f 478/2521/2338 1042/2522/2339 479/2523/2326
f 479/2523/2326 1042/2522/2339 1041/2524/2324
f 1048/2525/2340 1047/2526/2329 472/2527/2341
f 472/2527/2341 1047/2526/2329 473/2528/2328
f 466/2529/2342 1054/2530/2343 467/2531/2344
f 467/2531/2344 1054/2530/2343 1053/2532/2345
f 467/2531/2344 1053/2532/2345 468/2533/2346
f 468/2533/2346 1053/2532/2345 1052/2534/2347
f 468/2533/2346 1052/2534/2347 469/2535/2348
f 469/2535/2348 1052/2534/2347 1051/2536/2349
f 469/2535/2348 1051/2536/2349 470/2537/2350
f 470/2537/2350 1051/2536/2349 1050/2538/2351
f 470/2537/2350 1050/2538/2351 471/2539/2352
f 471/2539/2352 1050/2538/2351 1049/2540/2353
f 471/2539/2352 1049/2540/2353 472/2541/2341
f 472/2541/2341 1049/2540/2353 1048/2542/2340
f 1055/2543/2354 1054/2544/2343 465/2545/2355
f 465/2545/2355 1054/2544/2343 466/2546/2342
f 459/2547/2356 1061/2548/2357 460/2549/2358
f 460/2549/2358 1061/2548/2357 1060/2550/2359
f 460/2549/2358 1060/2550/2359 461/2551/2360
f 461/2551/2360 1060/2550/2359 1059/2552/2361
f 461/2551/2360 1059/2552/2361 462/2553/2362
f 462/2553/2362 1059/2552/2361 1058/2554/2363
f 462/2553/2362 1058/2554/2363 463/2555/2364
f 463/2555/2364 1058/2554/2363 1057/2556/2365
f 463/2555/2364 1057/2556/2365 464/2557/2366
f 464/2557/2366 1057/2556/2365 1056/2558/2367
f 464/2557/2366 1056/2558/2367 465/2559/2355
f 465/2559/2355 1056/2558/2367 1055/2560/2354
f 1034/2561/2368 1061/2562/2357 458/2563/2369
f 458/2563/2369 1061/2562/2357 459/2564/2356
f 452/2565/2327 1040/2566/2325 453/2567/2370
f 453/2567/2370 1040/2566/2325 1039/2568/2371
f 453/2567/2370 1039/2568/2371 454/2569/2372
f 454/2569/2372 1039/2568/2371 1038/2570/2373
f 454/2569/2372 1038/2570/2373 455/2571/2374
f 455/2571/2374 1038/2570/2373 1037/2572/2375
f 455/2571/2374 1037/2572/2375 456/2573/2376
f 456/2573/2376 1037/2572/2375 1036/2574/2377
f 456/2573/2376 1036/2574/2377 457/2575/2378
f 457/2575/2378 1036/2574/2377 1035/2576/2379
f 457/2575/2378 1035/2576/2379 458/2577/2369
f 458/2577/2369 1035/2576/2379 1034/2578/2368
f 585/2579/2380 1019/2580/2381 586/2581/2382
f 586/2581/2382 1019/2580/2381 1018/2582/2383
f 586/2581/2382 1018/2582/2383 587/2583/2384
f 587/2583/2384 1018/2582/2383 1017/2584/2385
f 587/2583/2384 1017/2584/2385 588/2585/2386
f 588/2585/2386 1017/2584/2385 1016/2586/2387
f 588/2585/2386 1016/2586/2387 589/2587/2388
f 589/2587/2388 1016/2586/2387 1015/2588/2389
f 589/2587/2388 1015/2588/2389 590/2589/2390
f 590/2589/2390 1015/2588/2389 1014/2590/2391
f 590/2589/2390 1014/2590/2391 591/2591/2120
f 591/2591/2120 1014/2590/2391 1013/2592/2121
f 1020/2593/2392 1019/2594/2381 584/2595/2393
f 584/2595/2393 1019/2594/2381 585/2596/2380
f 578/2597/2086 1026/2598/2085 579/2599/2394
f 579/2599/2394 1026/2598/2085 1025/2600/2395
f 579/2599/2394 1025/2600/2395 580/2601/2396
f 580/2601/2396 1025/2600/2395 1024/2602/2397
f 580/2601/2396 1024/2602/2397 581/2603/2398
f 581/2603/2398 1024/2602/2397 1023/2604/2399
f 581/2603/2398 1023/2604/2399 582/2605/2400
f 582/2605/2400 1023/2604/2399 1022/2606/2401
f 582/2605/2400 1022/2606/2401 583/2607/2402
f 583/2607/2402 1022/2606/2401 1021/2608/2403
f 583/2607/2402 1021/2608/2403 584/2609/2393
f 584/2609/2393 1021/2608/2403 1020/2610/2392
f 984/2611/2404 837/2612/2405 560/2613/2406
f 560/2613/2406 837/2612/2405 836/2614/2407
f 560/2613/2406 836/2614/2407 835/2615/2408
f 559/2616/2409 985/2617/2410 560/2613/2406
f 560/2613/2406 985/2617/2410 984/2611/2404
f 553/2618/2411 991/2619/2412 554/2620/2413
f 554/2620/2413 991/2619/2412 990/2621/2414
f 554/2620/2413 990/2621/2414 555/2622/2415
f 555/2622/2415 990/2621/2414 989/2623/2416
f 555/2622/2415 989/2623/2416 556/2624/2417
f 556/2624/2417 989/2623/2416 988/2625/2418
f 556/2624/2417 988/2625/2418 557/2626/2419
f 557/2626/2419 988/2625/2418 987/2627/2420
f 557/2626/2419 987/2627/2420 558/2628/2421
f 558/2628/2421 987/2627/2420 986/2629/2422
f 558/2628/2421 986/2629/2422 559/2630/2409
f 559/2630/2409 986/2629/2422 985/2631/2410
f 992/2632/2423 991/2633/2412 552/2634/2424
f 552/2634/2424 991/2633/2412 553/2635/2411
f 546/2636/2425 998/2637/2426 547/2638/2427
f 547/2638/2427 998/2637/2426 997/2639/2428
f 547/2638/2427 997/2639/2428 548/2640/2429
f 548/2640/2429 997/2639/2428 996/2641/2430
f 548/2640/2429 996/2641/2430 549/2642/2431
f 549/2642/2431 996/2641/2430 995/2643/2432
f 549/2642/2431 995/2643/2432 550/2644/2433
f 550/2644/2433 995/2643/2432 994/2645/2434
f 550/2644/2433 994/2645/2434 551/2646/2435
f 551/2646/2435 994/2645/2434 993/2647/2436
f 551/2646/2435 993/2647/2436 552/2648/2424
f 552/2648/2424 993/2647/2436 992/2649/2423
f 856/2650/2437 855/2651/2438 545/2652/2439
f 545/2652/2439 855/2651/2438 854/2653/2440
f 545/2652/2439 854/2653/2440 999/2654/2441
f 999/2654/2441 998/2655/2426 545/2652/2439
f 545/2652/2439 998/2655/2426 546/2656/2425
f 854/2657/2440 853/2658/2442 999/2659/2441
f 999/2659/2441 853/2658/2442 1000/2660/2443
f 1000/2660/2443 853/2658/2442 852/2661/2444
f 1000/2660/2443 852/2661/2444 1001/2662/2445
f 1001/2662/2445 852/2661/2444 851/2663/2446
f 1001/2662/2445 851/2663/2446 1002/2664/2447
f 1002/2664/2447 851/2663/2446 850/2665/2448
f 1002/2664/2447 850/2665/2448 849/2666/2449
f 1002/2664/2447 849/2666/2449 1003/2667/2450
f 1003/2667/2450 849/2666/2449 848/2668/2451
f 1003/2667/2450 848/2668/2451 1004/2669/2452
f 1004/2669/2452 848/2668/2451 847/2670/2453
f 1004/2669/2452 847/2670/2453 1005/2671/2454
f 1005/2671/2454 847/2670/2453 846/2672/2455
f 846/2673/2455 845/2674/2456 1005/2675/2454
f 1005/2675/2454 845/2674/2456 978/2676/2457
f 845/2677/2456 844/2678/2458 978/2679/2457
f 978/2679/2457 844/2678/2458 979/2680/2459
f 979/2680/2459 844/2678/2458 843/2681/2460
f 979/2680/2459 843/2681/2460 980/2682/2461
f 980/2682/2461 843/2681/2460 842/2683/2462
f 980/2682/2461 842/2683/2462 981/2684/2463
f 981/2684/2463 842/2683/2462 841/2685/2464
f 981/2684/2463 841/2685/2464 840/2686/2465
f 981/2684/2463 840/2686/2465 982/2687/2466
f 982/2687/2466 840/2686/2465 839/2688/2467
f 982/2687/2466 839/2688/2467 983/2689/2468
f 983/2689/2468 839/2688/2467 838/2690/2469
f 983/2689/2468 838/2690/2469 984/2691/2404
f 984/2691/2404 838/2690/2469 837/2692/2405
f 957/2693/2470 956/2694/2471 507/2695/2472
f 507/2695/2472 956/2694/2471 480/2696/2473
f 501/2697/2474 963/2698/2475 502/2699/2476
f 502/2699/2476 963/2698/2475 962/2700/2477
f 502/2699/2476 962/2700/2477 503/2701/2478
f 503/2701/2478 962/2700/2477 961/2702/2479
f 503/2701/2478 961/2702/2479 504/2703/2480
f 504/2703/2480 961/2702/2479 960/2704/2481
f 504/2703/2480 960/2704/2481 505/2705/2482
f 505/2705/2482 960/2704/2481 959/2706/2483
f 505/2705/2482 959/2706/2483 506/2707/2484
f 506/2707/2484 959/2706/2483 958/2708/2485
f 506/2707/2484 958/2708/2485 507/2709/2472
f 507/2709/2472 958/2708/2485 957/2710/2470
f 964/2711/2486 963/2712/2475 500/2713/2487
f 500/2713/2487 963/2712/2475 501/2714/2474
f 494/2715/2488 970/2716/2489 495/2717/2490
f 495/2717/2490 970/2716/2489 969/2718/2491
f 495/2717/2490 969/2718/2491 496/2719/2492
f 496/2719/2492 969/2718/2491 968/2720/2493
f 496/2719/2492 968/2720/2493 497/2721/2494
f 497/2721/2494 968/2720/2493 967/2722/2495
f 497/2721/2494 967/2722/2495 498/2723/2496
f 498/2723/2496 967/2722/2495 966/2724/2497
f 498/2723/2496 966/2724/2497 499/2725/2498
f 499/2725/2498 966/2724/2497 965/2726/2499
f 499/2725/2498 965/2726/2499 500/2727/2487
f 500/2727/2487 965/2726/2499 964/2728/2486
f 971/2729/2500 970/2730/2489 493/2731/2501
f 493/2731/2501 970/2730/2489 494/2732/2488
f 487/2733/2502 977/2734/2503 488/2735/2504
f 488/2735/2504 977/2734/2503 976/2736/2505
f 488/2735/2504 976/2736/2505 489/2737/2506
f 489/2737/2506 976/2736/2505 975/2738/2507
f 489/2737/2506 975/2738/2507 490/2739/2508
f 490/2739/2508 975/2738/2507 974/2740/2509
f 490/2739/2508 974/2740/2509 491/2741/2510
f 491/2741/2510 974/2740/2509 973/2742/2511
f 491/2741/2510 973/2742/2511 492/2743/2512
f 492/2743/2512 973/2742/2511 972/2744/2513
f 492/2743/2512 972/2744/2513 493/2745/2501
f 493/2745/2501 972/2744/2513 971/2746/2500
f 950/2747/2514 977/2748/2503 486/2749/2515
f 486/2749/2515 977/2748/2503 487/2750/2502
f 480/2751/2473 956/2752/2471 481/2753/2516
f 481/2753/2516 956/2752/2471 955/2754/2517
f 481/2753/2516 955/2754/2517 482/2755/2518
f 482/2755/2518 955/2754/2517 954/2756/2519
f 482/2755/2518 954/2756/2519 483/2757/2520
f 483/2757/2520 954/2756/2519 953/2758/2521
f 483/2757/2520 953/2758/2521 484/2759/2522
f 484/2759/2522 953/2758/2521 952/2760/2523
f 484/2759/2522 952/2760/2523 485/2761/2524
f 485/2761/2524 952/2760/2523 951/2762/2525
f 485/2761/2524 951/2762/2525 486/2763/2515
f 486/2763/2515 951/2762/2525 950/2764/2514
# 1343 vertices
# 2764 texture params
# 2525 normals
# 2754 facets

# 2 groups
